Year,Month,Country_Clean,Tourist_Arrivals
2018,1,AFGHANISTAN,83
2018,1,ALBANIA,14
2018,1,ALGERIA,38
2018,1,ANDORRA,4
2018,1,ANGOLA,0
2018,1,ANTIGUA AND BARBUDA,1
2018,1,ARGENTINA,236
2018,1,ARMENIA,180
2018,1,AUSTRALIA,9452
2018,1,AUSTRIA,2833
2018,1,AZERBAIJAN,78
2018,1,BAHAMAS,1
2018,1,BAHRAIN,588
2018,1,BANGLADESH,982
2018,1,BARBADOS,4
2018,1,BELARUS,802
2018,1,BELGIUM,1275
2018,1,BELIZE,2
2018,1,BENIN,1
2018,1,BHUTAN,110
2018,1,BOLIVIA,6
2018,1,BOSNIA AND HERZEGOVINA,20
2018,1,BOTSWANA,9
2018,1,BRAZIL,226
2018,1,BRUNEI,4
2018,1,BULGARIA,277
2018,1,BURKINA FASO,2
2018,1,BURUNDI,1
2018,1,CAMBODIA,85
2018,1,CAMEROON,2
2018,1,CANADA,5682
2018,1,CAPE VERDE,1
2018,1,CENTRAL AFRICAN,0
2018,1,CHAD,0
2018,1,CHILE,99
2018,1,CHINA,24275
2018,1,COLOMBIA,52
2018,1,COMOROS,8
2018,1,COSTA RICA,9
2018,1,COTE D IVOIRE,1
2018,1,CROATIA,481
2018,1,CUBA,3
2018,1,CYPRUS,55
2018,1,CZECHIA,2257
2018,1,DEMOCRATIC REPUBLIC OF THE CONGO,1
2018,1,DENMARK,3013
2018,1,DJIBOUTI,1
2018,1,DOMINICA,4
2018,1,DOMINICAN REPUBLIC,4
2018,1,ECUADOR,7
2018,1,EGYPT,433
2018,1,EL SALVADOR,7
2018,1,ERITREA,8
2018,1,ESTONIA,435
2018,1,ETHIOPIA,18
2018,1,FIJI,19
2018,1,FINLAND,1854
2018,1,FRANCE,12221
2018,1,GABON,0
2018,1,GAMBIA,1
2018,1,GEORGIA,85
2018,1,GERMANY,15298
2018,1,GHANA,9
2018,1,GREECE,644
2018,1,GRENADA,1
2018,1,GUATEMALA,9
2018,1,GUINEA- BISSAU,1
2018,1,GUYANA,0
2018,1,HAITI,1
2018,1,HONDURAS,9
2018,1,HONG KONG,2
2018,1,HUNGARY,894
2018,1,ICELAND,51
2018,1,INDIA,37936
2018,1,INDONESIA,535
2018,1,IRAN,507
2018,1,IRAQ,81
2018,1,IRELAND,975
2018,1,ISRAEL,1321
2018,1,ITALY,5348
2018,1,JAMAICA,9
2018,1,JAPAN,4694
2018,1,JORDAN,366
2018,1,KAZAKHSTAN,674
2018,1,KENYA,64
2018,1,KIRIBATI,1
2018,1,KOSOVO,0
2018,1,KUWAIT,545
2018,1,KYRGYZSTAN,109
2018,1,LAOS,9
2018,1,LATVIA,268
2018,1,LEBANON,358
2018,1,LESOTHO,0
2018,1,LIBERIA,0
2018,1,LIBYA,7
2018,1,LIECHTENSTEIN,5
2018,1,LITHUANIA,382
2018,1,LUXEMBOURG,87
2018,1,MADAGASCAR,5
2018,1,MALAWI,5
2018,1,MALAYSIA,1735
2018,1,MALDIVES,6124
2018,1,MALI,2
2018,1,MALTA,47
2018,1,MARSHALL ISLANDS,0
2018,1,MAURITANIA,1
2018,1,MAURITIUS,56
2018,1,MEXICO,84
2018,1,MICRONESIA,0
2018,1,MOLDOVA,100
2018,1,MONACO,5
2018,1,MONGOLIA,21
2018,1,MONTENEGRO,17
2018,1,MOROCCO,86
2018,1,MOZAMBIQUE,2
2018,1,MYANMAR,372
2018,1,NAMIBIA,5
2018,1,NAURU,0
2018,1,NEPAL,566
2018,1,NETHERLAND ANTILLES,0
2018,1,NETHERLANDS,5061
2018,1,NEW ZEALAND,989
2018,1,NICARAGUA,4
2018,1,NIGER,0
2018,1,NIGERIA,44
2018,1,NORTH KOREA,0
2018,1,NORTH MACEDONIA,44
2018,1,NORWAY,1851
2018,1,OMAN,842
2018,1,PAKISTAN,2099
2018,1,PALAU,0
2018,1,PALESTINIAN TERRITORIES,114
2018,1,PANAMA,5
2018,1,PAPUA NEW GUINEA,5
2018,1,PARAGUAY,0
2018,1,PERU,27
2018,1,PHILIPPINES,1667
2018,1,POLAND,3254
2018,1,PORTUGAL,486
2018,1,QATAR,268
2018,1,REPUBLIC OF THE CONGO,0
2018,1,ROMANIA,935
2018,1,RUSSIA,11569
2018,1,RWANDA,1
2018,1,SAINT KITTS AND NEVIS,6
2018,1,SAINT LUCIA,0
2018,1,SAINT VINCENT AND THE GRENADINES,0
2018,1,SAMOA,0
2018,1,SAN MARINO,1
2018,1,SAO TOME AND PRINCIPE,0
2018,1,SAUDI ARABIA,4397
2018,1,SENEGAL,5
2018,1,SERBIA,285
2018,1,SEYCHELLES,0
2018,1,SIERRA LEONE,1
2018,1,SINGAPORE,1387
2018,1,SLOVAK,760
2018,1,SLOVENIA,380
2018,1,SOLOMAN ISLANDS,1
2018,1,SOMALIA,9
2018,1,SOUTH AFRICA,588
2018,1,SOUTH KOREA,2493
2018,1,SOUTH SUDAN,0
2018,1,SPAIN,1388
2018,1,SUDAN,59
2018,1,SURINAME,1
2018,1,SWAZILAND,0
2018,1,SWEDEN,5586
2018,1,SWITZERLAND,3104
2018,1,SYRIAN ARAB,19
2018,1,TAIWAN,928
2018,1,TAJIKISTAN,25
2018,1,TANZANIA,18
2018,1,THAILAND,785
2018,1,TIMOR-LESTE,1
2018,1,TOGO,3
2018,1,TONGA,0
2018,1,TRINIDAD AND TOBAGO,5
2018,1,TUNISIA,71
2018,1,TURKEY,658
2018,1,TURKMENISTAN,15
2018,1,TUVALU,0
2018,1,UGANDA,15
2018,1,UKRAINE,6636
2018,1,UNITED ARAB EMIRATES,336
2018,1,UNITED KINGDOM,22940
2018,1,UNITED STATES,7501
2018,1,URUGUAY,13
2018,1,UZBEKISTAN,69
2018,1,VANUATU,0
2018,1,VATICAN CITY,0
2018,1,VENEZUELA,12
2018,1,VIETNAM,237
2018,1,YEMEN,126
2018,1,ZAMBIA,2
2018,1,ZIMBABWE,10
2018,2,AFGHANISTAN,150
2018,2,ALBANIA,15
2018,2,ALGERIA,35
2018,2,ANDORRA,6
2018,2,ANGOLA,1
2018,2,ANTIGUA AND BARBUDA,5
2018,2,ARGENTINA,254
2018,2,ARMENIA,87
2018,2,AUSTRALIA,5693
2018,2,AUSTRIA,3156
2018,2,AZERBAIJAN,30
2018,2,BAHAMAS,4
2018,2,BAHRAIN,147
2018,2,BANGLADESH,741
2018,2,BARBADOS,2
2018,2,BELARUS,942
2018,2,BELGIUM,1449
2018,2,BELIZE,1
2018,2,BENIN,0
2018,2,BHUTAN,72
2018,2,BOLIVIA,5
2018,2,BOSNIA AND HERZEGOVINA,45
2018,2,BOTSWANA,4
2018,2,BRAZIL,156
2018,2,BRUNEI,3
2018,2,BULGARIA,381
2018,2,BURKINA FASO,1
2018,2,BURUNDI,0
2018,2,CAMBODIA,85
2018,2,CAMEROON,0
2018,2,CANADA,3999
2018,2,CAPE VERDE,0
2018,2,CENTRAL AFRICAN,0
2018,2,CHAD,0
2018,2,CHILE,104
2018,2,CHINA,35929
2018,2,COLOMBIA,59
2018,2,COMOROS,5
2018,2,COSTA RICA,20
2018,2,COTE D IVOIRE,3
2018,2,CROATIA,276
2018,2,CUBA,2
2018,2,CYPRUS,53
2018,2,CZECHIA,3082
2018,2,DEMOCRATIC REPUBLIC OF THE CONGO,2
2018,2,DENMARK,3228
2018,2,DJIBOUTI,1
2018,2,DOMINICA,9
2018,2,DOMINICAN REPUBLIC,1
2018,2,ECUADOR,15
2018,2,EGYPT,281
2018,2,EL SALVADOR,3
2018,2,ERITREA,12
2018,2,ESTONIA,586
2018,2,ETHIOPIA,19
2018,2,FIJI,5
2018,2,FINLAND,1499
2018,2,FRANCE,16871
2018,2,GABON,2
2018,2,GAMBIA,1
2018,2,GEORGIA,82
2018,2,GERMANY,17066
2018,2,GHANA,6
2018,2,GREECE,573
2018,2,GRENADA,1
2018,2,GUATEMALA,4
2018,2,GUINEA- BISSAU,0
2018,2,GUYANA,2
2018,2,HAITI,1
2018,2,HONDURAS,3
2018,2,HONG KONG,4
2018,2,HUNGARY,870
2018,2,ICELAND,63
2018,2,INDIA,32914
2018,2,INDONESIA,350
2018,2,IRAN,439
2018,2,IRAQ,157
2018,2,IRELAND,839
2018,2,ISRAEL,1253
2018,2,ITALY,4843
2018,2,JAMAICA,7
2018,2,JAPAN,5263
2018,2,JORDAN,254
2018,2,KAZAKHSTAN,407
2018,2,KENYA,35
2018,2,KIRIBATI,0
2018,2,KOSOVO,3
2018,2,KUWAIT,403
2018,2,KYRGYZSTAN,46
2018,2,LAOS,7
2018,2,LATVIA,219
2018,2,LEBANON,542
2018,2,LESOTHO,0
2018,2,LIBERIA,0
2018,2,LIBYA,8
2018,2,LIECHTENSTEIN,10
2018,2,LITHUANIA,570
2018,2,LUXEMBOURG,77
2018,2,MADAGASCAR,6
2018,2,MALAWI,1
2018,2,MALAYSIA,1744
2018,2,MALDIVES,4726
2018,2,MALI,1
2018,2,MALTA,35
2018,2,MARSHALL ISLANDS,1
2018,2,MAURITANIA,1
2018,2,MAURITIUS,100
2018,2,MEXICO,87
2018,2,MICRONESIA,1
2018,2,MOLDOVA,56
2018,2,MONACO,7
2018,2,MONGOLIA,9
2018,2,MONTENEGRO,21
2018,2,MOROCCO,101
2018,2,MOZAMBIQUE,24
2018,2,MYANMAR,123
2018,2,NAMIBIA,3
2018,2,NAURU,1
2018,2,NEPAL,401
2018,2,NETHERLAND ANTILLES,0
2018,2,NETHERLANDS,4739
2018,2,NEW ZEALAND,655
2018,2,NICARAGUA,0
2018,2,NIGER,0
2018,2,NIGERIA,38
2018,2,NORTH KOREA,2
2018,2,NORTH MACEDONIA,34
2018,2,NORWAY,1722
2018,2,OMAN,573
2018,2,PAKISTAN,1734
2018,2,PALAU,0
2018,2,PALESTINIAN TERRITORIES,65
2018,2,PANAMA,7
2018,2,PAPUA NEW GUINEA,0
2018,2,PARAGUAY,0
2018,2,PERU,50
2018,2,PHILIPPINES,1744
2018,2,POLAND,3195
2018,2,PORTUGAL,581
2018,2,QATAR,75
2018,2,REPUBLIC OF THE CONGO,1
2018,2,ROMANIA,943
2018,2,RUSSIA,11043
2018,2,RWANDA,3
2018,2,SAINT KITTS AND NEVIS,3
2018,2,SAINT LUCIA,2
2018,2,SAINT VINCENT AND THE GRENADINES,0
2018,2,SAMOA,0
2018,2,SAN MARINO,16
2018,2,SAO TOME AND PRINCIPE,0
2018,2,SAUDI ARABIA,1065
2018,2,SENEGAL,6
2018,2,SERBIA,282
2018,2,SEYCHELLES,0
2018,2,SIERRA LEONE,1
2018,2,SINGAPORE,1469
2018,2,SLOVAK,820
2018,2,SLOVENIA,754
2018,2,SOLOMAN ISLANDS,0
2018,2,SOMALIA,6
2018,2,SOUTH AFRICA,562
2018,2,SOUTH KOREA,1359
2018,2,SOUTH SUDAN,1
2018,2,SPAIN,1680
2018,2,SUDAN,49
2018,2,SURINAME,3
2018,2,SWAZILAND,1
2018,2,SWEDEN,4533
2018,2,SWITZERLAND,3234
2018,2,SYRIAN ARAB,8
2018,2,TAIWAN,1152
2018,2,TAJIKISTAN,7
2018,2,TANZANIA,20
2018,2,THAILAND,566
2018,2,TIMOR-LESTE,3
2018,2,TOGO,0
2018,2,TONGA,0
2018,2,TRINIDAD AND TOBAGO,9
2018,2,TUNISIA,62
2018,2,TURKEY,632
2018,2,TURKMENISTAN,9
2018,2,TUVALU,0
2018,2,UGANDA,22
2018,2,UKRAINE,5138
2018,2,UNITED ARAB EMIRATES,247
2018,2,UNITED KINGDOM,23817
2018,2,UNITED STATES,5984
2018,2,URUGUAY,3
2018,2,UZBEKISTAN,88
2018,2,VANUATU,1
2018,2,VATICAN CITY,0
2018,2,VENEZUELA,18
2018,2,VIETNAM,380
2018,2,YEMEN,69
2018,2,ZAMBIA,7
2018,2,ZIMBABWE,19
2018,3,AFGHANISTAN,112
2018,3,ALBANIA,5
2018,3,ALGERIA,28
2018,3,ANDORRA,2
2018,3,ANGOLA,2
2018,3,ANTIGUA AND BARBUDA,2
2018,3,ARGENTINA,271
2018,3,ARMENIA,75
2018,3,AUSTRALIA,8932
2018,3,AUSTRIA,2573
2018,3,AZERBAIJAN,109
2018,3,BAHAMAS,4
2018,3,BAHRAIN,195
2018,3,BANGLADESH,996
2018,3,BARBADOS,3
2018,3,BELARUS,666
2018,3,BELGIUM,1666
2018,3,BELIZE,1
2018,3,BENIN,0
2018,3,BHUTAN,37
2018,3,BOLIVIA,17
2018,3,BOSNIA AND HERZEGOVINA,25
2018,3,BOTSWANA,4
2018,3,BRAZIL,357
2018,3,BRUNEI,17
2018,3,BULGARIA,352
2018,3,BURKINA FASO,0
2018,3,BURUNDI,0
2018,3,CAMBODIA,103
2018,3,CAMEROON,1
2018,3,CANADA,5113
2018,3,CAPE VERDE,0
2018,3,CENTRAL AFRICAN,0
2018,3,CHAD,0
2018,3,CHILE,109
2018,3,CHINA,21101
2018,3,COLOMBIA,72
2018,3,COMOROS,14
2018,3,COSTA RICA,14
2018,3,COTE D IVOIRE,1
2018,3,CROATIA,209
2018,3,CUBA,5
2018,3,CYPRUS,51
2018,3,CZECHIA,2674
2018,3,DEMOCRATIC REPUBLIC OF THE CONGO,5
2018,3,DENMARK,2227
2018,3,DJIBOUTI,4
2018,3,DOMINICA,3
2018,3,DOMINICAN REPUBLIC,3
2018,3,ECUADOR,10
2018,3,EGYPT,278
2018,3,EL SALVADOR,2
2018,3,ERITREA,10
2018,3,ESTONIA,359
2018,3,ETHIOPIA,24
2018,3,FIJI,18
2018,3,FINLAND,1036
2018,3,FRANCE,14818
2018,3,GABON,0
2018,3,GAMBIA,0
2018,3,GEORGIA,63
2018,3,GERMANY,24423
2018,3,GHANA,13
2018,3,GREECE,770
2018,3,GRENADA,0
2018,3,GUATEMALA,5
2018,3,GUINEA- BISSAU,0
2018,3,GUYANA,9
2018,3,HAITI,2
2018,3,HONDURAS,5
2018,3,HONG KONG,3
2018,3,HUNGARY,517
2018,3,ICELAND,44
2018,3,INDIA,30583
2018,3,INDONESIA,589
2018,3,IRAN,1716
2018,3,IRAQ,41
2018,3,IRELAND,1470
2018,3,ISRAEL,1255
2018,3,ITALY,4157
2018,3,JAMAICA,22
2018,3,JAPAN,4629
2018,3,JORDAN,299
2018,3,KAZAKHSTAN,370
2018,3,KENYA,48
2018,3,KIRIBATI,0
2018,3,KOSOVO,2
2018,3,KUWAIT,240
2018,3,KYRGYZSTAN,107
2018,3,LAOS,20
2018,3,LATVIA,261
2018,3,LEBANON,561
2018,3,LESOTHO,0
2018,3,LIBERIA,1
2018,3,LIBYA,8
2018,3,LIECHTENSTEIN,23
2018,3,LITHUANIA,402
2018,3,LUXEMBOURG,112
2018,3,MADAGASCAR,4
2018,3,MALAWI,7
2018,3,MALAYSIA,1994
2018,3,MALDIVES,7239
2018,3,MALI,0
2018,3,MALTA,68
2018,3,MARSHALL ISLANDS,0
2018,3,MAURITANIA,1
2018,3,MAURITIUS,60
2018,3,MEXICO,180
2018,3,MICRONESIA,0
2018,3,MOLDOVA,68
2018,3,MONACO,9
2018,3,MONGOLIA,23
2018,3,MONTENEGRO,14
2018,3,MOROCCO,97
2018,3,MOZAMBIQUE,1
2018,3,MYANMAR,172
2018,3,NAMIBIA,19
2018,3,NAURU,0
2018,3,NEPAL,367
2018,3,NETHERLAND ANTILLES,1
2018,3,NETHERLANDS,4532
2018,3,NEW ZEALAND,1004
2018,3,NICARAGUA,5
2018,3,NIGER,1
2018,3,NIGERIA,42
2018,3,NORTH KOREA,0
2018,3,NORTH MACEDONIA,34
2018,3,NORWAY,1784
2018,3,OMAN,268
2018,3,PAKISTAN,1589
2018,3,PALAU,0
2018,3,PALESTINIAN TERRITORIES,62
2018,3,PANAMA,2
2018,3,PAPUA NEW GUINEA,11
2018,3,PARAGUAY,7
2018,3,PERU,32
2018,3,PHILIPPINES,1775
2018,3,POLAND,1676
2018,3,PORTUGAL,537
2018,3,QATAR,63
2018,3,REPUBLIC OF THE CONGO,0
2018,3,ROMANIA,561
2018,3,RUSSIA,9089
2018,3,RWANDA,1
2018,3,SAINT KITTS AND NEVIS,4
2018,3,SAINT LUCIA,0
2018,3,SAINT VINCENT AND THE GRENADINES,2
2018,3,SAMOA,0
2018,3,SAN MARINO,7
2018,3,SAO TOME AND PRINCIPE,0
2018,3,SAUDI ARABIA,997
2018,3,SENEGAL,4
2018,3,SERBIA,184
2018,3,SEYCHELLES,0
2018,3,SIERRA LEONE,2
2018,3,SINGAPORE,1809
2018,3,SLOVAK,896
2018,3,SLOVENIA,271
2018,3,SOLOMAN ISLANDS,0
2018,3,SOMALIA,9
2018,3,SOUTH AFRICA,791
2018,3,SOUTH KOREA,1398
2018,3,SOUTH SUDAN,0
2018,3,SPAIN,2452
2018,3,SUDAN,53
2018,3,SURINAME,0
2018,3,SWAZILAND,1
2018,3,SWEDEN,3109
2018,3,SWITZERLAND,3682
2018,3,SYRIAN ARAB,24
2018,3,TAIWAN,700
2018,3,TAJIKISTAN,25
2018,3,TANZANIA,16
2018,3,THAILAND,1028
2018,3,TIMOR-LESTE,3
2018,3,TOGO,0
2018,3,TONGA,0
2018,3,TRINIDAD AND TOBAGO,10
2018,3,TUNISIA,105
2018,3,TURKEY,365
2018,3,TURKMENISTAN,11
2018,3,TUVALU,0
2018,3,UGANDA,5
2018,3,UKRAINE,3532
2018,3,UNITED ARAB EMIRATES,420
2018,3,UNITED KINGDOM,30366
2018,3,UNITED STATES,9701
2018,3,URUGUAY,16
2018,3,UZBEKISTAN,48
2018,3,VANUATU,1
2018,3,VATICAN CITY,0
2018,3,VENEZUELA,18
2018,3,VIETNAM,330
2018,3,YEMEN,64
2018,3,ZAMBIA,12
2018,3,ZIMBABWE,27
2018,4,AFGHANISTAN,40
2018,4,ALBANIA,16
2018,4,ALGERIA,24
2018,4,ANDORRA,3
2018,4,ANGOLA,1
2018,4,ANTIGUA AND BARBUDA,2
2018,4,ARGENTINA,300
2018,4,ARMENIA,66
2018,4,AUSTRALIA,14023
2018,4,AUSTRIA,1103
2018,4,AZERBAIJAN,19
2018,4,BAHAMAS,24
2018,4,BAHRAIN,151
2018,4,BANGLADESH,672
2018,4,BARBADOS,3
2018,4,BELARUS,286
2018,4,BELGIUM,1211
2018,4,BELIZE,2
2018,4,BENIN,0
2018,4,BHUTAN,42
2018,4,BOLIVIA,9
2018,4,BOSNIA AND HERZEGOVINA,18
2018,4,BOTSWANA,4
2018,4,BRAZIL,786
2018,4,BRUNEI,6
2018,4,BULGARIA,218
2018,4,BURKINA FASO,4
2018,4,BURUNDI,0
2018,4,CAMBODIA,142
2018,4,CAMEROON,1
2018,4,CANADA,4972
2018,4,CAPE VERDE,0
2018,4,CENTRAL AFRICAN,0
2018,4,CHAD,0
2018,4,CHILE,147
2018,4,CHINA,17462
2018,4,COLOMBIA,88
2018,4,COMOROS,10
2018,4,COSTA RICA,13
2018,4,COTE D IVOIRE,1
2018,4,CROATIA,163
2018,4,CUBA,6
2018,4,CYPRUS,45
2018,4,CZECHIA,1304
2018,4,DEMOCRATIC REPUBLIC OF THE CONGO,4
2018,4,DENMARK,943
2018,4,DJIBOUTI,1
2018,4,DOMINICA,3
2018,4,DOMINICAN REPUBLIC,2
2018,4,ECUADOR,43
2018,4,EGYPT,254
2018,4,EL SALVADOR,6
2018,4,ERITREA,3
2018,4,ESTONIA,144
2018,4,ETHIOPIA,12
2018,4,FIJI,6
2018,4,FINLAND,371
2018,4,FRANCE,7411
2018,4,GABON,0
2018,4,GAMBIA,0
2018,4,GEORGIA,82
2018,4,GERMANY,10803
2018,4,GHANA,10
2018,4,GREECE,704
2018,4,GRENADA,3
2018,4,GUATEMALA,5
2018,4,GUINEA- BISSAU,0
2018,4,GUYANA,2
2018,4,HAITI,0
2018,4,HONDURAS,0
2018,4,HONG KONG,1
2018,4,HUNGARY,231
2018,4,ICELAND,39
2018,4,INDIA,29860
2018,4,INDONESIA,352
2018,4,IRAN,239
2018,4,IRAQ,40
2018,4,IRELAND,922
2018,4,ISRAEL,513
2018,4,ITALY,2266
2018,4,JAMAICA,8
2018,4,JAPAN,3512
2018,4,JORDAN,241
2018,4,KAZAKHSTAN,158
2018,4,KENYA,49
2018,4,KIRIBATI,0
2018,4,KOSOVO,8
2018,4,KUWAIT,249
2018,4,KYRGYZSTAN,10
2018,4,LAOS,13
2018,4,LATVIA,172
2018,4,LEBANON,676
2018,4,LESOTHO,4
2018,4,LIBERIA,1
2018,4,LIBYA,9
2018,4,LIECHTENSTEIN,10
2018,4,LITHUANIA,241
2018,4,LUXEMBOURG,78
2018,4,MADAGASCAR,8
2018,4,MALAWI,1
2018,4,MALAYSIA,1827
2018,4,MALDIVES,5696
2018,4,MALI,2
2018,4,MALTA,34
2018,4,MARSHALL ISLANDS,0
2018,4,MAURITANIA,0
2018,4,MAURITIUS,40
2018,4,MEXICO,496
2018,4,MICRONESIA,0
2018,4,MOLDOVA,30
2018,4,MONACO,1
2018,4,MONGOLIA,10
2018,4,MONTENEGRO,11
2018,4,MOROCCO,98
2018,4,MOZAMBIQUE,2
2018,4,MYANMAR,309
2018,4,NAMIBIA,6
2018,4,NAURU,0
2018,4,NEPAL,366
2018,4,NETHERLAND ANTILLES,0
2018,4,NETHERLANDS,3989
2018,4,NEW ZEALAND,1540
2018,4,NICARAGUA,6
2018,4,NIGER,1
2018,4,NIGERIA,28
2018,4,NORTH KOREA,0
2018,4,NORTH MACEDONIA,20
2018,4,NORWAY,690
2018,4,OMAN,306
2018,4,PAKISTAN,1384
2018,4,PALAU,0
2018,4,PALESTINIAN TERRITORIES,51
2018,4,PANAMA,10
2018,4,PAPUA NEW GUINEA,7
2018,4,PARAGUAY,3
2018,4,PERU,32
2018,4,PHILIPPINES,1631
2018,4,POLAND,1163
2018,4,PORTUGAL,524
2018,4,QATAR,111
2018,4,REPUBLIC OF THE CONGO,0
2018,4,ROMANIA,469
2018,4,RUSSIA,4027
2018,4,RWANDA,0
2018,4,SAINT KITTS AND NEVIS,2
2018,4,SAINT LUCIA,1
2018,4,SAINT VINCENT AND THE GRENADINES,1
2018,4,SAMOA,0
2018,4,SAN MARINO,0
2018,4,SAO TOME AND PRINCIPE,0
2018,4,SAUDI ARABIA,1263
2018,4,SENEGAL,2
2018,4,SERBIA,123
2018,4,SEYCHELLES,411
2018,4,SIERRA LEONE,1
2018,4,SINGAPORE,1357
2018,4,SLOVAK,494
2018,4,SLOVENIA,453
2018,4,SOLOMAN ISLANDS,1
2018,4,SOMALIA,5
2018,4,SOUTH AFRICA,742
2018,4,SOUTH KOREA,825
2018,4,SOUTH SUDAN,2
2018,4,SPAIN,2072
2018,4,SUDAN,37
2018,4,SURINAME,1
2018,4,SWAZILAND,9
2018,4,SWEDEN,1073
2018,4,SWITZERLAND,2845
2018,4,SYRIAN ARAB,32
2018,4,TAIWAN,607
2018,4,TAJIKISTAN,8
2018,4,TANZANIA,15
2018,4,THAILAND,691
2018,4,TIMOR-LESTE,5
2018,4,TOGO,2
2018,4,TONGA,0
2018,4,TRINIDAD AND TOBAGO,8
2018,4,TUNISIA,56
2018,4,TURKEY,244
2018,4,TURKMENISTAN,3
2018,4,TUVALU,2
2018,4,UGANDA,5
2018,4,UKRAINE,2448
2018,4,UNITED ARAB EMIRATES,291
2018,4,UNITED KINGDOM,26063
2018,4,UNITED STATES,8679
2018,4,URUGUAY,34
2018,4,UZBEKISTAN,24
2018,4,VANUATU,4
2018,4,VATICAN CITY,0
2018,4,VENEZUELA,40
2018,4,VIETNAM,342
2018,4,YEMEN,62
2018,4,ZAMBIA,3
2018,4,ZIMBABWE,11
2018,5,AFGHANISTAN,108
2018,5,ALBANIA,12
2018,5,ALGERIA,12
2018,5,ANDORRA,6
2018,5,ANGOLA,0
2018,5,ANTIGUA AND BARBUDA,1
2018,5,ARGENTINA,122
2018,5,ARMENIA,53
2018,5,AUSTRALIA,4873
2018,5,AUSTRIA,637
2018,5,AZERBAIJAN,16
2018,5,BAHAMAS,6
2018,5,BAHRAIN,108
2018,5,BANGLADESH,729
2018,5,BARBADOS,3
2018,5,BELARUS,128
2018,5,BELGIUM,494
2018,5,BELIZE,0
2018,5,BENIN,0
2018,5,BHUTAN,30
2018,5,BOLIVIA,2
2018,5,BOSNIA AND HERZEGOVINA,8
2018,5,BOTSWANA,0
2018,5,BRAZIL,124
2018,5,BRUNEI,6
2018,5,BULGARIA,87
2018,5,BURKINA FASO,1
2018,5,BURUNDI,0
2018,5,CAMBODIA,84
2018,5,CAMEROON,0
2018,5,CANADA,3297
2018,5,CAPE VERDE,0
2018,5,CENTRAL AFRICAN,0
2018,5,CHAD,0
2018,5,CHILE,55
2018,5,CHINA,17103
2018,5,COLOMBIA,33
2018,5,COMOROS,9
2018,5,COSTA RICA,3
2018,5,COTE D IVOIRE,2
2018,5,CROATIA,92
2018,5,CUBA,3
2018,5,CYPRUS,43
2018,5,CZECHIA,322
2018,5,DEMOCRATIC REPUBLIC OF THE CONGO,3
2018,5,DENMARK,456
2018,5,DJIBOUTI,0
2018,5,DOMINICA,1
2018,5,DOMINICAN REPUBLIC,6
2018,5,ECUADOR,0
2018,5,EGYPT,161
2018,5,EL SALVADOR,0
2018,5,ERITREA,4
2018,5,ESTONIA,32
2018,5,ETHIOPIA,28
2018,5,FIJI,10
2018,5,FINLAND,230
2018,5,FRANCE,3721
2018,5,GABON,0
2018,5,GAMBIA,1
2018,5,GEORGIA,44
2018,5,GERMANY,6906
2018,5,GHANA,8
2018,5,GREECE,620
2018,5,GRENADA,2
2018,5,GUATEMALA,4
2018,5,GUINEA- BISSAU,0
2018,5,GUYANA,1
2018,5,HAITI,0
2018,5,HONDURAS,5
2018,5,HONG KONG,0
2018,5,HUNGARY,103
2018,5,ICELAND,11
2018,5,INDIA,42073
2018,5,INDONESIA,470
2018,5,IRAN,268
2018,5,IRAQ,38
2018,5,IRELAND,384
2018,5,ISRAEL,399
2018,5,ITALY,1058
2018,5,JAMAICA,6
2018,5,JAPAN,4229
2018,5,JORDAN,117
2018,5,KAZAKHSTAN,73
2018,5,KENYA,59
2018,5,KIRIBATI,0
2018,5,KOSOVO,0
2018,5,KUWAIT,143
2018,5,KYRGYZSTAN,17
2018,5,LAOS,39
2018,5,LATVIA,73
2018,5,LEBANON,225
2018,5,LESOTHO,0
2018,5,LIBERIA,4
2018,5,LIBYA,9
2018,5,LIECHTENSTEIN,6
2018,5,LITHUANIA,203
2018,5,LUXEMBOURG,20
2018,5,MADAGASCAR,8
2018,5,MALAWI,3
2018,5,MALAYSIA,1604
2018,5,MALDIVES,4343
2018,5,MALI,1
2018,5,MALTA,13
2018,5,MARSHALL ISLANDS,1
2018,5,MAURITANIA,0
2018,5,MAURITIUS,24
2018,5,MEXICO,72
2018,5,MICRONESIA,0
2018,5,MOLDOVA,18
2018,5,MONACO,1
2018,5,MONGOLIA,6
2018,5,MONTENEGRO,11
2018,5,MOROCCO,31
2018,5,MOZAMBIQUE,0
2018,5,MYANMAR,113
2018,5,NAMIBIA,1
2018,5,NAURU,0
2018,5,NEPAL,472
2018,5,NETHERLAND ANTILLES,0
2018,5,NETHERLANDS,2051
2018,5,NEW ZEALAND,620
2018,5,NICARAGUA,1
2018,5,NIGER,1
2018,5,NIGERIA,39
2018,5,NORTH KOREA,0
2018,5,NORTH MACEDONIA,13
2018,5,NORWAY,511
2018,5,OMAN,84
2018,5,PAKISTAN,1150
2018,5,PALAU,0
2018,5,PALESTINIAN TERRITORIES,52
2018,5,PANAMA,3
2018,5,PAPUA NEW GUINEA,2
2018,5,PARAGUAY,0
2018,5,PERU,21
2018,5,PHILIPPINES,1656
2018,5,POLAND,661
2018,5,PORTUGAL,191
2018,5,QATAR,53
2018,5,REPUBLIC OF THE CONGO,0
2018,5,ROMANIA,150
2018,5,RUSSIA,1264
2018,5,RWANDA,1
2018,5,SAINT KITTS AND NEVIS,3
2018,5,SAINT LUCIA,0
2018,5,SAINT VINCENT AND THE GRENADINES,0
2018,5,SAMOA,1
2018,5,SAN MARINO,0
2018,5,SAO TOME AND PRINCIPE,0
2018,5,SAUDI ARABIA,666
2018,5,SENEGAL,4
2018,5,SERBIA,47
2018,5,SEYCHELLES,0
2018,5,SIERRA LEONE,0
2018,5,SINGAPORE,1461
2018,5,SLOVAK,153
2018,5,SLOVENIA,51
2018,5,SOLOMAN ISLANDS,0
2018,5,SOMALIA,3
2018,5,SOUTH AFRICA,259
2018,5,SOUTH KOREA,892
2018,5,SOUTH SUDAN,1
2018,5,SPAIN,1002
2018,5,SUDAN,52
2018,5,SURINAME,1
2018,5,SWAZILAND,1
2018,5,SWEDEN,471
2018,5,SWITZERLAND,1128
2018,5,SYRIAN ARAB,6
2018,5,TAIWAN,565
2018,5,TAJIKISTAN,3
2018,5,TANZANIA,16
2018,5,THAILAND,745
2018,5,TIMOR-LESTE,1
2018,5,TOGO,0
2018,5,TONGA,0
2018,5,TRINIDAD AND TOBAGO,4
2018,5,TUNISIA,29
2018,5,TURKEY,288
2018,5,TURKMENISTAN,1
2018,5,TUVALU,0
2018,5,UGANDA,6
2018,5,UKRAINE,1386
2018,5,UNITED ARAB EMIRATES,230
2018,5,UNITED KINGDOM,9337
2018,5,UNITED STATES,4123
2018,5,URUGUAY,6
2018,5,UZBEKISTAN,26
2018,5,VANUATU,1
2018,5,VATICAN CITY,0
2018,5,VENEZUELA,16
2018,5,VIETNAM,269
2018,5,YEMEN,62
2018,5,ZAMBIA,6
2018,5,ZIMBABWE,16
2018,6,AFGHANISTAN,44
2018,6,ALBANIA,15
2018,6,ALGERIA,19
2018,6,ANDORRA,0
2018,6,ANGOLA,0
2018,6,ANTIGUA AND BARBUDA,1
2018,6,ARGENTINA,50
2018,6,ARMENIA,87
2018,6,AUSTRALIA,9997
2018,6,AUSTRIA,543
2018,6,AZERBAIJAN,13
2018,6,BAHAMAS,1
2018,6,BAHRAIN,245
2018,6,BANGLADESH,1030
2018,6,BARBADOS,0
2018,6,BELARUS,122
2018,6,BELGIUM,785
2018,6,BELIZE,0
2018,6,BENIN,0
2018,6,BHUTAN,41
2018,6,BOLIVIA,8
2018,6,BOSNIA AND HERZEGOVINA,16
2018,6,BOTSWANA,3
2018,6,BRAZIL,116
2018,6,BRUNEI,5
2018,6,BULGARIA,85
2018,6,BURKINA FASO,0
2018,6,BURUNDI,0
2018,6,CAMBODIA,38
2018,6,CAMEROON,4
2018,6,CANADA,4676
2018,6,CAPE VERDE,0
2018,6,CENTRAL AFRICAN,0
2018,6,CHAD,0
2018,6,CHILE,43
2018,6,CHINA,20424
2018,6,COLOMBIA,32
2018,6,COMOROS,9
2018,6,COSTA RICA,3
2018,6,COTE D IVOIRE,2
2018,6,CROATIA,70
2018,6,CUBA,3
2018,6,CYPRUS,44
2018,6,CZECHIA,571
2018,6,DEMOCRATIC REPUBLIC OF THE CONGO,4
2018,6,DENMARK,959
2018,6,DJIBOUTI,0
2018,6,DOMINICA,3
2018,6,DOMINICAN REPUBLIC,8
2018,6,ECUADOR,5
2018,6,EGYPT,278
2018,6,EL SALVADOR,5
2018,6,ERITREA,5
2018,6,ESTONIA,34
2018,6,ETHIOPIA,9
2018,6,FIJI,10
2018,6,FINLAND,298
2018,6,FRANCE,3688
2018,6,GABON,1
2018,6,GAMBIA,1
2018,6,GEORGIA,26
2018,6,GERMANY,5792
2018,6,GHANA,9
2018,6,GREECE,489
2018,6,GRENADA,3
2018,6,GUATEMALA,3
2018,6,GUINEA- BISSAU,0
2018,6,GUYANA,0
2018,6,HAITI,1
2018,6,HONDURAS,2
2018,6,HONG KONG,1
2018,6,HUNGARY,138
2018,6,ICELAND,18
2018,6,INDIA,32971
2018,6,INDONESIA,349
2018,6,IRAN,332
2018,6,IRAQ,134
2018,6,IRELAND,710
2018,6,ISRAEL,699
2018,6,ITALY,1367
2018,6,JAMAICA,7
2018,6,JAPAN,3074
2018,6,JORDAN,268
2018,6,KAZAKHSTAN,67
2018,6,KENYA,44
2018,6,KIRIBATI,1
2018,6,KOSOVO,1
2018,6,KUWAIT,226
2018,6,KYRGYZSTAN,28
2018,6,LAOS,7
2018,6,LATVIA,73
2018,6,LEBANON,365
2018,6,LESOTHO,0
2018,6,LIBERIA,1
2018,6,LIBYA,13
2018,6,LIECHTENSTEIN,5
2018,6,LITHUANIA,224
2018,6,LUXEMBOURG,17
2018,6,MADAGASCAR,3
2018,6,MALAWI,0
2018,6,MALAYSIA,2389
2018,6,MALDIVES,5362
2018,6,MALI,0
2018,6,MALTA,14
2018,6,MARSHALL ISLANDS,0
2018,6,MAURITANIA,0
2018,6,MAURITIUS,34
2018,6,MEXICO,60
2018,6,MICRONESIA,0
2018,6,MOLDOVA,11
2018,6,MONACO,1
2018,6,MONGOLIA,10
2018,6,MONTENEGRO,24
2018,6,MOROCCO,60
2018,6,MOZAMBIQUE,1
2018,6,MYANMAR,127
2018,6,NAMIBIA,5
2018,6,NAURU,0
2018,6,NEPAL,444
2018,6,NETHERLAND ANTILLES,0
2018,6,NETHERLANDS,2350
2018,6,NEW ZEALAND,1613
2018,6,NICARAGUA,1
2018,6,NIGER,0
2018,6,NIGERIA,22
2018,6,NORTH KOREA,0
2018,6,NORTH MACEDONIA,15
2018,6,NORWAY,2272
2018,6,OMAN,539
2018,6,PAKISTAN,1454
2018,6,PALAU,0
2018,6,PALESTINIAN TERRITORIES,113
2018,6,PANAMA,5
2018,6,PAPUA NEW GUINEA,6
2018,6,PARAGUAY,1
2018,6,PERU,6
2018,6,PHILIPPINES,1673
2018,6,POLAND,710
2018,6,PORTUGAL,253
2018,6,QATAR,183
2018,6,REPUBLIC OF THE CONGO,0
2018,6,ROMANIA,205
2018,6,RUSSIA,1135
2018,6,RWANDA,0
2018,6,SAINT KITTS AND NEVIS,0
2018,6,SAINT LUCIA,1
2018,6,SAINT VINCENT AND THE GRENADINES,0
2018,6,SAMOA,1
2018,6,SAN MARINO,2
2018,6,SAO TOME AND PRINCIPE,1
2018,6,SAUDI ARABIA,5422
2018,6,SENEGAL,3
2018,6,SERBIA,60
2018,6,SEYCHELLES,2
2018,6,SIERRA LEONE,1
2018,6,SINGAPORE,1979
2018,6,SLOVAK,145
2018,6,SLOVENIA,107
2018,6,SOLOMAN ISLANDS,5
2018,6,SOMALIA,11
2018,6,SOUTH AFRICA,520
2018,6,SOUTH KOREA,963
2018,6,SOUTH SUDAN,0
2018,6,SPAIN,1516
2018,6,SUDAN,100
2018,6,SURINAME,1
2018,6,SWAZILAND,0
2018,6,SWEDEN,889
2018,6,SWITZERLAND,1342
2018,6,SYRIAN ARAB,3
2018,6,TAIWAN,412
2018,6,TAJIKISTAN,4
2018,6,TANZANIA,29
2018,6,THAILAND,870
2018,6,TIMOR-LESTE,2
2018,6,TOGO,1
2018,6,TONGA,1
2018,6,TRINIDAD AND TOBAGO,9
2018,6,TUNISIA,39
2018,6,TURKEY,169
2018,6,TURKMENISTAN,0
2018,6,TUVALU,3
2018,6,UGANDA,5
2018,6,UKRAINE,1191
2018,6,UNITED ARAB EMIRATES,488
2018,6,UNITED KINGDOM,12104
2018,6,UNITED STATES,4979
2018,6,URUGUAY,3
2018,6,UZBEKISTAN,30
2018,6,VANUATU,3
2018,6,VATICAN CITY,0
2018,6,VENEZUELA,11
2018,6,VIETNAM,212
2018,6,YEMEN,156
2018,6,ZAMBIA,5
2018,6,ZIMBABWE,9
2018,7,AFGHANISTAN,47
2018,7,ALBANIA,11
2018,7,ALGERIA,24
2018,7,ANDORRA,5
2018,7,ANGOLA,0
2018,7,ANTIGUA AND BARBUDA,2
2018,7,ARGENTINA,71
2018,7,ARMENIA,105
2018,7,AUSTRALIA,8801
2018,7,AUSTRIA,1642
2018,7,AZERBAIJAN,30
2018,7,BAHAMAS,0
2018,7,BAHRAIN,392
2018,7,BANGLADESH,857
2018,7,BARBADOS,0
2018,7,BELARUS,71
2018,7,BELGIUM,3681
2018,7,BELIZE,1
2018,7,BENIN,1
2018,7,BHUTAN,49
2018,7,BOLIVIA,4
2018,7,BOSNIA AND HERZEGOVINA,15
2018,7,BOTSWANA,4
2018,7,BRAZIL,117
2018,7,BRUNEI,13
2018,7,BULGARIA,110
2018,7,BURKINA FASO,1
2018,7,BURUNDI,1
2018,7,CAMBODIA,51
2018,7,CAMEROON,2
2018,7,CANADA,6017
2018,7,CAPE VERDE,2
2018,7,CENTRAL AFRICAN,1
2018,7,CHAD,1
2018,7,CHILE,64
2018,7,CHINA,27460
2018,7,COLOMBIA,53
2018,7,COMOROS,47
2018,7,COSTA RICA,0
2018,7,COTE D IVOIRE,3
2018,7,CROATIA,129
2018,7,CUBA,2
2018,7,CYPRUS,91
2018,7,CZECHIA,1050
2018,7,DEMOCRATIC REPUBLIC OF THE CONGO,1
2018,7,DENMARK,2951
2018,7,DJIBOUTI,0
2018,7,DOMINICA,4
2018,7,DOMINICAN REPUBLIC,6
2018,7,ECUADOR,2
2018,7,EGYPT,466
2018,7,EL SALVADOR,12
2018,7,ERITREA,3
2018,7,ESTONIA,28
2018,7,ETHIOPIA,22
2018,7,FIJI,16
2018,7,FINLAND,242
2018,7,FRANCE,11303
2018,7,GABON,1
2018,7,GAMBIA,1
2018,7,GEORGIA,37
2018,7,GERMANY,10825
2018,7,GHANA,8
2018,7,GREECE,570
2018,7,GRENADA,0
2018,7,GUATEMALA,5
2018,7,GUINEA- BISSAU,0
2018,7,GUYANA,2
2018,7,HAITI,1
2018,7,HONDURAS,3
2018,7,HONG KONG,3
2018,7,HUNGARY,163
2018,7,ICELAND,51
2018,7,INDIA,31032
2018,7,INDONESIA,468
2018,7,IRAN,710
2018,7,IRAQ,78
2018,7,IRELAND,1104
2018,7,ISRAEL,1345
2018,7,ITALY,3247
2018,7,JAMAICA,7
2018,7,JAPAN,3798
2018,7,JORDAN,230
2018,7,KAZAKHSTAN,112
2018,7,KENYA,95
2018,7,KIRIBATI,1
2018,7,KOSOVO,5
2018,7,KUWAIT,335
2018,7,KYRGYZSTAN,28
2018,7,LAOS,3
2018,7,LATVIA,33
2018,7,LEBANON,546
2018,7,LESOTHO,2
2018,7,LIBERIA,0
2018,7,LIBYA,6
2018,7,LIECHTENSTEIN,13
2018,7,LITHUANIA,163
2018,7,LUXEMBOURG,82
2018,7,MADAGASCAR,8
2018,7,MALAWI,3
2018,7,MALAYSIA,1666
2018,7,MALDIVES,6348
2018,7,MALI,2
2018,7,MALTA,53
2018,7,MARSHALL ISLANDS,0
2018,7,MAURITANIA,0
2018,7,MAURITIUS,72
2018,7,MEXICO,76
2018,7,MICRONESIA,0
2018,7,MOLDOVA,14
2018,7,MONACO,2
2018,7,MONGOLIA,21
2018,7,MONTENEGRO,8
2018,7,MOROCCO,72
2018,7,MOZAMBIQUE,3
2018,7,MYANMAR,230
2018,7,NAMIBIA,0
2018,7,NEPAL,352
2018,7,NETHERLAND ANTILLES,0
2018,7,NETHERLANDS,13342
2018,7,NEW ZEALAND,1376
2018,7,NICARAGUA,2
2018,7,NIGER,2
2018,7,NIGERIA,24
2018,7,NORTH KOREA,0
2018,7,NORTH MACEDONIA,38
2018,7,NORWAY,3067
2018,7,OMAN,2171
2018,7,PAKISTAN,1924
2018,7,PALAU,0
2018,7,PALESTINIAN TERRITORIES,167
2018,7,PANAMA,0
2018,7,PAPUA NEW GUINEA,8
2018,7,PARAGUAY,1
2018,7,PERU,20
2018,7,PHILIPPINES,1681
2018,7,POLAND,1281
2018,7,PORTUGAL,337
2018,7,QATAR,267
2018,7,REPUBLIC OF THE CONGO,1
2018,7,ROMANIA,211
2018,7,RUSSIA,1162
2018,7,RWANDA,1
2018,7,SAINT KITTS AND NEVIS,1
2018,7,SAINT LUCIA,0
2018,7,SAINT VINCENT AND THE GRENADINES,0
2018,7,SAMOA,1
2018,7,SAN MARINO,0
2018,7,SAO TOME AND PRINCIPE,0
2018,7,SAUDI ARABIA,8409
2018,7,SENEGAL,3
2018,7,SERBIA,89
2018,7,SEYCHELLES,0
2018,7,SIERRA LEONE,3
2018,7,SINGAPORE,1563
2018,7,SLOVAK,218
2018,7,SLOVENIA,428
2018,7,SOLOMAN ISLANDS,0
2018,7,SOMALIA,6
2018,7,SOUTH AFRICA,598
2018,7,SOUTH KOREA,1444
2018,7,SOUTH SUDAN,0
2018,7,SPAIN,3357
2018,7,SUDAN,115
2018,7,SURINAME,0
2018,7,SWAZILAND,2
2018,7,SWEDEN,1206
2018,7,SWITZERLAND,5460
2018,7,SYRIAN ARAB,2
2018,7,TAIWAN,924
2018,7,TAJIKISTAN,4
2018,7,TANZANIA,13
2018,7,THAILAND,807
2018,7,TIMOR-LESTE,9
2018,7,TOGO,1
2018,7,TONGA,2
2018,7,TRINIDAD AND TOBAGO,16
2018,7,TUNISIA,49
2018,7,TURKEY,249
2018,7,TURKMENISTAN,13
2018,7,TUVALU,1
2018,7,UGANDA,13
2018,7,UKRAINE,1409
2018,7,UNITED ARAB EMIRATES,1199
2018,7,UNITED KINGDOM,25208
2018,7,UNITED STATES,7164
2018,7,URUGUAY,3
2018,7,UZBEKISTAN,70
2018,7,VANUATU,2
2018,7,VATICAN CITY,0
2018,7,VENEZUELA,11
2018,7,VIETNAM,241
2018,7,YEMEN,249
2018,7,ZAMBIA,11
2018,7,ZIMBABWE,46
2018,8,AFGHANISTAN,78
2018,8,ALBANIA,19
2018,8,ALGERIA,71
2018,8,ANDORRA,16
2018,8,ANGOLA,0
2018,8,ANTIGUA AND BARBUDA,1
2018,8,ARGENTINA,54
2018,8,ARMENIA,102
2018,8,AUSTRALIA,8239
2018,8,AUSTRIA,1216
2018,8,AZERBAIJAN,30
2018,8,BAHAMAS,5
2018,8,BAHRAIN,432
2018,8,BANGLADESH,1060
2018,8,BARBADOS,1
2018,8,BELARUS,96
2018,8,BELGIUM,1994
2018,8,BELIZE,1
2018,8,BENIN,1
2018,8,BHUTAN,48
2018,8,BOLIVIA,9
2018,8,BOSNIA AND HERZEGOVINA,9
2018,8,BOTSWANA,5
2018,8,BRAZIL,98
2018,8,BRUNEI,10
2018,8,BULGARIA,96
2018,8,BURKINA FASO,1
2018,8,BURUNDI,1
2018,8,CAMBODIA,35
2018,8,CAMEROON,2
2018,8,CANADA,5440
2018,8,CAPE VERDE,1
2018,8,CENTRAL AFRICAN,0
2018,8,CHAD,1
2018,8,CHILE,59
2018,8,CHINA,26558
2018,8,COLOMBIA,52
2018,8,COMOROS,36
2018,8,COSTA RICA,15
2018,8,COTE D IVOIRE,2
2018,8,CROATIA,125
2018,8,CUBA,1
2018,8,CYPRUS,98
2018,8,CZECHIA,637
2018,8,DEMOCRATIC REPUBLIC OF THE CONGO,3
2018,8,DENMARK,925
2018,8,DJIBOUTI,0
2018,8,DOMINICA,3
2018,8,DOMINICAN REPUBLIC,3
2018,8,ECUADOR,12
2018,8,EGYPT,391
2018,8,EL SALVADOR,2
2018,8,ERITREA,2
2018,8,ESTONIA,56
2018,8,ETHIOPIA,17
2018,8,FIJI,17
2018,8,FINLAND,211
2018,8,FRANCE,11016
2018,8,GABON,1
2018,8,GAMBIA,2
2018,8,GEORGIA,35
2018,8,GERMANY,10809
2018,8,GHANA,6
2018,8,GREECE,763
2018,8,GRENADA,0
2018,8,GUATEMALA,6
2018,8,GUINEA- BISSAU,3
2018,8,GUYANA,2
2018,8,HAITI,1
2018,8,HONDURAS,3
2018,8,HONG KONG,3
2018,8,HUNGARY,183
2018,8,ICELAND,31
2018,8,INDIA,32115
2018,8,INDONESIA,471
2018,8,IRAN,580
2018,8,IRAQ,124
2018,8,IRELAND,823
2018,8,ISRAEL,1976
2018,8,ITALY,5747
2018,8,JAMAICA,14
2018,8,JAPAN,5625
2018,8,JORDAN,314
2018,8,KAZAKHSTAN,77
2018,8,KENYA,61
2018,8,KIRIBATI,0
2018,8,KOSOVO,3
2018,8,KUWAIT,599
2018,8,KYRGYZSTAN,14
2018,8,LAOS,23
2018,8,LATVIA,56
2018,8,LEBANON,630
2018,8,LESOTHO,1
2018,8,LIBERIA,0
2018,8,LIBYA,6
2018,8,LIECHTENSTEIN,6
2018,8,LITHUANIA,118
2018,8,LUXEMBOURG,177
2018,8,MADAGASCAR,9
2018,8,MALAWI,1
2018,8,MALAYSIA,2101
2018,8,MALDIVES,6880
2018,8,MALI,1
2018,8,MALTA,51
2018,8,MARSHALL ISLANDS,1
2018,8,MAURITANIA,0
2018,8,MAURITIUS,32
2018,8,MEXICO,68
2018,8,MICRONESIA,0
2018,8,MOLDOVA,23
2018,8,MONACO,8
2018,8,MONGOLIA,8
2018,8,MONTENEGRO,18
2018,8,MOROCCO,127
2018,8,MOZAMBIQUE,5
2018,8,MYANMAR,695
2018,8,NAMIBIA,6
2018,8,NAURU,0
2018,8,NEPAL,444
2018,8,NETHERLAND ANTILLES,0
2018,8,NETHERLANDS,6182
2018,8,NEW ZEALAND,1091
2018,8,NICARAGUA,0
2018,8,NIGER,0
2018,8,NIGERIA,28
2018,8,NORTH KOREA,0
2018,8,NORTH MACEDONIA,19
2018,8,NORWAY,952
2018,8,OMAN,965
2018,8,PAKISTAN,1709
2018,8,PALAU,5
2018,8,PALESTINIAN TERRITORIES,163
2018,8,PANAMA,3
2018,8,PAPUA NEW GUINEA,18
2018,8,PARAGUAY,2
2018,8,PERU,21
2018,8,PHILIPPINES,1723
2018,8,POLAND,1021
2018,8,PORTUGAL,653
2018,8,QATAR,379
2018,8,REPUBLIC OF THE CONGO,1
2018,8,ROMANIA,280
2018,8,RUSSIA,1174
2018,8,RWANDA,6
2018,8,SAINT KITTS AND NEVIS,9
2018,8,SAINT LUCIA,1
2018,8,SAINT VINCENT AND THE GRENADINES,0
2018,8,SAMOA,0
2018,8,SAN MARINO,0
2018,8,SAO TOME AND PRINCIPE,0
2018,8,SAUDI ARABIA,6517
2018,8,SENEGAL,4
2018,8,SERBIA,115
2018,8,SEYCHELLES,0
2018,8,SIERRA LEONE,1
2018,8,SINGAPORE,1904
2018,8,SLOVAK,259
2018,8,SLOVENIA,185
2018,8,SOLOMAN ISLANDS,3
2018,8,SOMALIA,4
2018,8,SOUTH AFRICA,457
2018,8,SOUTH KOREA,1583
2018,8,SOUTH SUDAN,1
2018,8,SPAIN,5782
2018,8,SUDAN,67
2018,8,SURINAME,5
2018,8,SWAZILAND,0
2018,8,SWEDEN,665
2018,8,SWITZERLAND,1744
2018,8,SYRIAN ARAB,5
2018,8,TAIWAN,794
2018,8,TAJIKISTAN,0
2018,8,TANZANIA,25
2018,8,THAILAND,823
2018,8,TIMOR-LESTE,16
2018,8,TOGO,0
2018,8,TONGA,2
2018,8,TRINIDAD AND TOBAGO,2
2018,8,TUNISIA,45
2018,8,TURKEY,375
2018,8,TURKMENISTAN,5
2018,8,TUVALU,0
2018,8,UGANDA,11
2018,8,UKRAINE,1513
2018,8,UNITED ARAB EMIRATES,1045
2018,8,UNITED KINGDOM,23643
2018,8,UNITED STATES,4410
2018,8,URUGUAY,8
2018,8,UZBEKISTAN,36
2018,8,VANUATU,2
2018,8,VATICAN CITY,0
2018,8,VENEZUELA,33
2018,8,VIETNAM,298
2018,8,YEMEN,244
2018,8,ZAMBIA,5
2018,8,ZIMBABWE,19
2018,9,AFGHANISTAN,34
2018,9,ALBANIA,14
2018,9,ALGERIA,27
2018,9,ANDORRA,3
2018,9,ANGOLA,2
2018,9,ANTIGUA AND BARBUDA,1
2018,9,ARGENTINA,92
2018,9,ARMENIA,123
2018,9,AUSTRALIA,8746
2018,9,AUSTRIA,875
2018,9,AZERBAIJAN,24
2018,9,BAHAMAS,3
2018,9,BAHRAIN,99
2018,9,BANGLADESH,771
2018,9,BARBADOS,0
2018,9,BELARUS,174
2018,9,BELGIUM,1384
2018,9,BELIZE,0
2018,9,BENIN,2
2018,9,BHUTAN,38
2018,9,BOLIVIA,6
2018,9,BOSNIA AND HERZEGOVINA,13
2018,9,BOTSWANA,1
2018,9,BRAZIL,102
2018,9,BRUNEI,4
2018,9,BULGARIA,93
2018,9,BURKINA FASO,3
2018,9,BURUNDI,1
2018,9,CAMBODIA,37
2018,9,CAMEROON,4
2018,9,CANADA,2903
2018,9,CAPE VERDE,1
2018,9,CENTRAL AFRICAN,0
2018,9,CHAD,0
2018,9,CHILE,55
2018,9,CHINA,19600
2018,9,COLOMBIA,43
2018,9,COMOROS,16
2018,9,COSTA RICA,26
2018,9,COTE D IVOIRE,1
2018,9,CROATIA,83
2018,9,CUBA,4
2018,9,CYPRUS,37
2018,9,CZECHIA,889
2018,9,DEMOCRATIC REPUBLIC OF THE CONGO,3
2018,9,DENMARK,576
2018,9,DJIBOUTI,0
2018,9,DOMINICA,1
2018,9,DOMINICAN REPUBLIC,0
2018,9,ECUADOR,8
2018,9,EGYPT,230
2018,9,EL SALVADOR,1
2018,9,ERITREA,7
2018,9,ESTONIA,34
2018,9,ETHIOPIA,10
2018,9,FIJI,17
2018,9,FINLAND,231
2018,9,FRANCE,4316
2018,9,GABON,0
2018,9,GAMBIA,0
2018,9,GEORGIA,79
2018,9,GERMANY,9668
2018,9,GHANA,14
2018,9,GREECE,511
2018,9,GRENADA,0
2018,9,GUATEMALA,7
2018,9,GUINEA- BISSAU,1
2018,9,GUYANA,0
2018,9,HAITI,2
2018,9,HONDURAS,4
2018,9,HONG KONG,4
2018,9,HUNGARY,147
2018,9,ICELAND,23
2018,9,INDIA,32300
2018,9,INDONESIA,381
2018,9,IRAN,230
2018,9,IRAQ,126
2018,9,IRELAND,758
2018,9,ISRAEL,2778
2018,9,ITALY,1654
2018,9,JAMAICA,7
2018,9,JAPAN,4480
2018,9,JORDAN,200
2018,9,KAZAKHSTAN,132
2018,9,KENYA,55
2018,9,KIRIBATI,0
2018,9,KOSOVO,6
2018,9,KUWAIT,154
2018,9,KYRGYZSTAN,18
2018,9,LAOS,7
2018,9,LATVIA,124
2018,9,LEBANON,367
2018,9,LESOTHO,0
2018,9,LIBERIA,2
2018,9,LIBYA,8
2018,9,LIECHTENSTEIN,7
2018,9,LITHUANIA,142
2018,9,LUXEMBOURG,41
2018,9,MADAGASCAR,23
2018,9,MALAWI,3
2018,9,MALAYSIA,1903
2018,9,MALDIVES,4695
2018,9,MALI,1
2018,9,MALTA,56
2018,9,MARSHALL ISLANDS,0
2018,9,MAURITANIA,0
2018,9,MAURITIUS,79
2018,9,MEXICO,73
2018,9,MICRONESIA,0
2018,9,MOLDOVA,26
2018,9,MONACO,0
2018,9,MONGOLIA,24
2018,9,MONTENEGRO,17
2018,9,MOROCCO,63
2018,9,MOZAMBIQUE,2
2018,9,MYANMAR,159
2018,9,NAMIBIA,3
2018,9,NAURU,0
2018,9,NEPAL,377
2018,9,NETHERLAND ANTILLES,0
2018,9,NETHERLANDS,4049
2018,9,NEW ZEALAND,923
2018,9,NICARAGUA,1
2018,9,NIGER,1
2018,9,NIGERIA,47
2018,9,NORTH KOREA,0
2018,9,NORTH MACEDONIA,26
2018,9,NORWAY,605
2018,9,OMAN,305
2018,9,PAKISTAN,1225
2018,9,PALAU,0
2018,9,PALESTINIAN TERRITORIES,60
2018,9,PANAMA,1
2018,9,PAPUA NEW GUINEA,3
2018,9,PARAGUAY,0
2018,9,PERU,20
2018,9,PHILIPPINES,1306
2018,9,POLAND,1117
2018,9,PORTUGAL,334
2018,9,QATAR,56
2018,9,REPUBLIC OF THE CONGO,2
2018,9,ROMANIA,303
2018,9,RUSSIA,1590
2018,9,RWANDA,0
2018,9,SAINT KITTS AND NEVIS,3
2018,9,SAINT LUCIA,0
2018,9,SAINT VINCENT AND THE GRENADINES,0
2018,9,SAMOA,1
2018,9,SAN MARINO,1
2018,9,SAO TOME AND PRINCIPE,0
2018,9,SAUDI ARABIA,1432
2018,9,SENEGAL,3
2018,9,SERBIA,74
2018,9,SEYCHELLES,2
2018,9,SIERRA LEONE,3
2018,9,SINGAPORE,1520
2018,9,SLOVAK,205
2018,9,SLOVENIA,174
2018,9,SOLOMAN ISLANDS,1
2018,9,SOMALIA,12
2018,9,SOUTH AFRICA,413
2018,9,SOUTH KOREA,970
2018,9,SOUTH SUDAN,5
2018,9,SPAIN,2926
2018,9,SUDAN,142
2018,9,SURINAME,8
2018,9,SWAZILAND,0
2018,9,SWEDEN,651
2018,9,SWITZERLAND,1824
2018,9,SYRIAN ARAB,13
2018,9,TAIWAN,474
2018,9,TAJIKISTAN,7
2018,9,TANZANIA,10
2018,9,THAILAND,658
2018,9,TIMOR-LESTE,3
2018,9,TOGO,1
2018,9,TONGA,0
2018,9,TRINIDAD AND TOBAGO,7
2018,9,TUNISIA,57
2018,9,TURKEY,181
2018,9,TURKMENISTAN,1
2018,9,TUVALU,0
2018,9,UGANDA,6
2018,9,UKRAINE,2292
2018,9,UNITED ARAB EMIRATES,279
2018,9,UNITED KINGDOM,14226
2018,9,UNITED STATES,4406
2018,9,URUGUAY,7
2018,9,UZBEKISTAN,74
2018,9,VANUATU,1
2018,9,VATICAN CITY,0
2018,9,VENEZUELA,11
2018,9,VIETNAM,222
2018,9,YEMEN,57
2018,9,ZAMBIA,6
2018,9,ZIMBABWE,35
2018,10,AFGHANISTAN,41
2018,10,ALBANIA,13
2018,10,ALGERIA,20
2018,10,ANDORRA,3
2018,10,ANGOLA,1
2018,10,ANTIGUA AND BARBUDA,1
2018,10,ARGENTINA,87
2018,10,ARMENIA,88
2018,10,AUSTRALIA,6912
2018,10,AUSTRIA,1036
2018,10,AZERBAIJAN,36
2018,10,BAHAMAS,0
2018,10,BAHRAIN,90
2018,10,BANGLADESH,894
2018,10,BARBADOS,2
2018,10,BELARUS,256
2018,10,BELGIUM,816
2018,10,BELIZE,6
2018,10,BENIN,1
2018,10,BHUTAN,29
2018,10,BOLIVIA,4
2018,10,BOSNIA AND HERZEGOVINA,19
2018,10,BOTSWANA,0
2018,10,BRAZIL,125
2018,10,BRUNEI,7
2018,10,BULGARIA,135
2018,10,BURKINA FASO,2
2018,10,BURUNDI,11
2018,10,CAMBODIA,28
2018,10,CAMEROON,5
2018,10,CANADA,2406
2018,10,CAPE VERDE,0
2018,10,CENTRAL AFRICAN,0
2018,10,CHAD,0
2018,10,CHILE,59
2018,10,CHINA,18882
2018,10,COLOMBIA,52
2018,10,COMOROS,15
2018,10,COSTA RICA,6
2018,10,COTE D IVOIRE,1
2018,10,CROATIA,112
2018,10,CUBA,3
2018,10,CYPRUS,32
2018,10,CZECHIA,688
2018,10,DEMOCRATIC REPUBLIC OF THE CONGO,3
2018,10,DENMARK,994
2018,10,DJIBOUTI,1
2018,10,DOMINICA,1
2018,10,DOMINICAN REPUBLIC,4
2018,10,ECUADOR,13
2018,10,EGYPT,225
2018,10,EL SALVADOR,3
2018,10,ERITREA,2
2018,10,ESTONIA,197
2018,10,ETHIOPIA,13
2018,10,FIJI,12
2018,10,FINLAND,368
2018,10,FRANCE,4784
2018,10,GABON,0
2018,10,GAMBIA,0
2018,10,GEORGIA,48
2018,10,GERMANY,9920
2018,10,GHANA,22
2018,10,GREECE,524
2018,10,GRENADA,1
2018,10,GUATEMALA,6
2018,10,GUINEA- BISSAU,1
2018,10,GUYANA,0
2018,10,HAITI,0
2018,10,HONDURAS,8
2018,10,HONG KONG,4
2018,10,HUNGARY,337
2018,10,ICELAND,21
2018,10,INDIA,38169
2018,10,INDONESIA,472
2018,10,IRAN,255
2018,10,IRAQ,38
2018,10,IRELAND,635
2018,10,ISRAEL,466
2018,10,ITALY,1540
2018,10,JAMAICA,4
2018,10,JAPAN,2831
2018,10,JORDAN,181
2018,10,KAZAKHSTAN,86
2018,10,KENYA,111
2018,10,KIRIBATI,0
2018,10,KOSOVO,0
2018,10,KUWAIT,157
2018,10,KYRGYZSTAN,18
2018,10,LAOS,10
2018,10,LATVIA,102
2018,10,LEBANON,179
2018,10,LESOTHO,0
2018,10,LIBERIA,3
2018,10,LIBYA,10
2018,10,LIECHTENSTEIN,6
2018,10,LITHUANIA,231
2018,10,LUXEMBOURG,29
2018,10,MADAGASCAR,3
2018,10,MALAWI,2
2018,10,MALAYSIA,1437
2018,10,MALDIVES,5223
2018,10,MALI,2
2018,10,MALTA,13
2018,10,MARSHALL ISLANDS,0
2018,10,MAURITANIA,0
2018,10,MAURITIUS,28
2018,10,MEXICO,79
2018,10,MICRONESIA,1
2018,10,MOLDOVA,11
2018,10,MONACO,2
2018,10,MONGOLIA,9
2018,10,MONTENEGRO,11
2018,10,MOROCCO,73
2018,10,MOZAMBIQUE,4
2018,10,MYANMAR,138
2018,10,NAMIBIA,3
2018,10,NAURU,0
2018,10,NEPAL,642
2018,10,NETHERLAND ANTILLES,0
2018,10,NETHERLANDS,3222
2018,10,NEW ZEALAND,947
2018,10,NICARAGUA,2
2018,10,NIGER,0
2018,10,NIGERIA,36
2018,10,NORTH KOREA,0
2018,10,NORTH MACEDONIA,16
2018,10,NORWAY,821
2018,10,OMAN,209
2018,10,PAKISTAN,1381
2018,10,PALAU,0
2018,10,PALESTINIAN TERRITORIES,77
2018,10,PANAMA,5
2018,10,PAPUA NEW GUINEA,3
2018,10,PARAGUAY,3
2018,10,PERU,20
2018,10,PHILIPPINES,1460
2018,10,POLAND,1109
2018,10,PORTUGAL,601
2018,10,QATAR,59
2018,10,REPUBLIC OF THE CONGO,0
2018,10,ROMANIA,349
2018,10,RUSSIA,3096
2018,10,RWANDA,1
2018,10,SAINT KITTS AND NEVIS,4
2018,10,SAINT LUCIA,1
2018,10,SAINT VINCENT AND THE GRENADINES,0
2018,10,SAMOA,0
2018,10,SAN MARINO,0
2018,10,SAO TOME AND PRINCIPE,0
2018,10,SAUDI ARABIA,1030
2018,10,SENEGAL,1
2018,10,SERBIA,74
2018,10,SEYCHELLES,0
2018,10,SIERRA LEONE,3
2018,10,SINGAPORE,1219
2018,10,SLOVAK,267
2018,10,SLOVENIA,417
2018,10,SOLOMAN ISLANDS,2
2018,10,SOMALIA,4
2018,10,SOUTH AFRICA,354
2018,10,SOUTH KOREA,1066
2018,10,SOUTH SUDAN,0
2018,10,SPAIN,2178
2018,10,SUDAN,24
2018,10,SURINAME,4
2018,10,SWAZILAND,0
2018,10,SWEDEN,1234
2018,10,SWITZERLAND,1974
2018,10,SYRIAN ARAB,25
2018,10,TAIWAN,465
2018,10,TAJIKISTAN,6
2018,10,TANZANIA,18
2018,10,THAILAND,581
2018,10,TIMOR-LESTE,3
2018,10,TOGO,2
2018,10,TONGA,2
2018,10,TRINIDAD AND TOBAGO,6
2018,10,TUNISIA,29
2018,10,TURKEY,234
2018,10,TURKMENISTAN,8
2018,10,TUVALU,1
2018,10,UGANDA,16
2018,10,UKRAINE,2687
2018,10,UNITED ARAB EMIRATES,296
2018,10,UNITED KINGDOM,17673
2018,10,UNITED STATES,3714
2018,10,URUGUAY,7
2018,10,UZBEKISTAN,40
2018,10,VANUATU,1
2018,10,VATICAN CITY,0
2018,10,VENEZUELA,18
2018,10,VIETNAM,272
2018,10,YEMEN,76
2018,10,ZAMBIA,8
2018,10,ZIMBABWE,12
2018,11,AFGHANISTAN,52
2018,11,ALBANIA,12
2018,11,ALGERIA,27
2018,11,ANDORRA,1
2018,11,ANGOLA,1
2018,11,ANTIGUA AND BARBUDA,0
2018,11,ARGENTINA,169
2018,11,ARMENIA,79
2018,11,AUSTRALIA,10299
2018,11,AUSTRIA,1692
2018,11,AZERBAIJAN,19
2018,11,BAHAMAS,0
2018,11,BAHRAIN,103
2018,11,BANGLADESH,736
2018,11,BARBADOS,0
2018,11,BELARUS,500
2018,11,BELGIUM,1045
2018,11,BELIZE,0
2018,11,BENIN,1
2018,11,BHUTAN,47
2018,11,BOLIVIA,5
2018,11,BOSNIA AND HERZEGOVINA,30
2018,11,BOTSWANA,1
2018,11,BRAZIL,298
2018,11,BRUNEI,5
2018,11,BULGARIA,223
2018,11,BURKINA FASO,0
2018,11,BURUNDI,1
2018,11,CAMBODIA,64
2018,11,CAMEROON,2
2018,11,CANADA,3496
2018,11,CAPE VERDE,0
2018,11,CENTRAL AFRICAN,0
2018,11,CHAD,2
2018,11,CHILE,119
2018,11,CHINA,18888
2018,11,COLOMBIA,53
2018,11,COMOROS,20
2018,11,COSTA RICA,3
2018,11,COTE D IVOIRE,2
2018,11,CROATIA,147
2018,11,CUBA,12
2018,11,CYPRUS,51
2018,11,CZECHIA,1898
2018,11,DEMOCRATIC REPUBLIC OF THE CONGO,0
2018,11,DENMARK,943
2018,11,DJIBOUTI,0
2018,11,DOMINICA,7
2018,11,DOMINICAN REPUBLIC,5
2018,11,ECUADOR,5
2018,11,EGYPT,339
2018,11,EL SALVADOR,1
2018,11,ERITREA,3
2018,11,ESTONIA,205
2018,11,ETHIOPIA,21
2018,11,FIJI,13
2018,11,FINLAND,688
2018,11,FRANCE,6825
2018,11,GABON,0
2018,11,GAMBIA,0
2018,11,GEORGIA,56
2018,11,GERMANY,18754
2018,11,GHANA,15
2018,11,GREECE,726
2018,11,GRENADA,2
2018,11,GUATEMALA,3
2018,11,GUINEA- BISSAU,1
2018,11,GUYANA,4
2018,11,HAITI,1
2018,11,HONDURAS,2
2018,11,HONG KONG,0
2018,11,HUNGARY,301
2018,11,ICELAND,39
2018,11,INDIA,39137
2018,11,INDONESIA,414
2018,11,IRAN,196
2018,11,IRAQ,70
2018,11,IRELAND,890
2018,11,ISRAEL,703
2018,11,ITALY,1976
2018,11,JAMAICA,4
2018,11,JAPAN,2658
2018,11,JORDAN,294
2018,11,KAZAKHSTAN,134
2018,11,KENYA,58
2018,11,KIRIBATI,0
2018,11,KOSOVO,0
2018,11,KUWAIT,201
2018,11,KYRGYZSTAN,17
2018,11,LAOS,16
2018,11,LATVIA,235
2018,11,LEBANON,427
2018,11,LESOTHO,0
2018,11,LIBERIA,0
2018,11,LIBYA,8
2018,11,LIECHTENSTEIN,11
2018,11,LITHUANIA,288
2018,11,LUXEMBOURG,68
2018,11,MADAGASCAR,9
2018,11,MALAWI,2
2018,11,MALAYSIA,2101
2018,11,MALDIVES,7418
2018,11,MALI,4
2018,11,MALTA,38
2018,11,MARSHALL ISLANDS,1
2018,11,MAURITANIA,0
2018,11,MAURITIUS,97
2018,11,MEXICO,112
2018,11,MICRONESIA,0
2018,11,MOLDOVA,42
2018,11,MONACO,1
2018,11,MONGOLIA,22
2018,11,MONTENEGRO,65
2018,11,MOROCCO,81
2018,11,MOZAMBIQUE,1
2018,11,MYANMAR,372
2018,11,NAMIBIA,0
2018,11,NAURU,0
2018,11,NEPAL,391
2018,11,NETHERLAND ANTILLES,0
2018,11,NETHERLANDS,3320
2018,11,NEW ZEALAND,1129
2018,11,NICARAGUA,3
2018,11,NIGER,0
2018,11,NIGERIA,37
2018,11,NORTH KOREA,0
2018,11,NORTH MACEDONIA,16
2018,11,NORWAY,1090
2018,11,OMAN,310
2018,11,PAKISTAN,1401
2018,11,PALAU,0
2018,11,PALESTINIAN TERRITORIES,74
2018,11,PANAMA,9
2018,11,PAPUA NEW GUINEA,8
2018,11,PARAGUAY,2
2018,11,PERU,20
2018,11,PHILIPPINES,1560
2018,11,POLAND,2658
2018,11,PORTUGAL,574
2018,11,QATAR,51
2018,11,REPUBLIC OF THE CONGO,2
2018,11,ROMANIA,483
2018,11,RUSSIA,8090
2018,11,RWANDA,1
2018,11,SAINT KITTS AND NEVIS,2
2018,11,SAINT LUCIA,0
2018,11,SAINT VINCENT AND THE GRENADINES,0
2018,11,SAMOA,0
2018,11,SAN MARINO,0
2018,11,SAO TOME AND PRINCIPE,0
2018,11,SAUDI ARABIA,849
2018,11,SENEGAL,3
2018,11,SERBIA,178
2018,11,SEYCHELLES,0
2018,11,SIERRA LEONE,3
2018,11,SINGAPORE,1669
2018,11,SLOVAK,543
2018,11,SLOVENIA,195
2018,11,SOLOMAN ISLANDS,0
2018,11,SOMALIA,9
2018,11,SOUTH AFRICA,380
2018,11,SOUTH KOREA,1444
2018,11,SOUTH SUDAN,0
2018,11,SPAIN,2604
2018,11,SUDAN,88
2018,11,SURINAME,4
2018,11,SWAZILAND,1
2018,11,SWEDEN,2016
2018,11,SWITZERLAND,3531
2018,11,SYRIAN ARAB,23
2018,11,TAIWAN,569
2018,11,TAJIKISTAN,11
2018,11,TANZANIA,22
2018,11,THAILAND,593
2018,11,TIMOR-LESTE,1
2018,11,TOGO,0
2018,11,TONGA,1
2018,11,TRINIDAD AND TOBAGO,21
2018,11,TUNISIA,66
2018,11,TURKEY,236
2018,11,TURKMENISTAN,5
2018,11,TUVALU,0
2018,11,UGANDA,19
2018,11,UKRAINE,3449
2018,11,UNITED ARAB EMIRATES,412
2018,11,UNITED KINGDOM,21971
2018,11,UNITED STATES,5799
2018,11,URUGUAY,9
2018,11,UZBEKISTAN,44
2018,11,VANUATU,1
2018,11,VATICAN CITY,0
2018,11,VENEZUELA,13
2018,11,VIETNAM,200
2018,11,YEMEN,74
2018,11,ZAMBIA,45
2018,11,ZIMBABWE,17
2018,12,AFGHANISTAN,72
2018,12,ALBANIA,31
2018,12,ALGERIA,43
2018,12,ANDORRA,4
2018,12,ANGOLA,1
2018,12,ANTIGUA AND BARBUDA,3
2018,12,ARGENTINA,103
2018,12,ARMENIA,165
2018,12,AUSTRALIA,14961
2018,12,AUSTRIA,2014
2018,12,AZERBAIJAN,108
2018,12,BAHAMAS,0
2018,12,BAHRAIN,308
2018,12,BANGLADESH,1019
2018,12,BARBADOS,0
2018,12,BELARUS,578
2018,12,BELGIUM,1719
2018,12,BELIZE,2
2018,12,BENIN,4
2018,12,BHUTAN,136
2018,12,BOLIVIA,6
2018,12,BOSNIA AND HERZEGOVINA,43
2018,12,BOTSWANA,13
2018,12,BRAZIL,269
2018,12,BRUNEI,11
2018,12,BULGARIA,607
2018,12,BURKINA FASO,4
2018,12,BURUNDI,2
2018,12,CAMBODIA,19
2018,12,CAMEROON,1
2018,12,CANADA,4680
2018,12,CAPE VERDE,1
2018,12,CENTRAL AFRICAN,0
2018,12,CHAD,0
2018,12,CHILE,89
2018,12,CHINA,18283
2018,12,COLOMBIA,113
2018,12,COMOROS,2
2018,12,COSTA RICA,20
2018,12,COTE D IVOIRE,1
2018,12,CROATIA,294
2018,12,CUBA,8
2018,12,CYPRUS,72
2018,12,CZECHIA,2228
2018,12,DEMOCRATIC REPUBLIC OF THE CONGO,4
2018,12,DENMARK,2008
2018,12,DJIBOUTI,1
2018,12,DOMINICA,10
2018,12,DOMINICAN REPUBLIC,3
2018,12,ECUADOR,16
2018,12,EGYPT,518
2018,12,EL SALVADOR,5
2018,12,ERITREA,12
2018,12,ESTONIA,634
2018,12,ETHIOPIA,14
2018,12,FIJI,16
2018,12,FINLAND,1860
2018,12,FRANCE,9475
2018,12,GABON,0
2018,12,GAMBIA,1
2018,12,GEORGIA,60
2018,12,GERMANY,16624
2018,12,GHANA,7
2018,12,GREECE,884
2018,12,GRENADA,2
2018,12,GUATEMALA,3
2018,12,GUINEA- BISSAU,4
2018,12,GUYANA,0
2018,12,HAITI,0
2018,12,HONDURAS,5
2018,12,HONG KONG,0
2018,12,HUNGARY,630
2018,12,ICELAND,55
2018,12,INDIA,45797
2018,12,INDONESIA,514
2018,12,IRAN,248
2018,12,IRAQ,94
2018,12,IRELAND,1320
2018,12,ISRAEL,1125
2018,12,ITALY,5176
2018,12,JAMAICA,7
2018,12,JAPAN,4657
2018,12,JORDAN,392
2018,12,KAZAKHSTAN,431
2018,12,KENYA,195
2018,12,KIRIBATI,0
2018,12,KOSOVO,4
2018,12,KUWAIT,213
2018,12,KYRGYZSTAN,47
2018,12,LAOS,4
2018,12,LATVIA,324
2018,12,LEBANON,645
2018,12,LESOTHO,0
2018,12,LIBERIA,0
2018,12,LIBYA,5
2018,12,LIECHTENSTEIN,24
2018,12,LITHUANIA,422
2018,12,LUXEMBOURG,79
2018,12,MADAGASCAR,11
2018,12,MALAWI,6
2018,12,MALAYSIA,2307
2018,12,MALDIVES,12054
2018,12,MALI,1
2018,12,MALTA,87
2018,12,MARSHALL ISLANDS,0
2018,12,MAURITANIA,0
2018,12,MAURITIUS,98
2018,12,MEXICO,116
2018,12,MICRONESIA,1
2018,12,MOLDOVA,53
2018,12,MONACO,24
2018,12,MONGOLIA,18
2018,12,MONTENEGRO,14
2018,12,MOROCCO,147
2018,12,MOZAMBIQUE,7
2018,12,MYANMAR,431
2018,12,NAMIBIA,20
2018,12,NAURU,0
2018,12,NEPAL,480
2018,12,NETHERLAND ANTILLES,0
2018,12,NETHERLANDS,4323
2018,12,NEW ZEALAND,1938
2018,12,NICARAGUA,3
2018,12,NIGER,0
2018,12,NIGERIA,27
2018,12,NORTH KOREA,0
2018,12,NORTH MACEDONIA,35
2018,12,NORWAY,1852
2018,12,OMAN,274
2018,12,PAKISTAN,2066
2018,12,PALAU,0
2018,12,PALESTINIAN TERRITORIES,80
2018,12,PANAMA,4
2018,12,PAPUA NEW GUINEA,13
2018,12,PARAGUAY,3
2018,12,PERU,32
2018,12,PHILIPPINES,1427
2018,12,POLAND,2533
2018,12,PORTUGAL,862
2018,12,QATAR,111
2018,12,REPUBLIC OF THE CONGO,0
2018,12,ROMANIA,1042
2018,12,RUSSIA,11258
2018,12,RWANDA,3
2018,12,SAINT KITTS AND NEVIS,10
2018,12,SAINT LUCIA,1
2018,12,SAINT VINCENT AND THE GRENADINES,0
2018,12,SAMOA,0
2018,12,SAN MARINO,1
2018,12,SAO TOME AND PRINCIPE,0
2018,12,SAUDI ARABIA,2656
2018,12,SENEGAL,2
2018,12,SERBIA,293
2018,12,SEYCHELLES,1
2018,12,SIERRA LEONE,0
2018,12,SINGAPORE,2524
2018,12,SLOVAK,529
2018,12,SLOVENIA,487
2018,12,SOLOMAN ISLANDS,0
2018,12,SOMALIA,14
2018,12,SOUTH AFRICA,1752
2018,12,SOUTH KOREA,1311
2018,12,SOUTH SUDAN,7
2018,12,SPAIN,2251
2018,12,SUDAN,72
2018,12,SURINAME,0
2018,12,SWAZILAND,1
2018,12,SWEDEN,6834
2018,12,SWITZERLAND,4097
2018,12,SYRIAN ARAB,49
2018,12,TAIWAN,597
2018,12,TAJIKISTAN,2
2018,12,TANZANIA,25
2018,12,THAILAND,1031
2018,12,TIMOR-LESTE,1
2018,12,TOGO,0
2018,12,TONGA,2
2018,12,TRINIDAD AND TOBAGO,8
2018,12,TUNISIA,104
2018,12,TURKEY,631
2018,12,TURKMENISTAN,6
2018,12,TUVALU,0
2018,12,UGANDA,13
2018,12,UKRAINE,4834
2018,12,UNITED ARAB EMIRATES,542
2018,12,UNITED KINGDOM,26828
2018,12,UNITED STATES,8848
2018,12,URUGUAY,11
2018,12,UZBEKISTAN,47
2018,12,VANUATU,0
2018,12,VATICAN CITY,0
2018,12,VENEZUELA,26
2018,12,VIETNAM,186
2018,12,YEMEN,128
2018,12,ZAMBIA,9
2018,12,ZIMBABWE,26
2019,1,AFGHANISTAN,49
2019,1,ALBANIA,48
2019,1,ALGERIA,34
2019,1,ANDORRA,2
2019,1,ANGOLA,4
2019,1,ANTIGUA AND BARBUDA,1
2019,1,ARGENTINA,192
2019,1,ARMENIA,156
2019,1,AUSTRALIA,10368
2019,1,AUSTRIA,2288
2019,1,AZERBAIJAN,53
2019,1,BAHAMAS,2
2019,1,BAHRAIN,394
2019,1,BANGLADESH,946
2019,1,BARBADOS,4
2019,1,BELARUS,997
2019,1,BELGIUM,1278
2019,1,BELIZE,4
2019,1,BENIN,0
2019,1,BHUTAN,37
2019,1,BOLIVIA,4
2019,1,BOSNIA AND HERZEGOVINA,32
2019,1,BOTSWANA,7
2019,1,BRAZIL,330
2019,1,BRUNEI,4
2019,1,BULGARIA,341
2019,1,BURKINA FASO,0
2019,1,BURUNDI,1
2019,1,CAMBODIA,128
2019,1,CAMEROON,0
2019,1,CANADA,5840
2019,1,CAPE VERDE,0
2019,1,CHAD,0
2019,1,CHILE,132
2019,1,CHINA,26414
2019,1,COLOMBIA,88
2019,1,COMOROS,20
2019,1,COSTA RICA,21
2019,1,COTE D IVOIRE,0
2019,1,CROATIA,452
2019,1,CUBA,2
2019,1,CYPRUS,68
2019,1,CZECHIA,2787
2019,1,DEMOCRATIC REPUBLIC OF THE CONGO,6
2019,1,DENMARK,3059
2019,1,DJIBOUTI,1
2019,1,DOMINICA,6
2019,1,DOMINICAN REPUBLIC,5
2019,1,ECUADOR,14
2019,1,EGYPT,320
2019,1,EL SALVADOR,1
2019,1,ERITREA,3
2019,1,ESTONIA,501
2019,1,ETHIOPIA,9
2019,1,FIJI,23
2019,1,FINLAND,1589
2019,1,FRANCE,11892
2019,1,GABON,1
2019,1,GAMBIA,1
2019,1,GEORGIA,102
2019,1,GERMANY,14027
2019,1,GHANA,8
2019,1,GREECE,766
2019,1,GRENADA,0
2019,1,GUATEMALA,7
2019,1,GUINEA,0
2019,1,GUINEA-BISSAU,0
2019,1,GUYANA,6
2019,1,HAITI,1
2019,1,HONDURAS,16
2019,1,HONG KONG,0
2019,1,HUNGARY,845
2019,1,ICELAND,65
2019,1,INDIA,40049
2019,1,INDONESIA,490
2019,1,IRAN,204
2019,1,IRAQ,95
2019,1,IRELAND,1067
2019,1,ISRAEL,1899
2019,1,ITALY,6433
2019,1,JAMAICA,2
2019,1,JAPAN,3553
2019,1,JORDAN,370
2019,1,KAZAKHSTAN,509
2019,1,KENYA,68
2019,1,KIRIBATI,0
2019,1,KOSOVAR,1
2019,1,KUWAIT,545
2019,1,KYRGYZSTAN,91
2019,1,LAOS,7
2019,1,LATVIA,373
2019,1,LEBANON,389
2019,1,LESOTHO,3
2019,1,LIBERIA,1
2019,1,LIBYA,11
2019,1,LIECHTENSTEIN,6
2019,1,LITHUANIA,451
2019,1,LUXEMBOURG,69
2019,1,MADAGASCAR,11
2019,1,MALAWI,6
2019,1,MALAYSIA,1481
2019,1,MALDIVES,6004
2019,1,MALI,6
2019,1,MALTA,105
2019,1,MARSHALL ISLANDS,0
2019,1,MAURITANIA,18
2019,1,MAURITIUS,100
2019,1,MEXICO,144
2019,1,MICRONESIA,0
2019,1,MOLDOVA,87
2019,1,MONACO,6
2019,1,MONGOLIA,31
2019,1,MONTENEGRO,27
2019,1,MOROCCO,128
2019,1,MOZAMBIQUE,4
2019,1,MYANMAR,248
2019,1,NAMIBIA,2
2019,1,NAURU,0
2019,1,NEPAL,495
2019,1,NETHERLANDS,5101
2019,1,NEW ZEALAND,1067
2019,1,NICARAGUA,1
2019,1,NIGER,0
2019,1,NIGERIA,43
2019,1,NORTH KOREA,0
2019,1,NORTH MACEDONIA,28
2019,1,NORWAY,1906
2019,1,OMAN,564
2019,1,PAKISTAN,1543
2019,1,PALESTINIAN TERRITORIES,77
2019,1,PANAMA,8
2019,1,PAPUA NEW GUINEA,3
2019,1,PARAGUAY,1
2019,1,PERU,33
2019,1,PHILIPPINES,1244
2019,1,POLAND,3840
2019,1,PORTUGAL,452
2019,1,QATAR,65
2019,1,REPUBLIC OF THE CONGO,1
2019,1,ROMANIA,891
2019,1,RUSSIA,13474
2019,1,RWANDA,4
2019,1,SAINT KITTS AND NEVIS,1
2019,1,SAINT LUCIA,0
2019,1,SAINT VINCENT THE GRENADI,3
2019,1,SAMOA,0
2019,1,SAN MARINO,4
2019,1,SAUDI ARABIA,1759
2019,1,SENEGAL,3
2019,1,SERBIA.,274
2019,1,SEYCHELLES,0
2019,1,SEYCHELLS,0
2019,1,SIERRA LEONE,1
2019,1,SINGAPORE,1117
2019,1,SLOVAKIA,780
2019,1,SLOVENIA,377
2019,1,SOLOMON ISLANDS,0
2019,1,SOMALIA,15
2019,1,SOUTH AFRICA-ZUID AFRIKA,870
2019,1,SOUTH KOREA,2140
2019,1,SOUTH SUDAN,0
2019,1,SPAIN,1838
2019,1,SUDAN,65
2019,1,SURINAME,1
2019,1,SWAZILAND,0
2019,1,SWEDEN,4692
2019,1,SWITZERLAND,3457
2019,1,SYRIAN ARAB,16
2019,1,TAIWAN,1097
2019,1,TAJIKISTAN,7
2019,1,TANZANIA,23
2019,1,THAILAND,938
2019,1,TIMOR-LESTE,9
2019,1,TOGO,0
2019,1,TONGA,1
2019,1,TRINIDAD AND TOBAGO,7
2019,1,TUNISIA,90
2019,1,TURKEY,584
2019,1,TURKMENISTAN,1
2019,1,TUVALU,0
2019,1,UGANDA,197
2019,1,UKRAINE,6481
2019,1,UNITED ARAB EMIRATES,346
2019,1,UNITED KINGDOM,26036
2019,1,UNITED STATES,7849
2019,1,URUGUAY,12
2019,1,UZBEKISTAN,66
2019,1,VANUATU,0
2019,1,VENEZUELA,33
2019,1,VIETNAM,189
2019,1,YEMEN,91
2019,1,ZAMBIA,11
2019,1,ZIMBABWE,21
2019,2,AFGHANISTAN,47
2019,2,ALBANIA,33
2019,2,ALGERIA,32
2019,2,ANDORRA,3
2019,2,ANGOLA,2
2019,2,ANTIGUA AND BARBUDA,2
2019,2,ARGENTINA,158
2019,2,ARMENIA,92
2019,2,AUSTRALIA,8810
2019,2,AUSTRIA,2709
2019,2,AZERBAIJAN,64
2019,2,BAHAMAS,2
2019,2,BAHRAIN,162
2019,2,BANGLADESH,731
2019,2,BARBADOS,1
2019,2,BELARUS,930
2019,2,BELGIUM,1681
2019,2,BELIZE,2
2019,2,BENIN,0
2019,2,BHUTAN,74
2019,2,BOLIVIA,2
2019,2,BOSNIA AND HERZEGOVINA,33
2019,2,BOTSWANA,4
2019,2,BRAZIL,233
2019,2,BRUNEI,11
2019,2,BULGARIA,478
2019,2,BURKINA FASO,1
2019,2,BURUNDI,1
2019,2,CAMBODIA,745
2019,2,CAMEROON,1
2019,2,CANADA,6469
2019,2,CAPE VERDE,0
2019,2,CHAD,0
2019,2,CHILE,204
2019,2,CHINA,28039
2019,2,COLOMBIA,68
2019,2,COMOROS,5
2019,2,COSTA RICA,21
2019,2,COTE D IVOIRE,3
2019,2,CROATIA,289
2019,2,CUBA,2
2019,2,CYPRUS,66
2019,2,CZECHIA,4449
2019,2,DEMOCRATIC REPUBLIC OF THE CONGO,7
2019,2,DENMARK,3980
2019,2,DJIBOUTI,0
2019,2,DOMINICA,5
2019,2,DOMINICAN REPUBLIC,3
2019,2,ECUADOR,11
2019,2,EGYPT,304
2019,2,EL SALVADOR,5
2019,2,ERITREA,3
2019,2,ESTONIA,559
2019,2,ETHIOPIA,11
2019,2,FIJI,17
2019,2,FINLAND,1668
2019,2,FRANCE,17295
2019,2,GABON,0
2019,2,GAMBIA,0
2019,2,GEORGIA,64
2019,2,GERMANY,17268
2019,2,GHANA,6
2019,2,GREECE,694
2019,2,GRENADA,2
2019,2,GUATEMALA,8
2019,2,GUINEA,2
2019,2,GUINEA-BISSAU,2
2019,2,GUYANA,1
2019,2,HAITI,0
2019,2,HONDURAS,8
2019,2,HONG KONG,2
2019,2,HUNGARY,856
2019,2,ICELAND,112
2019,2,INDIA,32286
2019,2,INDONESIA,484
2019,2,IRAN,326
2019,2,IRAQ,54
2019,2,IRELAND,1110
2019,2,ISRAEL,1532
2019,2,ITALY,5363
2019,2,JAMAICA,7
2019,2,JAPAN,4878
2019,2,JORDAN,240
2019,2,KAZAKHSTAN,327
2019,2,KENYA,58
2019,2,KIRIBATI,0
2019,2,KOSOVAR,9
2019,2,KUWAIT,467
2019,2,KYRGYZSTAN,43
2019,2,LAOS,13
2019,2,LATVIA,282
2019,2,LEBANON,410
2019,2,LESOTHO,1
2019,2,LIBERIA,0
2019,2,LIBYA,8
2019,2,LIECHTENSTEIN,9
2019,2,LITHUANIA,574
2019,2,LUXEMBOURG,75
2019,2,MADAGASCAR,7
2019,2,MALAWI,0
2019,2,MALAYSIA,2070
2019,2,MALDIVES,4931
2019,2,MALI,0
2019,2,MALTA,120
2019,2,MARSHALL ISLANDS,1
2019,2,MAURITANIA,2
2019,2,MAURITIUS,50
2019,2,MEXICO,133
2019,2,MICRONESIA,0
2019,2,MOLDOVA,83
2019,2,MONACO,2
2019,2,MONGOLIA,20
2019,2,MONTENEGRO,9
2019,2,MOROCCO,96
2019,2,MOZAMBIQUE,4
2019,2,MYANMAR,274
2019,2,NAMIBIA,5
2019,2,NAURU,0
2019,2,NEPAL,467
2019,2,NETHERLANDS,5126
2019,2,NEW ZEALAND,1070
2019,2,NICARAGUA,0
2019,2,NIGER,0
2019,2,NIGERIA,13
2019,2,NORTH KOREA,0
2019,2,NORTH MACEDONIA,18
2019,2,NORWAY,2053
2019,2,OMAN,355
2019,2,PAKISTAN,1496
2019,2,PALESTINIAN TERRITORIES,58
2019,2,PANAMA,15
2019,2,PAPUA NEW GUINEA,0
2019,2,PARAGUAY,3
2019,2,PERU,33
2019,2,PHILIPPINES,1485
2019,2,POLAND,3302
2019,2,PORTUGAL,592
2019,2,QATAR,119
2019,2,REPUBLIC OF THE CONGO,0
2019,2,ROMANIA,913
2019,2,RUSSIA,13008
2019,2,RWANDA,1
2019,2,SAINT KITTS AND NEVIS,5
2019,2,SAINT LUCIA,1
2019,2,SAINT VINCENT THE GRENADI,0
2019,2,SAMOA,1
2019,2,SAN MARINO,4
2019,2,SAUDI ARABIA,1157
2019,2,SENEGAL,1
2019,2,SERBIA.,241
2019,2,SEYCHELLES,1
2019,2,SEYCHELLS,0
2019,2,SIERRA LEONE,4
2019,2,SINGAPORE,1500
2019,2,SLOVAKIA,913
2019,2,SLOVENIA,717
2019,2,SOLOMON ISLANDS,0
2019,2,SOMALIA,10
2019,2,SOUTH AFRICA-ZUID AFRIKA,747
2019,2,SOUTH KOREA,1606
2019,2,SOUTH SUDAN,0
2019,2,SPAIN,1771
2019,2,SUDAN,25
2019,2,SURINAME,1
2019,2,SWAZILAND,0
2019,2,SWEDEN,4739
2019,2,SWITZERLAND,3796
2019,2,SYRIAN ARAB,32
2019,2,TAIWAN,1284
2019,2,TAJIKISTAN,13
2019,2,TANZANIA,19
2019,2,THAILAND,999
2019,2,TIMOR-LESTE,2
2019,2,TOGO,1
2019,2,TONGA,0
2019,2,TRINIDAD AND TOBAGO,5
2019,2,TUNISIA,77
2019,2,TURKEY,692
2019,2,TURKMENISTAN,21
2019,2,TUVALU,0
2019,2,UGANDA,5
2019,2,UKRAINE,5353
2019,2,UNITED ARAB EMIRATES,271
2019,2,UNITED KINGDOM,29750
2019,2,UNITED STATES,9678
2019,2,URUGUAY,13
2019,2,UZBEKISTAN,51
2019,2,VANUATU,1
2019,2,VENEZUELA,27
2019,2,VIETNAM,388
2019,2,YEMEN,54
2019,2,ZAMBIA,2
2019,2,ZIMBABWE,13
2019,3,AFGHANISTAN,59
2019,3,ALBANIA,54
2019,3,ALGERIA,36
2019,3,ANDORRA,5
2019,3,ANGOLA,0
2019,3,ANTIGUA AND BARBUDA,7
2019,3,ARGENTINA,190
2019,3,ARMENIA,85
2019,3,AUSTRALIA,11441
2019,3,AUSTRIA,1932
2019,3,AZERBAIJAN,151
2019,3,BAHAMAS,2
2019,3,BAHRAIN,150
2019,3,BANGLADESH,848
2019,3,BARBADOS,3
2019,3,BELARUS,914
2019,3,BELGIUM,1646
2019,3,BELIZE,3
2019,3,BENIN,1
2019,3,BHUTAN,25
2019,3,BOLIVIA,4
2019,3,BOSNIA AND HERZEGOVINA,29
2019,3,BOTSWANA,2
2019,3,BRAZIL,310
2019,3,BRUNEI,6
2019,3,BULGARIA,375
2019,3,BURKINA FASO,4
2019,3,CAMBODIA,1592
2019,3,CAMEROON,1
2019,3,CANADA,6011
2019,3,CAPE VERDE,1
2019,3,CHAD,4
2019,3,CHILE,85
2019,3,CHINA,23759
2019,3,COLOMBIA,67
2019,3,COMOROS,22
2019,3,COSTA RICA,13
2019,3,COTE D IVOIRE,1
2019,3,CROATIA,218
2019,3,CUBA,7
2019,3,CYPRUS,73
2019,3,CZECHIA,3041
2019,3,DEMOCRATIC REPUBLIC OF THE CONGO,3
2019,3,DENMARK,1845
2019,3,DJIBOUTI,0
2019,3,DOMINICA,7
2019,3,DOMINICAN REPUBLIC,9
2019,3,ECUADOR,12
2019,3,EGYPT,364
2019,3,EL SALVADOR,5
2019,3,ERITREA,6
2019,3,ESTONIA,268
2019,3,ETHIOPIA,19
2019,3,FIJI,17
2019,3,FINLAND,1007
2019,3,FRANCE,13957
2019,3,GABON,0
2019,3,GAMBIA,1
2019,3,GEORGIA,53
2019,3,GERMANY,18134
2019,3,GHANA,13
2019,3,GREECE,643
2019,3,GRENADA,2
2019,3,GUATEMALA,9
2019,3,GUINEA,0
2019,3,GUINEA-BISSAU,0
2019,3,GUYANA,1
2019,3,HAITI,1
2019,3,HONDURAS,4
2019,3,HONG KONG,0
2019,3,HUNGARY,623
2019,3,ICELAND,57
2019,3,INDIA,34812
2019,3,INDONESIA,532
2019,3,IRAN,1025
2019,3,IRAQ,113
2019,3,IRELAND,1224
2019,3,ISRAEL,1077
2019,3,ITALY,4309
2019,3,JAMAICA,14
2019,3,JAPAN,4611
2019,3,JORDAN,295
2019,3,KAZAKHSTAN,266
2019,3,KENYA,41
2019,3,KIRIBATI,0
2019,3,KOSOVAR,0
2019,3,KUWAIT,246
2019,3,KYRGYZSTAN,54
2019,3,LAOS,22
2019,3,LATVIA,274
2019,3,LEBANON,576
2019,3,LESOTHO,0
2019,3,LIBERIA,1
2019,3,LIBYA,12
2019,3,LIECHTENSTEIN,13
2019,3,LITHUANIA,399
2019,3,LUXEMBOURG,85
2019,3,MADAGASCAR,3
2019,3,MALAWI,2
2019,3,MALAYSIA,1998
2019,3,MALDIVES,7802
2019,3,MALI,5
2019,3,MALTA,84
2019,3,MARSHALL ISLANDS,0
2019,3,MAURITANIA,0
2019,3,MAURITIUS,97
2019,3,MEXICO,243
2019,3,MICRONESIA,0
2019,3,MOLDOVA,82
2019,3,MONACO,2
2019,3,MONGOLIA,37
2019,3,MONTENEGRO,29
2019,3,MOROCCO,147
2019,3,MOZAMBIQUE,3
2019,3,MYANMAR,310
2019,3,NAMIBIA,0
2019,3,NAURU,1
2019,3,NEPAL,417
2019,3,NETHERLANDS,4864
2019,3,NEW ZEALAND,1437
2019,3,NICARAGUA,3
2019,3,NIGER,0
2019,3,NIGERIA,16
2019,3,NORTH KOREA,1
2019,3,NORTH MACEDONIA,26
2019,3,NORWAY,1278
2019,3,OMAN,324
2019,3,PAKISTAN,1081
2019,3,PALESTINIAN TERRITORIES,74
2019,3,PANAMA,0
2019,3,PAPUA NEW GUINEA,2
2019,3,PARAGUAY,2
2019,3,PERU,44
2019,3,PHILIPPINES,1413
2019,3,POLAND,2653
2019,3,PORTUGAL,806
2019,3,QATAR,115
2019,3,REPUBLIC OF THE CONGO,0
2019,3,ROMANIA,679
2019,3,RUSSIA,12705
2019,3,RWANDA,3
2019,3,SAINT KITTS AND NEVIS,5
2019,3,SAINT LUCIA,1
2019,3,SAINT VINCENT THE GRENADI,3
2019,3,SAMOA,1
2019,3,SAN MARINO,4
2019,3,SAUDI ARABIA,1402
2019,3,SENEGAL,6
2019,3,SERBIA.,186
2019,3,SEYCHELLES,0
2019,3,SEYCHELLS,0
2019,3,SIERRA LEONE,2
2019,3,SINGAPORE,1824
2019,3,SLOVAKIA,763
2019,3,SLOVENIA,297
2019,3,SOLOMON ISLANDS,1
2019,3,SOMALIA,11
2019,3,SOUTH AFRICA-ZUID AFRIKA,1007
2019,3,SOUTH KOREA,1214
2019,3,SOUTH SUDAN,3
2019,3,SPAIN,2380
2019,3,SUDAN,44
2019,3,SURINAME,2
2019,3,SWAZILAND,1
2019,3,SWEDEN,2660
2019,3,SWITZERLAND,3179
2019,3,SYRIAN ARAB,19
2019,3,TAIWAN,889
2019,3,TAJIKISTAN,8
2019,3,TANZANIA,18
2019,3,THAILAND,983
2019,3,TIMOR-LESTE,3
2019,3,TOGO,1
2019,3,TONGA,1
2019,3,TRINIDAD AND TOBAGO,45
2019,3,TUNISIA,119
2019,3,TURKEY,444
2019,3,TURKMENISTAN,17
2019,3,TUVALU,0
2019,3,UGANDA,10
2019,3,UKRAINE,4239
2019,3,UNITED ARAB EMIRATES,590
2019,3,UNITED KINGDOM,29682
2019,3,UNITED STATES,12543
2019,3,URUGUAY,6
2019,3,UZBEKISTAN,77
2019,3,VANUATU,1
2019,3,VENEZUELA,19
2019,3,VIETNAM,499
2019,3,YEMEN,59
2019,3,ZAMBIA,9
2019,3,ZIMBABWE,25
2019,4,AFGHANISTAN,38
2019,4,ALBANIA,43
2019,4,ALGERIA,32
2019,4,ANDORRA,9
2019,4,ANGOLA,0
2019,4,ANTIGUA AND BARBUDA,2
2019,4,ARGENTINA,267
2019,4,ARMENIA,65
2019,4,AUSTRALIA,9565
2019,4,AUSTRIA,1656
2019,4,AZERBAIJAN,17
2019,4,BAHAMAS,4
2019,4,BAHRAIN,141
2019,4,BANGLADESH,593
2019,4,BARBADOS,0
2019,4,BELARUS,142
2019,4,BELGIUM,1626
2019,4,BELIZE,2
2019,4,BENIN,1
2019,4,BHUTAN,9
2019,4,BOLIVIA,3
2019,4,BOSNIA AND HERZEGOVINA,14
2019,4,BOTSWANA,2
2019,4,BRAZIL,637
2019,4,BRUNEI,2
2019,4,BULGARIA,246
2019,4,BURKINA FASO,0
2019,4,BURUNDI,0
2019,4,CAMBODIA,20
2019,4,CAMEROON,1
2019,4,CANADA,3741
2019,4,CAPE VERDE,0
2019,4,CHAD,0
2019,4,CHILE,100
2019,4,CHINA,14263
2019,4,COLOMBIA,72
2019,4,COMOROS,11
2019,4,COSTA RICA,13
2019,4,COTE D IVOIRE,7
2019,4,CROATIA,186
2019,4,CUBA,1
2019,4,CYPRUS,68
2019,4,CZECHIA,1370
2019,4,DEMOCRATIC REPUBLIC OF THE CONGO,2
2019,4,DENMARK,1887
2019,4,DJIBOUTI,0
2019,4,DOMINICA,6
2019,4,DOMINICAN REPUBLIC,3
2019,4,ECUADOR,10
2019,4,EGYPT,487
2019,4,EL SALVADOR,4
2019,4,ERITREA,3
2019,4,ESTONIA,143
2019,4,ETHIOPIA,16
2019,4,FIJI,13
2019,4,FINLAND,364
2019,4,FRANCE,9148
2019,4,GABON,0
2019,4,GAMBIA,0
2019,4,GEORGIA,26
2019,4,GERMANY,16930
2019,4,GHANA,29
2019,4,GREECE,619
2019,4,GRENADA,0
2019,4,GUATEMALA,6
2019,4,GUINEA,1
2019,4,GUINEA-BISSAU,0
2019,4,GUYANA,1
2019,4,HAITI,3
2019,4,HONDURAS,4
2019,4,HONG KONG,6
2019,4,HUNGARY,267
2019,4,ICELAND,29
2019,4,INDIA,23431
2019,4,INDONESIA,256
2019,4,IRAN,205
2019,4,IRAQ,58
2019,4,IRELAND,1105
2019,4,ISRAEL,1266
2019,4,ITALY,3303
2019,4,JAMAICA,12
2019,4,JAPAN,2203
2019,4,JORDAN,342
2019,4,KAZAKHSTAN,109
2019,4,KENYA,52
2019,4,KIRIBATI,2
2019,4,KOSOVAR,1
2019,4,KUWAIT,247
2019,4,KYRGYZSTAN,36
2019,4,LAOS,18
2019,4,LATVIA,97
2019,4,LEBANON,661
2019,4,LESOTHO,0
2019,4,LIBERIA,0
2019,4,LIBYA,21
2019,4,LIECHTENSTEIN,11
2019,4,LITHUANIA,140
2019,4,LUXEMBOURG,220
2019,4,MADAGASCAR,5
2019,4,MALAWI,2
2019,4,MALAYSIA,995
2019,4,MALDIVES,4655
2019,4,MALI,1
2019,4,MALTA,53
2019,4,MARSHALL ISLANDS,0
2019,4,MAURITANIA,2
2019,4,MAURITIUS,52
2019,4,MEXICO,349
2019,4,MICRONESIA,0
2019,4,MOLDOVA,16
2019,4,MONACO,17
2019,4,MONGOLIA,3
2019,4,MONTENEGRO,14
2019,4,MOROCCO,100
2019,4,MOZAMBIQUE,1
2019,4,MYANMAR,159
2019,4,NAMIBIA,5
2019,4,NAURU,0
2019,4,NEPAL,449
2019,4,NETHERLANDS,3523
2019,4,NEW ZEALAND,1483
2019,4,NICARAGUA,1
2019,4,NIGER,0
2019,4,NIGERIA,4
2019,4,NORTH KOREA,0
2019,4,NORTH MACEDONIA,19
2019,4,NORWAY,1246
2019,4,OMAN,282
2019,4,PAKISTAN,848
2019,4,PALESTINIAN TERRITORIES,111
2019,4,PANAMA,2
2019,4,PAPUA NEW GUINEA,1
2019,4,PARAGUAY,2
2019,4,PERU,39
2019,4,PHILIPPINES,1308
2019,4,POLAND,914
2019,4,PORTUGAL,673
2019,4,QATAR,220
2019,4,REPUBLIC OF THE CONGO,0
2019,4,ROMANIA,444
2019,4,RUSSIA,3680
2019,4,RWANDA,0
2019,4,SAINT KITTS AND NEVIS,5
2019,4,SAINT LUCIA,2
2019,4,SAINT VINCENT THE GRENADI,0
2019,4,SAMOA,0
2019,4,SAN MARINO,0
2019,4,SAUDI ARABIA,1212
2019,4,SENEGAL,8
2019,4,SERBIA.,140
2019,4,SEYCHELLES,0
2019,4,SEYCHELLS,0
2019,4,SIERRA LEONE,0
2019,4,SINGAPORE,1037
2019,4,SLOVAKIA,497
2019,4,SLOVENIA,250
2019,4,SOLOMON ISLANDS,0
2019,4,SOMALIA,11
2019,4,SOUTH AFRICA-ZUID AFRIKA,628
2019,4,SOUTH KOREA,677
2019,4,SOUTH SUDAN,0
2019,4,SPAIN,2760
2019,4,SUDAN,59
2019,4,SURINAME,6
2019,4,SWAZILAND,0
2019,4,SWEDEN,1288
2019,4,SWITZERLAND,4531
2019,4,SYRIAN ARAB,15
2019,4,TAIWAN,600
2019,4,TAJIKISTAN,4
2019,4,TANZANIA,17
2019,4,THAILAND,762
2019,4,TIMOR-LESTE,0
2019,4,TOGO,0
2019,4,TONGA,0
2019,4,TRINIDAD AND TOBAGO,10
2019,4,TUNISIA,75
2019,4,TURKEY,335
2019,4,TURKMENISTAN,6
2019,4,TUVALU,0
2019,4,UGANDA,5
2019,4,UKRAINE,1224
2019,4,UNITED ARAB EMIRATES,479
2019,4,UNITED KINGDOM,24718
2019,4,UNITED STATES,4810
2019,4,URUGUAY,25
2019,4,UZBEKISTAN,37
2019,4,VANUATU,1
2019,4,VENEZUELA,22
2019,4,VIETNAM,151
2019,4,YEMEN,87
2019,4,ZAMBIA,2
2019,4,ZIMBABWE,29
2019,5,AFGHANISTAN,2
2019,5,ALBANIA,40
2019,5,ALGERIA,3
2019,5,ANDORRA,4
2019,5,ANGOLA,0
2019,5,ANTIGUA AND BARBUDA,0
2019,5,ARGENTINA,42
2019,5,ARMENIA,12
2019,5,AUSTRALIA,2485
2019,5,AUSTRIA,144
2019,5,AZERBAIJAN,15
2019,5,BAHAMAS,0
2019,5,BAHRAIN,17
2019,5,BANGLADESH,186
2019,5,BARBADOS,1
2019,5,BELARUS,31
2019,5,BELGIUM,153
2019,5,BELIZE,0
2019,5,BENIN,0
2019,5,BHUTAN,11
2019,5,BOLIVIA,0
2019,5,BOSNIA AND HERZEGOVINA,8
2019,5,BOTSWANA,2
2019,5,BRAZIL,46
2019,5,BRUNEI,0
2019,5,BULGARIA,49
2019,5,BURKINA FASO,0
2019,5,BURUNDI,0
2019,5,CAMBODIA,48
2019,5,CAMEROON,0
2019,5,CANADA,1575
2019,5,CAPE VERDE,0
2019,5,CHAD,0
2019,5,CHILE,33
2019,5,CHINA,1589
2019,5,COLOMBIA,33
2019,5,COMOROS,0
2019,5,COSTA RICA,2
2019,5,COTE D IVOIRE,2
2019,5,CROATIA,30
2019,5,CUBA,0
2019,5,CYPRUS,17
2019,5,CZECHIA,167
2019,5,DEMOCRATIC REPUBLIC OF THE CONGO,1
2019,5,DENMARK,119
2019,5,DJIBOUTI,0
2019,5,DOMINICA,0
2019,5,DOMINICAN REPUBLIC,0
2019,5,ECUADOR,2
2019,5,EGYPT,85
2019,5,EL SALVADOR,1
2019,5,ERITREA,1
2019,5,ESTONIA,17
2019,5,ETHIOPIA,3
2019,5,FIJI,5
2019,5,FINLAND,58
2019,5,FRANCE,1120
2019,5,GABON,0
2019,5,GAMBIA,1
2019,5,GEORGIA,18
2019,5,GERMANY,1767
2019,5,GHANA,4
2019,5,GREECE,419
2019,5,GRENADA,0
2019,5,GUATEMALA,0
2019,5,GUINEA,0
2019,5,GUINEA-BISSAU,0
2019,5,GUYANA,0
2019,5,HAITI,0
2019,5,HONDURAS,9
2019,5,HONG KONG,0
2019,5,HUNGARY,66
2019,5,ICELAND,10
2019,5,INDIA,11246
2019,5,INDONESIA,227
2019,5,IRAN,51
2019,5,IRAQ,7
2019,5,IRELAND,111
2019,5,ISRAEL,308
2019,5,ITALY,452
2019,5,JAMAICA,0
2019,5,JAPAN,578
2019,5,JORDAN,23
2019,5,KAZAKHSTAN,13
2019,5,KENYA,16
2019,5,KIRIBATI,0
2019,5,KOSOVAR,0
2019,5,KUWAIT,37
2019,5,KYRGYZSTAN,8
2019,5,LAOS,2
2019,5,LATVIA,30
2019,5,LEBANON,77
2019,5,LESOTHO,1
2019,5,LIBERIA,0
2019,5,LIBYA,8
2019,5,LIECHTENSTEIN,6
2019,5,LITHUANIA,45
2019,5,LUXEMBOURG,7
2019,5,MADAGASCAR,2
2019,5,MALAWI,0
2019,5,MALAYSIA,754
2019,5,MALDIVES,1610
2019,5,MALI,0
2019,5,MALTA,5
2019,5,MARSHALL ISLANDS,0
2019,5,MAURITANIA,0
2019,5,MAURITIUS,4
2019,5,MEXICO,33
2019,5,MICRONESIA,0
2019,5,MOLDOVA,3
2019,5,MONACO,0
2019,5,MONGOLIA,6
2019,5,MONTENEGRO,5
2019,5,MOROCCO,6
2019,5,MOZAMBIQUE,0
2019,5,MYANMAR,163
2019,5,NAMIBIA,0
2019,5,NAURU,0
2019,5,NEPAL,331
2019,5,NETHERLANDS,375
2019,5,NEW ZEALAND,385
2019,5,NICARAGUA,0
2019,5,NIGER,0
2019,5,NIGERIA,4
2019,5,NORTH KOREA,0
2019,5,NORTH MACEDONIA,2
2019,5,NORWAY,172
2019,5,OMAN,15
2019,5,PAKISTAN,169
2019,5,PALESTINIAN TERRITORIES,13
2019,5,PANAMA,0
2019,5,PAPUA NEW GUINEA,1
2019,5,PARAGUAY,1
2019,5,PERU,9
2019,5,PHILIPPINES,759
2019,5,POLAND,218
2019,5,PORTUGAL,94
2019,5,QATAR,7
2019,5,REPUBLIC OF THE CONGO,1
2019,5,ROMANIA,88
2019,5,RUSSIA,844
2019,5,RWANDA,0
2019,5,SAINT KITTS AND NEVIS,1
2019,5,SAINT LUCIA,0
2019,5,SAINT VINCENT THE GRENADI,0
2019,5,SAMOA,1
2019,5,SAN MARINO,1
2019,5,SAUDI ARABIA,75
2019,5,SENEGAL,0
2019,5,SERBIA.,32
2019,5,SEYCHELLES,0
2019,5,SEYCHELLS,0
2019,5,SIERRA LEONE,0
2019,5,SINGAPORE,464
2019,5,SLOVAKIA,68
2019,5,SLOVENIA,15
2019,5,SOLOMON ISLANDS,0
2019,5,SOMALIA,1
2019,5,SOUTH AFRICA-ZUID AFRIKA,152
2019,5,SOUTH KOREA,334
2019,5,SOUTH SUDAN,0
2019,5,SPAIN,327
2019,5,SUDAN,19
2019,5,SURINAME,1
2019,5,SWAZILAND,0
2019,5,SWEDEN,197
2019,5,SWITZERLAND,431
2019,5,SYRIAN ARAB,5
2019,5,TAIWAN,111
2019,5,TAJIKISTAN,4
2019,5,TANZANIA,10
2019,5,THAILAND,547
2019,5,TIMOR-LESTE,0
2019,5,TOGO,0
2019,5,TONGA,0
2019,5,TRINIDAD AND TOBAGO,1
2019,5,TUNISIA,8
2019,5,TURKEY,87
2019,5,TURKMENISTAN,0
2019,5,TUVALU,0
2019,5,UGANDA,13
2019,5,UKRAINE,597
2019,5,UNITED ARAB EMIRATES,17
2019,5,UNITED KINGDOM,2953
2019,5,UNITED STATES,1398
2019,5,URUGUAY,5
2019,5,UZBEKISTAN,16
2019,5,VANUATU,0
2019,5,VENEZUELA,2
2019,5,VIETNAM,107
2019,5,YEMEN,8
2019,5,ZAMBIA,0
2019,5,ZIMBABWE,9
2019,6,AFGHANISTAN,12
2019,6,ALBANIA,31
2019,6,ALGERIA,8
2019,6,ANDORRA,0
2019,6,ANGOLA,0
2019,6,ANTIGUA AND BARBUDA,0
2019,6,ARGENTINA,33
2019,6,ARMENIA,16
2019,6,AUSTRALIA,4410
2019,6,AUSTRIA,251
2019,6,AZERBAIJAN,9
2019,6,BAHAMAS,0
2019,6,BAHRAIN,121
2019,6,BANGLADESH,509
2019,6,BARBADOS,0
2019,6,BELARUS,24
2019,6,BELGIUM,561
2019,6,BELIZE,0
2019,6,BENIN,1
2019,6,BHUTAN,12
2019,6,BOLIVIA,0
2019,6,BOSNIA AND HERZEGOVINA,9
2019,6,BOTSWANA,2
2019,6,BRAZIL,74
2019,6,BRUNEI,5
2019,6,BULGARIA,196
2019,6,BURKINA FASO,0
2019,6,BURUNDI,0
2019,6,CAMBODIA,27
2019,6,CAMEROON,1
2019,6,CANADA,2827
2019,6,CAPE VERDE,0
2019,6,CHAD,1
2019,6,CHILE,24
2019,6,CHINA,3496
2019,6,COLOMBIA,44
2019,6,COMOROS,7
2019,6,COSTA RICA,1
2019,6,COTE D IVOIRE,1
2019,6,CROATIA,38
2019,6,CUBA,2
2019,6,CYPRUS,26
2019,6,CZECHIA,380
2019,6,DEMOCRATIC REPUBLIC OF THE CONGO,1
2019,6,DENMARK,481
2019,6,DJIBOUTI,0
2019,6,DOMINICA,7
2019,6,DOMINICAN REPUBLIC,2
2019,6,ECUADOR,3
2019,6,EGYPT,168
2019,6,EL SALVADOR,3
2019,6,ERITREA,4
2019,6,ESTONIA,11
2019,6,ETHIOPIA,11
2019,6,FIJI,7
2019,6,FINLAND,167
2019,6,FRANCE,1989
2019,6,GABON,0
2019,6,GAMBIA,0
2019,6,GEORGIA,23
2019,6,GERMANY,3312
2019,6,GHANA,1
2019,6,GREECE,387
2019,6,GRENADA,0
2019,6,GUATEMALA,4
2019,6,GUINEA,0
2019,6,GUINEA-BISSAU,0
2019,6,GUYANA,0
2019,6,HAITI,0
2019,6,HONDURAS,4
2019,6,HONG KONG,1
2019,6,HUNGARY,53
2019,6,ICELAND,10
2019,6,INDIA,15048
2019,6,INDONESIA,278
2019,6,IRAN,73
2019,6,IRAQ,23
2019,6,IRELAND,256
2019,6,ISRAEL,429
2019,6,ITALY,675
2019,6,JAMAICA,2
2019,6,JAPAN,880
2019,6,JORDAN,161
2019,6,KAZAKHSTAN,32
2019,6,KENYA,24
2019,6,KIRIBATI,0
2019,6,KOSOVAR,0
2019,6,KUWAIT,159
2019,6,KYRGYZSTAN,7
2019,6,LAOS,6
2019,6,LATVIA,25
2019,6,LEBANON,184
2019,6,LESOTHO,0
2019,6,LIBERIA,0
2019,6,LIBYA,10
2019,6,LIECHTENSTEIN,1
2019,6,LITHUANIA,51
2019,6,LUXEMBOURG,10
2019,6,MADAGASCAR,6
2019,6,MALAWI,0
2019,6,MALAYSIA,857
2019,6,MALDIVES,3350
2019,6,MALI,0
2019,6,MALTA,1
2019,6,MARSHALL ISLANDS,1
2019,6,MAURITANIA,0
2019,6,MAURITIUS,11
2019,6,MEXICO,31
2019,6,MICRONESIA,0
2019,6,MOLDOVA,15
2019,6,MONACO,0
2019,6,MONGOLIA,4
2019,6,MONTENEGRO,52
2019,6,MOROCCO,44
2019,6,MOZAMBIQUE,0
2019,6,MYANMAR,149
2019,6,NAMIBIA,0
2019,6,NAURU,0
2019,6,NEPAL,262
2019,6,NETHERLANDS,696
2019,6,NEW ZEALAND,615
2019,6,NICARAGUA,1
2019,6,NIGER,1
2019,6,NIGERIA,5
2019,6,NORTH KOREA,0
2019,6,NORTH MACEDONIA,8
2019,6,NORWAY,1299
2019,6,OMAN,324
2019,6,PAKISTAN,521
2019,6,PALESTINIAN TERRITORIES,55
2019,6,PANAMA,1
2019,6,PAPUA NEW GUINEA,0
2019,6,PARAGUAY,0
2019,6,PERU,16
2019,6,PHILIPPINES,998
2019,6,POLAND,284
2019,6,PORTUGAL,164
2019,6,QATAR,32
2019,6,REPUBLIC OF THE CONGO,0
2019,6,ROMANIA,129
2019,6,RUSSIA,711
2019,6,RWANDA,4
2019,6,SAINT KITTS AND NEVIS,6
2019,6,SAINT LUCIA,0
2019,6,SAINT VINCENT THE GRENADI,0
2019,6,SAMOA,0
2019,6,SAN MARINO,0
2019,6,SAUDI ARABIA,1500
2019,6,SENEGAL,1
2019,6,SERBIA.,48
2019,6,SEYCHELLES,0
2019,6,SEYCHELLS,0
2019,6,SIERRA LEONE,1
2019,6,SINGAPORE,904
2019,6,SLOVAKIA,69
2019,6,SLOVENIA,59
2019,6,SOLOMON ISLANDS,1
2019,6,SOMALIA,8
2019,6,SOUTH AFRICA-ZUID AFRIKA,287
2019,6,SOUTH KOREA,623
2019,6,SOUTH SUDAN,0
2019,6,SPAIN,751
2019,6,SUDAN,34
2019,6,SURINAME,0
2019,6,SWAZILAND,1
2019,6,SWEDEN,467
2019,6,SWITZERLAND,818
2019,6,SYRIAN ARAB,13
2019,6,TAIWAN,278
2019,6,TAJIKISTAN,2
2019,6,TANZANIA,19
2019,6,THAILAND,480
2019,6,TIMOR-LESTE,0
2019,6,TOGO,1
2019,6,TONGA,0
2019,6,TRINIDAD AND TOBAGO,4
2019,6,TUNISIA,26
2019,6,TURKEY,161
2019,6,TURKMENISTAN,3
2019,6,TUVALU,0
2019,6,UGANDA,8
2019,6,UKRAINE,595
2019,6,UNITED ARAB EMIRATES,130
2019,6,UNITED KINGDOM,4365
2019,6,UNITED STATES,2412
2019,6,URUGUAY,15
2019,6,UZBEKISTAN,22
2019,6,VANUATU,0
2019,6,VENEZUELA,7
2019,6,VIETNAM,117
2019,6,YEMEN,42
2019,6,ZAMBIA,1
2019,6,ZIMBABWE,4
2019,7,AFGHANISTAN,47
2019,7,ALBANIA,17
2019,7,ALGERIA,3
2019,7,ANDORRA,7
2019,7,ANGOLA,0
2019,7,ANTIGUA AND BARBUDA,0
2019,7,ARGENTINA,47
2019,7,ARMENIA,41
2019,7,AUSTRALIA,5619
2019,7,AUSTRIA,848
2019,7,AZERBAIJAN,32
2019,7,BAHAMAS,0
2019,7,BAHRAIN,283
2019,7,BANGLADESH,631
2019,7,BARBADOS,1
2019,7,BELARUS,46
2019,7,BELGIUM,2603
2019,7,BELIZE,2
2019,7,BENIN,1
2019,7,BHUTAN,23
2019,7,BOLIVIA,2
2019,7,BOSNIA AND HERZEGOVINA,5
2019,7,BOTSWANA,2
2019,7,BRAZIL,122
2019,7,BRUNEI,0
2019,7,BULGARIA,67
2019,7,BURKINA FASO,1
2019,7,BURUNDI,0
2019,7,CAMBODIA,41
2019,7,CAMEROON,1
2019,7,CANADA,3826
2019,7,CAPE VERDE,0
2019,7,CHAD,1
2019,7,CHILE,36
2019,7,CHINA,6926
2019,7,COLOMBIA,34
2019,7,COMOROS,22
2019,7,COSTA RICA,5
2019,7,COTE D IVOIRE,3
2019,7,CROATIA,64
2019,7,CUBA,5
2019,7,CYPRUS,56
2019,7,CZECHIA,997
2019,7,DEMOCRATIC REPUBLIC OF THE CONGO,1
2019,7,DENMARK,1741
2019,7,DJIBOUTI,1
2019,7,DOMINICA,3
2019,7,DOMINICAN REPUBLIC,3
2019,7,ECUADOR,3
2019,7,EGYPT,221
2019,7,EL SALVADOR,4
2019,7,ERITREA,4
2019,7,ESTONIA,39
2019,7,ETHIOPIA,9
2019,7,FIJI,10
2019,7,FINLAND,153
2019,7,FRANCE,7142
2019,7,GABON,0
2019,7,GAMBIA,0
2019,7,GEORGIA,39
2019,7,GERMANY,8385
2019,7,GHANA,3
2019,7,GREECE,475
2019,7,GRENADA,0
2019,7,GUATEMALA,2
2019,7,GUINEA,1
2019,7,GUINEA-BISSAU,0
2019,7,GUYANA,0
2019,7,HAITI,1
2019,7,HONDURAS,2
2019,7,HONG KONG,0
2019,7,HUNGARY,102
2019,7,ICELAND,12
2019,7,INDIA,18309
2019,7,INDONESIA,339
2019,7,IRAN,104
2019,7,IRAQ,64
2019,7,IRELAND,417
2019,7,ISRAEL,1245
2019,7,ITALY,1431
2019,7,JAMAICA,7
2019,7,JAPAN,1311
2019,7,JORDAN,182
2019,7,KAZAKHSTAN,41
2019,7,KENYA,37
2019,7,KIRIBATI,0
2019,7,KOSOVAR,1
2019,7,KUWAIT,331
2019,7,KYRGYZSTAN,11
2019,7,LAOS,5
2019,7,LATVIA,26
2019,7,LEBANON,291
2019,7,LESOTHO,1
2019,7,LIBERIA,0
2019,7,LIBYA,2
2019,7,LIECHTENSTEIN,19
2019,7,LITHUANIA,79
2019,7,LUXEMBOURG,70
2019,7,MADAGASCAR,3
2019,7,MALAWI,2
2019,7,MALAYSIA,1026
2019,7,MALDIVES,3875
2019,7,MALI,2
2019,7,MALTA,39
2019,7,MARSHALL ISLANDS,0
2019,7,MAURITANIA,3
2019,7,MAURITIUS,35
2019,7,MEXICO,49
2019,7,MICRONESIA,0
2019,7,MOLDOVA,7
2019,7,MONACO,2
2019,7,MONGOLIA,6
2019,7,MONTENEGRO,2
2019,7,MOROCCO,48
2019,7,MOZAMBIQUE,1
2019,7,MYANMAR,185
2019,7,NAMIBIA,2
2019,7,NAURU,0
2019,7,NEPAL,409
2019,7,NETHERLANDS,6385
2019,7,NEW ZEALAND,1003
2019,7,NICARAGUA,0
2019,7,NIGER,1
2019,7,NIGERIA,20
2019,7,NORTH KOREA,0
2019,7,NORTH MACEDONIA,7
2019,7,NORWAY,1709
2019,7,OMAN,890
2019,7,PAKISTAN,782
2019,7,PALESTINIAN TERRITORIES,65
2019,7,PANAMA,2
2019,7,PAPUA NEW GUINEA,2
2019,7,PARAGUAY,2
2019,7,PERU,17
2019,7,PHILIPPINES,1102
2019,7,POLAND,763
2019,7,PORTUGAL,243
2019,7,QATAR,115
2019,7,REPUBLIC OF THE CONGO,0
2019,7,ROMANIA,167
2019,7,RUSSIA,1300
2019,7,RWANDA,1
2019,7,SAINT KITTS AND NEVIS,3
2019,7,SAINT LUCIA,0
2019,7,SAINT VINCENT THE GRENADI,0
2019,7,SAMOA,0
2019,7,SAN MARINO,0
2019,7,SAUDI ARABIA,2903
2019,7,SENEGAL,1
2019,7,SERBIA.,60
2019,7,SEYCHELLES,0
2019,7,SEYCHELLS,0
2019,7,SIERRA LEONE,8
2019,7,SINGAPORE,805
2019,7,SLOVAKIA,179
2019,7,SLOVENIA,219
2019,7,SOLOMON ISLANDS,0
2019,7,SOMALIA,6
2019,7,SOUTH AFRICA-ZUID AFRIKA,237
2019,7,SOUTH KOREA,647
2019,7,SOUTH SUDAN,0
2019,7,SPAIN,2383
2019,7,SUDAN,56
2019,7,SURINAME,0
2019,7,SWAZILAND,0
2019,7,SWEDEN,574
2019,7,SWITZERLAND,3421
2019,7,SYRIAN ARAB,17
2019,7,TAIWAN,364
2019,7,TAJIKISTAN,1
2019,7,TANZANIA,13
2019,7,THAILAND,569
2019,7,TIMOR-LESTE,2
2019,7,TOGO,1
2019,7,TONGA,0
2019,7,TRINIDAD AND TOBAGO,1
2019,7,TUNISIA,36
2019,7,TURKEY,183
2019,7,TURKMENISTAN,1
2019,7,TUVALU,0
2019,7,UGANDA,23
2019,7,UKRAINE,768
2019,7,UNITED ARAB EMIRATES,423
2019,7,UNITED KINGDOM,13010
2019,7,UNITED STATES,2974
2019,7,URUGUAY,4
2019,7,UZBEKISTAN,34
2019,7,VANUATU,0
2019,7,VENEZUELA,16
2019,7,VIETNAM,199
2019,7,YEMEN,125
2019,7,ZAMBIA,5
2019,7,ZIMBABWE,12
2019,8,AFGHANISTAN,54
2019,8,ALBANIA,15
2019,8,ALGERIA,17
2019,8,ANDORRA,7
2019,8,ANGOLA,0
2019,8,ANTIGUA AND BARBUDA,2
2019,8,ARGENTINA,43
2019,8,ARMENIA,81
2019,8,AUSTRALIA,5985
2019,8,AUSTRIA,667
2019,8,AZERBAIJAN,24
2019,8,BAHAMAS,0
2019,8,BAHRAIN,318
2019,8,BANGLADESH,804
2019,8,BARBADOS,0
2019,8,BELARUS,88
2019,8,BELGIUM,1508
2019,8,BELIZE,3
2019,8,BENIN,0
2019,8,BHUTAN,13
2019,8,BOLIVIA,2
2019,8,BOSNIA AND HERZEGOVINA,15
2019,8,BOTSWANA,2
2019,8,BRAZIL,75
2019,8,BRUNEI,2
2019,8,BULGARIA,75
2019,8,BURKINA FASO,1
2019,8,BURUNDI,0
2019,8,CAMBODIA,22
2019,8,CAMEROON,2
2019,8,CANADA,4052
2019,8,CAPE VERDE,0
2019,8,CHAD,0
2019,8,CHILE,29
2019,8,CHINA,9503
2019,8,COLOMBIA,36
2019,8,COMOROS,13
2019,8,COSTA RICA,9
2019,8,COTE D IVOIRE,2
2019,8,CROATIA,94
2019,8,CUBA,1
2019,8,CYPRUS,114
2019,8,CZECHIA,585
2019,8,DEMOCRATIC REPUBLIC OF THE CONGO,0
2019,8,DENMARK,497
2019,8,DJIBOUTI,4
2019,8,DOMINICA,5
2019,8,DOMINICAN REPUBLIC,7
2019,8,ECUADOR,11
2019,8,EGYPT,296
2019,8,EL SALVADOR,3
2019,8,ERITREA,1
2019,8,ESTONIA,19
2019,8,ETHIOPIA,15
2019,8,FIJI,5
2019,8,FINLAND,112
2019,8,FRANCE,7087
2019,8,GABON,1
2019,8,GAMBIA,0
2019,8,GEORGIA,34
2019,8,GERMANY,7667
2019,8,GHANA,8
2019,8,GREECE,515
2019,8,GRENADA,0
2019,8,GUATEMALA,5
2019,8,GUINEA,0
2019,8,GUINEA-BISSAU,0
2019,8,GUYANA,0
2019,8,HAITI,0
2019,8,HONDURAS,5
2019,8,HONG KONG,1
2019,8,HUNGARY,90
2019,8,ICELAND,8
2019,8,INDIA,37568
2019,8,INDONESIA,479
2019,8,IRAN,117
2019,8,IRAQ,133
2019,8,IRELAND,472
2019,8,ISRAEL,1785
2019,8,ITALY,3340
2019,8,JAMAICA,3
2019,8,JAPAN,2428
2019,8,JORDAN,268
2019,8,KAZAKHSTAN,35
2019,8,KENYA,615
2019,8,KIRIBATI,0
2019,8,KOSOVAR,3
2019,8,KUWAIT,520
2019,8,KYRGYZSTAN,17
2019,8,LAOS,8
2019,8,LATVIA,32
2019,8,LEBANON,410
2019,8,LESOTHO,1
2019,8,LIBERIA,3
2019,8,LIBYA,3
2019,8,LIECHTENSTEIN,4
2019,8,LITHUANIA,75
2019,8,LUXEMBOURG,82
2019,8,MADAGASCAR,113
2019,8,MALAWI,0
2019,8,MALAYSIA,1533
2019,8,MALDIVES,4930
2019,8,MALI,0
2019,8,MALTA,66
2019,8,MARSHALL ISLANDS,0
2019,8,MAURITANIA,0
2019,8,MAURITIUS,35
2019,8,MEXICO,53
2019,8,MICRONESIA,0
2019,8,MOLDOVA,14
2019,8,MONACO,7
2019,8,MONGOLIA,4
2019,8,MONTENEGRO,23
2019,8,MOROCCO,86
2019,8,MOZAMBIQUE,5
2019,8,MYANMAR,653
2019,8,NAMIBIA,1
2019,8,NAURU,0
2019,8,NEPAL,398
2019,8,NETHERLANDS,3520
2019,8,NEW ZEALAND,993
2019,8,NICARAGUA,1
2019,8,NIGER,0
2019,8,NIGERIA,8
2019,8,NORTH KOREA,0
2019,8,NORTH MACEDONIA,10
2019,8,NORWAY,675
2019,8,OMAN,326
2019,8,PAKISTAN,2836
2019,8,PALESTINIAN TERRITORIES,142
2019,8,PANAMA,0
2019,8,PAPUA NEW GUINEA,6
2019,8,PARAGUAY,4
2019,8,PERU,15
2019,8,PHILIPPINES,1121
2019,8,POLAND,558
2019,8,PORTUGAL,431
2019,8,QATAR,135
2019,8,REPUBLIC OF THE CONGO,0
2019,8,ROMANIA,293
2019,8,RUSSIA,1332
2019,8,RWANDA,6
2019,8,SAINT KITTS AND NEVIS,5
2019,8,SAINT LUCIA,0
2019,8,SAINT VINCENT THE GRENADI,0
2019,8,SAMOA,0
2019,8,SAN MARINO,0
2019,8,SAUDI ARABIA,2357
2019,8,SENEGAL,1
2019,8,SERBIA.,86
2019,8,SEYCHELLES,0
2019,8,SEYCHELLS,0
2019,8,SIERRA LEONE,0
2019,8,SINGAPORE,1202
2019,8,SLOVAKIA,188
2019,8,SLOVENIA,120
2019,8,SOLOMON ISLANDS,0
2019,8,SOMALIA,8
2019,8,SOUTH AFRICA-ZUID AFRIKA,305
2019,8,SOUTH KOREA,799
2019,8,SOUTH SUDAN,2
2019,8,SPAIN,4419
2019,8,SUDAN,54
2019,8,SURINAME,2
2019,8,SWAZILAND,0
2019,8,SWEDEN,371
2019,8,SWITZERLAND,1311
2019,8,SYRIAN ARAB,0
2019,8,TAIWAN,382
2019,8,TAJIKISTAN,0
2019,8,TANZANIA,481
2019,8,THAILAND,791
2019,8,TIMOR-LESTE,1
2019,8,TOGO,0
2019,8,TONGA,2
2019,8,TRINIDAD AND TOBAGO,3
2019,8,TUNISIA,43
2019,8,TURKEY,339
2019,8,TURKMENISTAN,1
2019,8,TUVALU,0
2019,8,UGANDA,14
2019,8,UKRAINE,985
2019,8,UNITED ARAB EMIRATES,439
2019,8,UNITED KINGDOM,14132
2019,8,UNITED STATES,4686
2019,8,URUGUAY,8
2019,8,UZBEKISTAN,30
2019,8,VANUATU,0
2019,8,VENEZUELA,13
2019,8,VIETNAM,197
2019,8,YEMEN,400
2019,8,ZAMBIA,4
2019,8,ZIMBABWE,13
2019,9,AFGHANISTAN,50
2019,9,ALBANIA,11
2019,9,ALGERIA,29
2019,9,ANDORRA,2
2019,9,ANGOLA,3
2019,9,ANTIGUA AND BARBUDA,0
2019,9,ARGENTINA,44
2019,9,ARMENIA,109
2019,9,AUSTRALIA,6895
2019,9,AUSTRIA,502
2019,9,AZERBAIJAN,20
2019,9,BAHAMAS,2
2019,9,BAHRAIN,140
2019,9,BANGLADESH,693
2019,9,BARBADOS,3
2019,9,BELARUS,75
2019,9,BELGIUM,1082
2019,9,BELIZE,1
2019,9,BENIN,0
2019,9,BHUTAN,23
2019,9,BOLIVIA,3
2019,9,BOSNIA AND HERZEGOVINA,14
2019,9,BOTSWANA,0
2019,9,BRAZIL,115
2019,9,BRUNEI,5
2019,9,BULGARIA,67
2019,9,BURKINA FASO,2
2019,9,CAMBODIA,36
2019,9,CAMEROON,1
2019,9,CANADA,2438
2019,9,CAPE VERDE,1
2019,9,CHILE,59
2019,9,CHINA,9231
2019,9,COLOMBIA,57
2019,9,COMOROS,10
2019,9,COSTA RICA,8
2019,9,COTE D IVOIRE,4
2019,9,CROATIA,66
2019,9,CUBA,2
2019,9,CYPRUS,32
2019,9,CZECHIA,663
2019,9,DEMOCRATIC REPUBLIC OF THE CONGO,1
2019,9,DENMARK,416
2019,9,DJIBOUTI,0
2019,9,DOMINICA,4
2019,9,DOMINICAN REPUBLIC,7
2019,9,ECUADOR,8
2019,9,EGYPT,265
2019,9,EL SALVADOR,5
2019,9,ERITREA,2
2019,9,ESTONIA,23
2019,9,ETHIOPIA,9
2019,9,FIJI,10
2019,9,FINLAND,104
2019,9,FRANCE,2929
2019,9,GABON,1
2019,9,GAMBIA,1
2019,9,GEORGIA,26
2019,9,GERMANY,6396
2019,9,GHANA,11
2019,9,GREECE,495
2019,9,GRENADA,1
2019,9,GUATEMALA,3
2019,9,GUINEA,4
2019,9,GUINEA-BISSAU,1
2019,9,GUYANA,1
2019,9,HAITI,0
2019,9,HONDURAS,2
2019,9,HONG KONG,0
2019,9,HUNGARY,99
2019,9,ICELAND,13
2019,9,INDIA,28917
2019,9,INDONESIA,519
2019,9,IRAN,253
2019,9,IRAQ,49
2019,9,IRELAND,315
2019,9,ISRAEL,1576
2019,9,ITALY,1016
2019,9,JAMAICA,1
2019,9,JAPAN,2250
2019,9,JORDAN,146
2019,9,KAZAKHSTAN,58
2019,9,KENYA,427
2019,9,KIRIBATI,2
2019,9,KOSOVAR,5
2019,9,KUWAIT,98
2019,9,KYRGYZSTAN,21
2019,9,LAOS,11
2019,9,LATVIA,51
2019,9,LEBANON,287
2019,9,LIBERIA,1
2019,9,LIBYA,9
2019,9,LIECHTENSTEIN,4
2019,9,LITHUANIA,72
2019,9,LUXEMBOURG,14
2019,9,MADAGASCAR,42
2019,9,MALAWI,3
2019,9,MALAYSIA,1461
2019,9,MALDIVES,4304
2019,9,MALI,1
2019,9,MALTA,33
2019,9,MAURITANIA,1
2019,9,MAURITIUS,25
2019,9,MEXICO,64
2019,9,MICRONESIA,1
2019,9,MOLDOVA,20
2019,9,MONACO,1
2019,9,MONGOLIA,11
2019,9,MONTENEGRO,4
2019,9,MOROCCO,69
2019,9,MOZAMBIQUE,6
2019,9,MYANMAR,265
2019,9,NAMIBIA,1
2019,9,NEPAL,425
2019,9,NETHERLANDS,2673
2019,9,NEW ZEALAND,954
2019,9,NICARAGUA,0
2019,9,NIGER,3
2019,9,NIGERIA,17
2019,9,NORTH KOREA,34
2019,9,NORTH MACEDONIA,4
2019,9,NORWAY,522
2019,9,OMAN,193
2019,9,PAKISTAN,1849
2019,9,PALESTINIAN TERRITORIES,67
2019,9,PANAMA,4
2019,9,PAPUA NEW GUINEA,12
2019,9,PARAGUAY,2
2019,9,PERU,22
2019,9,PHILIPPINES,1372
2019,9,POLAND,702
2019,9,PORTUGAL,251
2019,9,QATAR,31
2019,9,ROMANIA,209
2019,9,RUSSIA,1638
2019,9,RWANDA,0
2019,9,SAINT KITTS AND NEVIS,3
2019,9,SAINT LUCIA,4
2019,9,SAMOA,4
2019,9,SAN MARINO,1
2019,9,SAUDI ARABIA,985
2019,9,SENEGAL,2
2019,9,SERBIA.,56
2019,9,SEYCHELLES,0
2019,9,SEYCHELLS,0
2019,9,SIERRA LEONE,1
2019,9,SINGAPORE,1017
2019,9,SLOVAKIA,171
2019,9,SLOVENIA,106
2019,9,SOLOMON ISLANDS,3
2019,9,SOMALIA,0
2019,9,SOUTH AFRICA-ZUID AFRIKA,240
2019,9,SOUTH KOREA,745
2019,9,SOUTH SUDAN,6
2019,9,SPAIN,1930
2019,9,SUDAN,89
2019,9,SWAZILAND,1
2019,9,SWEDEN,427
2019,9,SWITZERLAND,1304
2019,9,SYRIAN ARAB,24
2019,9,TAIWAN,655
2019,9,TAJIKISTAN,4
2019,9,TANZANIA,193
2019,9,THAILAND,611
2019,9,TOGO,35
2019,9,TONGA,1
2019,9,TRINIDAD AND TOBAGO,7
2019,9,TUNISIA,19
2019,9,TURKEY,152
2019,9,TURKMENISTAN,35
2019,9,TUVALU,1
2019,9,UGANDA,16
2019,9,UKRAINE,1321
2019,9,UNITED ARAB EMIRATES,138
2019,9,UNITED KINGDOM,8345
2019,9,UNITED STATES,2830
2019,9,URUGUAY,6
2019,9,UZBEKISTAN,19
2019,9,VANUATU,2
2019,9,VENEZUELA,8
2019,9,VIETNAM,211
2019,9,YEMEN,104
2019,9,ZAMBIA,3
2019,9,ZIMBABWE,7
2019,10,AFGHANISTAN,22
2019,10,ALBANIA,23
2019,10,ALGERIA,16
2019,10,ANDORRA,7
2019,10,ANGOLA,5
2019,10,ANTIGUA AND BARBUDA,0
2019,10,ARGENTINA,53
2019,10,ARMENIA,91
2019,10,AUSTRALIA,5562
2019,10,AUSTRIA,543
2019,10,AZERBAIJAN,15
2019,10,BAHAMAS,1
2019,10,BAHRAIN,108
2019,10,BANGLADESH,665
2019,10,BARBADOS,1
2019,10,BELARUS,225
2019,10,BELGIUM,561
2019,10,BELIZE,1
2019,10,BENIN,1
2019,10,BHUTAN,43
2019,10,BOLIVIA,2
2019,10,BOSNIA AND HERZEGOVINA,10
2019,10,BOTSWANA,2
2019,10,BRAZIL,106
2019,10,BRUNEI,2
2019,10,BULGARIA,121
2019,10,BURKINA FASO,1
2019,10,BURUNDI,0
2019,10,CAMBODIA,22
2019,10,CAMEROON,2
2019,10,CANADA,2385
2019,10,CAPE VERDE,2
2019,10,CHAD,0
2019,10,CHILE,41
2019,10,CHINA,11683
2019,10,COLOMBIA,46
2019,10,COMOROS,5
2019,10,COSTA RICA,9
2019,10,COTE D IVOIRE,0
2019,10,CROATIA,73
2019,10,CUBA,4
2019,10,CYPRUS,27
2019,10,CZECHIA,700
2019,10,DEMOCRATIC REPUBLIC OF THE CONGO,2
2019,10,DENMARK,636
2019,10,DJIBOUTI,1
2019,10,DOMINICA,5
2019,10,DOMINICAN REPUBLIC,4
2019,10,ECUADOR,3
2019,10,EGYPT,290
2019,10,EL SALVADOR,6
2019,10,ERITREA,8
2019,10,ESTONIA,167
2019,10,ETHIOPIA,7
2019,10,FIJI,10
2019,10,FINLAND,216
2019,10,FRANCE,3383
2019,10,GABON,0
2019,10,GAMBIA,2
2019,10,GEORGIA,58
2019,10,GERMANY,7820
2019,10,GHANA,4
2019,10,GREECE,507
2019,10,GRENADA,0
2019,10,GUATEMALA,4
2019,10,GUINEA,2
2019,10,GUINEA-BISSAU,0
2019,10,GUYANA,2
2019,10,HAITI,0
2019,10,HONDURAS,1
2019,10,HONG KONG,0
2019,10,HUNGARY,169
2019,10,ICELAND,33
2019,10,INDIA,33217
2019,10,INDONESIA,454
2019,10,IRAN,394
2019,10,IRAQ,76
2019,10,IRELAND,484
2019,10,ISRAEL,1411
2019,10,ITALY,947
2019,10,JAMAICA,2
2019,10,JAPAN,1832
2019,10,JORDAN,193
2019,10,KAZAKHSTAN,91
2019,10,KENYA,30
2019,10,KIRIBATI,1
2019,10,KOSOVAR,3
2019,10,KUWAIT,123
2019,10,KYRGYZSTAN,13
2019,10,LAOS,8
2019,10,LATVIA,125
2019,10,LEBANON,163
2019,10,LESOTHO,1
2019,10,LIBERIA,0
2019,10,LIBYA,8
2019,10,LIECHTENSTEIN,3
2019,10,LITHUANIA,159
2019,10,LUXEMBOURG,20
2019,10,MADAGASCAR,5
2019,10,MALAWI,4
2019,10,MALAYSIA,1248
2019,10,MALDIVES,3934
2019,10,MALI,2
2019,10,MALTA,24
2019,10,MARSHALL ISLANDS,0
2019,10,MAURITANIA,2
2019,10,MAURITIUS,19
2019,10,MEXICO,76
2019,10,MICRONESIA,0
2019,10,MOLDOVA,19
2019,10,MONACO,0
2019,10,MONGOLIA,4
2019,10,MONTENEGRO,11
2019,10,MOROCCO,49
2019,10,MOZAMBIQUE,0
2019,10,MYANMAR,199
2019,10,NAMIBIA,1
2019,10,NAURU,0
2019,10,NEPAL,656
2019,10,NETHERLANDS,1659
2019,10,NEW ZEALAND,663
2019,10,NICARAGUA,0
2019,10,NIGER,0
2019,10,NIGERIA,13
2019,10,NORTH KOREA,0
2019,10,NORTH MACEDONIA,7
2019,10,NORWAY,452
2019,10,OMAN,162
2019,10,PAKISTAN,1060
2019,10,PALESTINIAN TERRITORIES,42
2019,10,PANAMA,0
2019,10,PAPUA NEW GUINEA,3
2019,10,PARAGUAY,0
2019,10,PERU,18
2019,10,PHILIPPINES,1285
2019,10,POLAND,805
2019,10,PORTUGAL,312
2019,10,QATAR,41
2019,10,REPUBLIC OF THE CONGO,0
2019,10,ROMANIA,225
2019,10,RUSSIA,5761
2019,10,RWANDA,2
2019,10,SAINT KITTS AND NEVIS,2
2019,10,SAINT LUCIA,0
2019,10,SAINT VINCENT THE GRENADI,0
2019,10,SAMOA,0
2019,10,SAN MARINO,1
2019,10,SAUDI ARABIA,656
2019,10,SENEGAL,1
2019,10,SERBIA.,47
2019,10,SEYCHELLES,0
2019,10,SEYCHELLS,0
2019,10,SIERRA LEONE,0
2019,10,SINGAPORE,959
2019,10,SLOVAKIA,215
2019,10,SLOVENIA,245
2019,10,SOLOMON ISLANDS,0
2019,10,SOMALIA,1
2019,10,SOUTH AFRICA-ZUID AFRIKA,253
2019,10,SOUTH KOREA,962
2019,10,SOUTH SUDAN,0
2019,10,SPAIN,1696
2019,10,SUDAN,26
2019,10,SURINAME,6
2019,10,SWAZILAND,0
2019,10,SWEDEN,869
2019,10,SWITZERLAND,1453
2019,10,SYRIAN ARAB,2
2019,10,TAIWAN,520
2019,10,TAJIKISTAN,5
2019,10,TANZANIA,10
2019,10,THAILAND,853
2019,10,TIMOR-LESTE,5
2019,10,TOGO,0
2019,10,TONGA,0
2019,10,TRINIDAD AND TOBAGO,6
2019,10,TUNISIA,39
2019,10,TURKEY,157
2019,10,TURKMENISTAN,1
2019,10,TUVALU,0
2019,10,UGANDA,6
2019,10,UKRAINE,2655
2019,10,UNITED ARAB EMIRATES,139
2019,10,UNITED KINGDOM,8763
2019,10,UNITED STATES,2836
2019,10,URUGUAY,5
2019,10,UZBEKISTAN,34
2019,10,VANUATU,1
2019,10,VENEZUELA,4
2019,10,VIETNAM,192
2019,10,YEMEN,48
2019,10,ZAMBIA,4
2019,10,ZIMBABWE,19
2019,11,AFGHANISTAN,55
2019,11,ALBANIA,27
2019,11,ALGERIA,13
2019,11,ANDORRA,2
2019,11,ANGOLA,2
2019,11,ANTIGUA AND BARBUDA,5
2019,11,ARGENTINA,142
2019,11,ARMENIA,78
2019,11,AUSTRALIA,7067
2019,11,AUSTRIA,1349
2019,11,AZERBAIJAN,35
2019,11,BAHAMAS,0
2019,11,BAHRAIN,194
2019,11,BANGLADESH,626
2019,11,BARBADOS,2
2019,11,BELARUS,662
2019,11,BELGIUM,933
2019,11,BELIZE,5
2019,11,BENIN,2
2019,11,BHUTAN,38
2019,11,BOLIVIA,1
2019,11,BOSNIA AND HERZEGOVINA,13
2019,11,BOTSWANA,3
2019,11,BRAZIL,318
2019,11,BRUNEI,2
2019,11,BULGARIA,268
2019,11,BURKINA FASO,0
2019,11,BURUNDI,0
2019,11,CAMBODIA,94
2019,11,CAMEROON,1
2019,11,CANADA,3053
2019,11,CAPE VERDE,2
2019,11,CHAD,0
2019,11,CHILE,65
2019,11,CHINA,16312
2019,11,COLOMBIA,58
2019,11,COMOROS,7
2019,11,COSTA RICA,6
2019,11,COTE D IVOIRE,3
2019,11,CROATIA,147
2019,11,CUBA,3
2019,11,CYPRUS,44
2019,11,CZECHIA,1631
2019,11,DEMOCRATIC REPUBLIC OF THE CONGO,6
2019,11,DENMARK,763
2019,11,DJIBOUTI,1
2019,11,DOMINICA,5
2019,11,DOMINICAN REPUBLIC,44
2019,11,ECUADOR,10
2019,11,EGYPT,423
2019,11,EL SALVADOR,6
2019,11,ERITREA,5
2019,11,ESTONIA,156
2019,11,ETHIOPIA,16
2019,11,FIJI,14
2019,11,FINLAND,446
2019,11,FRANCE,4857
2019,11,GABON,0
2019,11,GAMBIA,1
2019,11,GEORGIA,66
2019,11,GERMANY,20844
2019,11,GHANA,13
2019,11,GREECE,539
2019,11,GRENADA,1
2019,11,GUATEMALA,15
2019,11,GUINEA,2
2019,11,GUINEA-BISSAU,1
2019,11,GUYANA,0
2019,11,HAITI,1
2019,11,HONDURAS,11
2019,11,HONG KONG,0
2019,11,HUNGARY,322
2019,11,ICELAND,47
2019,11,INDIA,31677
2019,11,INDONESIA,318
2019,11,IRAN,220
2019,11,IRAQ,92
2019,11,IRELAND,627
2019,11,ISRAEL,760
2019,11,ITALY,3917
2019,11,JAMAICA,0
2019,11,JAPAN,1825
2019,11,JORDAN,348
2019,11,KAZAKHSTAN,220
2019,11,KENYA,59
2019,11,KIRIBATI,0
2019,11,KOSOVAR,4
2019,11,KUWAIT,135
2019,11,KYRGYZSTAN,12
2019,11,LAOS,25
2019,11,LATVIA,227
2019,11,LEBANON,377
2019,11,LESOTHO,3
2019,11,LIBERIA,0
2019,11,LIBYA,11
2019,11,LIECHTENSTEIN,15
2019,11,LITHUANIA,363
2019,11,LUXEMBOURG,51
2019,11,MADAGASCAR,5
2019,11,MALAWI,10
2019,11,MALAYSIA,1461
2019,11,MALDIVES,5850
2019,11,MALI,2
2019,11,MALTA,42
2019,11,MARSHALL ISLANDS,0
2019,11,MAURITANIA,1
2019,11,MAURITIUS,25
2019,11,MEXICO,96
2019,11,MICRONESIA,0
2019,11,MOLDOVA,29
2019,11,MONACO,0
2019,11,MONGOLIA,4
2019,11,MONTENEGRO,14
2019,11,MOROCCO,93
2019,11,MOZAMBIQUE,3
2019,11,MYANMAR,234
2019,11,NAMIBIA,6
2019,11,NAURU,0
2019,11,NEPAL,509
2019,11,NETHERLANDS,2213
2019,11,NEW ZEALAND,930
2019,11,NICARAGUA,0
2019,11,NIGER,1
2019,11,NIGERIA,13
2019,11,NORTH KOREA,0
2019,11,NORTH MACEDONIA,23
2019,11,NORWAY,747
2019,11,OMAN,364
2019,11,PAKISTAN,1039
2019,11,PALESTINIAN TERRITORIES,68
2019,11,PANAMA,12
2019,11,PAPUA NEW GUINEA,33
2019,11,PARAGUAY,3
2019,11,PERU,14
2019,11,PHILIPPINES,1329
2019,11,POLAND,3496
2019,11,PORTUGAL,520
2019,11,QATAR,40
2019,11,REPUBLIC OF THE CONGO,0
2019,11,ROMANIA,488
2019,11,RUSSIA,14537
2019,11,RWANDA,1
2019,11,SAINT KITTS AND NEVIS,4
2019,11,SAINT LUCIA,1
2019,11,SAINT VINCENT THE GRENADI,0
2019,11,SAMOA,0
2019,11,SAN MARINO,0
2019,11,SAUDI ARABIA,805
2019,11,SENEGAL,5
2019,11,SERBIA.,97
2019,11,SEYCHELLES,0
2019,11,SEYCHELLS,0
2019,11,SIERRA LEONE,4
2019,11,SINGAPORE,1161
2019,11,SLOVAKIA,524
2019,11,SLOVENIA,134
2019,11,SOLOMON ISLANDS,0
2019,11,SOMALIA,1
2019,11,SOUTH AFRICA-ZUID AFRIKA,440
2019,11,SOUTH KOREA,971
2019,11,SOUTH SUDAN,0
2019,11,SPAIN,2212
2019,11,SUDAN,56
2019,11,SURINAME,0
2019,11,SWAZILAND,0
2019,11,SWEDEN,1274
2019,11,SWITZERLAND,3559
2019,11,SYRIAN ARAB,6
2019,11,TAIWAN,399
2019,11,TAJIKISTAN,11
2019,11,TANZANIA,26
2019,11,THAILAND,1120
2019,11,TIMOR-LESTE,2
2019,11,TOGO,0
2019,11,TONGA,2
2019,11,TRINIDAD AND TOBAGO,9
2019,11,TUNISIA,68
2019,11,TURKEY,800
2019,11,TURKMENISTAN,3
2019,11,TUVALU,0
2019,11,UGANDA,25
2019,11,UKRAINE,4770
2019,11,UNITED ARAB EMIRATES,187
2019,11,UNITED KINGDOM,16038
2019,11,UNITED STATES,4514
2019,11,URUGUAY,8
2019,11,UZBEKISTAN,35
2019,11,VANUATU,0
2019,11,VENEZUELA,8
2019,11,VIETNAM,206
2019,11,YEMEN,49
2019,11,ZAMBIA,15
2019,11,ZIMBABWE,11
2019,12,AFGHANISTAN,38
2019,12,ALBANIA,27
2019,12,ALGERIA,49
2019,12,ANDORRA,5
2019,12,ANGOLA,1
2019,12,ANTIGUA AND BARBUDA,0
2019,12,ARGENTINA,192
2019,12,ARMENIA,157
2019,12,AUSTRALIA,14467
2019,12,AUSTRIA,1824
2019,12,AZERBAIJAN,81
2019,12,BAHAMAS,1
2019,12,BAHRAIN,257
2019,12,BANGLADESH,1029
2019,12,BARBADOS,1
2019,12,BELARUS,662
2019,12,BELGIUM,1316
2019,12,BELIZE,2
2019,12,BENIN,0
2019,12,BHUTAN,35
2019,12,BOLIVIA,7
2019,12,BOSNIA AND HERZEGOVINA,34
2019,12,BOTSWANA,9
2019,12,BRAZIL,598
2019,12,BRUNEI,1
2019,12,BULGARIA,391
2019,12,BURKINA FASO,2
2019,12,BURUNDI,1
2019,12,CAMBODIA,66
2019,12,CAMEROON,1
2019,12,CANADA,6512
2019,12,CAPE VERDE,0
2019,12,CHAD,0
2019,12,CHILE,130
2019,12,CHINA,16648
2019,12,COLOMBIA,110
2019,12,COMOROS,6
2019,12,COSTA RICA,35
2019,12,COTE D IVOIRE,8
2019,12,CROATIA,265
2019,12,CUBA,12
2019,12,CYPRUS,118
2019,12,CZECHIA,2434
2019,12,DEMOCRATIC REPUBLIC OF THE CONGO,3
2019,12,DENMARK,1445
2019,12,DJIBOUTI,1
2019,12,DOMINICA,9
2019,12,DOMINICAN REPUBLIC,24
2019,12,ECUADOR,31
2019,12,EGYPT,485
2019,12,EL SALVADOR,3
2019,12,ERITREA,2
2019,12,ESTONIA,613
2019,12,ETHIOPIA,14
2019,12,FIJI,13
2019,12,FINLAND,1144
2019,12,FRANCE,6824
2019,12,GABON,2
2019,12,GAMBIA,0
2019,12,GEORGIA,56
2019,12,GERMANY,12349
2019,12,GHANA,8
2019,12,GREECE,921
2019,12,GRENADA,0
2019,12,GUATEMALA,6
2019,12,GUINEA,0
2019,12,GUINEA-BISSAU,0
2019,12,GUYANA,0
2019,12,HAITI,2
2019,12,HONDURAS,10
2019,12,HONG KONG,1
2019,12,HUNGARY,599
2019,12,ICELAND,31
2019,12,INDIA,48442
2019,12,INDONESIA,543
2019,12,IRAN,277
2019,12,IRAQ,88
2019,12,IRELAND,1066
2019,12,ISRAEL,1482
2019,12,ITALY,4961
2019,12,JAMAICA,8
2019,12,JAPAN,3730
2019,12,JORDAN,517
2019,12,KAZAKHSTAN,698
2019,12,KENYA,132
2019,12,KIRIBATI,0
2019,12,KOSOVAR,4
2019,12,KUWAIT,331
2019,12,KYRGYZSTAN,84
2019,12,LAOS,4
2019,12,LATVIA,314
2019,12,LEBANON,479
2019,12,LESOTHO,2
2019,12,LIBERIA,1
2019,12,LIBYA,15
2019,12,LIECHTENSTEIN,17
2019,12,LITHUANIA,385
2019,12,LUXEMBOURG,58
2019,12,MADAGASCAR,5
2019,12,MALAWI,11
2019,12,MALAYSIA,1977
2019,12,MALDIVES,9033
2019,12,MALI,0
2019,12,MALTA,141
2019,12,MARSHALL ISLANDS,0
2019,12,MAURITANIA,0
2019,12,MAURITIUS,286
2019,12,MEXICO,849
2019,12,MICRONESIA,1
2019,12,MOLDOVA,74
2019,12,MONACO,5
2019,12,MONGOLIA,37
2019,12,MONTENEGRO,20
2019,12,MOROCCO,165
2019,12,MOZAMBIQUE,15
2019,12,MYANMAR,285
2019,12,NAMIBIA,4
2019,12,NAURU,0
2019,12,NEPAL,596
2019,12,NETHERLANDS,2858
2019,12,NEW ZEALAND,1863
2019,12,NICARAGUA,4
2019,12,NIGER,0
2019,12,NIGERIA,16
2019,12,NORTH KOREA,0
2019,12,NORTH MACEDONIA,14
2019,12,NORWAY,1387
2019,12,OMAN,318
2019,12,PAKISTAN,1431
2019,12,PALESTINIAN TERRITORIES,99
2019,12,PANAMA,1
2019,12,PAPUA NEW GUINEA,35
2019,12,PARAGUAY,2
2019,12,PERU,40
2019,12,PHILIPPINES,1174
2019,12,POLAND,3361
2019,12,PORTUGAL,655
2019,12,QATAR,143
2019,12,REPUBLIC OF THE CONGO,1
2019,12,ROMANIA,937
2019,12,RUSSIA,17559
2019,12,RWANDA,3
2019,12,SAINT KITTS AND NEVIS,4
2019,12,SAINT LUCIA,0
2019,12,SAINT VINCENT THE GRENADI,1
2019,12,SAMOA,0
2019,12,SAN MARINO,4
2019,12,SAUDI ARABIA,896
2019,12,SENEGAL,5
2019,12,SERBIA.,231
2019,12,SEYCHELLES,0
2019,12,SEYCHELLS,0
2019,12,SINGAPORE,1881
2019,12,SLOVAKIA,577
2019,12,SLOVENIA,387
2019,12,SOLOMON ISLANDS,0
2019,12,SOMALIA,10
2019,12,SOUTH AFRICA-ZUID AFRIKA,1966
2019,12,SOUTH KOREA,1477
2019,12,SOUTH SUDAN,4
2019,12,SPAIN,2022
2019,12,SUDAN,57
2019,12,SURINAME,1
2019,12,SWAZILAND,0
2019,12,SWEDEN,4906
2019,12,SWITZERLAND,2721
2019,12,SYRIAN ARAB,3
2019,12,TAIWAN,548
2019,12,TAJIKISTAN,20
2019,12,TANZANIA,36
2019,12,THAILAND,1208
2019,12,TIMOR-LESTE,1
2019,12,TOGO,0
2019,12,TONGA,0
2019,12,TRINIDAD AND TOBAGO,14
2019,12,TUNISIA,278
2019,12,TURKEY,1038
2019,12,TURKMENISTAN,7
2019,12,TUVALU,0
2019,12,UGANDA,36
2019,12,UKRAINE,6063
2019,12,UNITED ARAB EMIRATES,369
2019,12,UNITED KINGDOM,20984
2019,12,UNITED STATES,12302
2019,12,URUGUAY,15
2019,12,UZBEKISTAN,118
2019,12,VANUATU,0
2019,12,VENEZUELA,17
2019,12,VIETNAM,187
2019,12,YEMEN,47
2019,12,ZAMBIA,14
2019,12,ZIMBABWE,37
2020,1,AFGHANISTAN,65
2020,1,ALBANIA,33
2020,1,ALGERIA,34
2020,1,ANDORRA,2
2020,1,ANGOLA,1
2020,1,ANTIGUA AND BARBUDA,4
2020,1,ARGENTINA,224
2020,1,ARMENIA,156
2020,1,AUSTRALIA,8115
2020,1,AUSTRIA,1674
2020,1,AZERBAIJAN,56
2020,1,BAHAMAS,0
2020,1,BAHRAIN,404
2020,1,BANGLADESH,1014
2020,1,BARBADOS,2
2020,1,BELARUS,1099
2020,1,BELGIUM,1243
2020,1,BELIZE,2
2020,1,BENIN,0
2020,1,BHUTAN,137
2020,1,BOLIVIA,12
2020,1,BOSNIA AND HERZEGOVINA,30
2020,1,BOTSWANA,11
2020,1,BRAZIL,467
2020,1,BRUNEI,4
2020,1,BULGARIA,305
2020,1,BURKINA FASO,0
2020,1,BURUNDI,0
2020,1,CAMBODIA,146
2020,1,CAMEROON,3
2020,1,CANADA,5510
2020,1,CAPE VERDE,1
2020,1,CHAD,0
2020,1,CHILE,128
2020,1,CHINA,22363
2020,1,COLOMBIA,88
2020,1,COMOROS,6
2020,1,COSTA RICA,9
2020,1,COTE D IVOIRE,1
2020,1,CROATIA,331
2020,1,CUBA,0
2020,1,CYPRUS,99
2020,1,CZECHIA,2673
2020,1,DEMOCRATIC REPUBLIC OF THE CONGO,3
2020,1,DENMARK,2176
2020,1,DJIBOUTI,1
2020,1,DOMINICA,6
2020,1,ECUADOR,19
2020,1,EGYPT,404
2020,1,EL SALVADOR,0
2020,1,ERITREA,2
2020,1,ESTONIA,394
2020,1,ETHIOPIA,9
2020,1,FIJI,34
2020,1,FINLAND,986
2020,1,FRANCE,9352
2020,1,GABON,1
2020,1,GAMBIA,0
2020,1,GEORGIA,102
2020,1,GERMANY,11494
2020,1,GHANA,3
2020,1,GREECE,598
2020,1,GRENADA,3
2020,1,GUATEMALA,6
2020,1,GUINEA,1
2020,1,GUINEA-BISSAU,0
2020,1,GUYANA,0
2020,1,HAITI,2
2020,1,HONDURAS,7
2020,1,HONG KONG,8
2020,1,HUNGARY,758
2020,1,ICELAND,48
2020,1,INDIA,41448
2020,1,INDONESIA,401
2020,1,IRAN,330
2020,1,IRAQ,71
2020,1,IRELAND,948
2020,1,ISRAEL,1688
2020,1,ITALY,4454
2020,1,JAMAICA,7
2020,1,JAPAN,2917
2020,1,JORDAN,361
2020,1,KAZAKHSTAN,1182
2020,1,KENYA,45
2020,1,KOSOVAR,11
2020,1,KUWAIT,465
2020,1,KYRGYZSTAN,122
2020,1,LAOS,8
2020,1,LATVIA,235
2020,1,LEBANON,212
2020,1,LESOTHO,2
2020,1,LIBERIA,2
2020,1,LIBYA(LIBYAN ARAB JAMAHIR,6
2020,1,LIECHTENSTEIN,6
2020,1,LITHUANIA,514
2020,1,LUXEMBOURG,55
2020,1,MADAGASCAR,3
2020,1,MALAWI,5
2020,1,MALAYSIA,1399
2020,1,MALDIVES,4264
2020,1,MALI,0
2020,1,MALTA,87
2020,1,MAURITANIA,1
2020,1,MAURITIUS,107
2020,1,MEXICO,138
2020,1,MOLDOVA,120
2020,1,MONACO,0
2020,1,MONGOLIA,20
2020,1,MONTENEGRO,33
2020,1,MOROCCO,125
2020,1,MOZAMBIQUE,9
2020,1,MYANMAR,190
2020,1,NAMIBIA,0
2020,1,NAURU,0
2020,1,NEPAL,589
2020,1,NETHERLANDS,3538
2020,1,NEW ZEALAND,1035
2020,1,NIGER,0
2020,1,NIGERIA,12
2020,1,NORTH MACEDONIA,23
2020,1,NORWAY,1379
2020,1,OMAN,768
2020,1,PAKISTAN,1397
2020,1,PALESTINIAN TERRITORIES,85
2020,1,PANAMA,6
2020,1,PAPUA NEW GUINEA,3
2020,1,PARAGUAY,6
2020,1,PERU,30
2020,1,PHILIPPINES,1199
2020,1,POLAND,5577
2020,1,PORTUGAL,568
2020,1,QATAR,69
2020,1,REPUBLIC OF ZIMBABWE,7
2020,1,ROMANIA,785
2020,1,RUSSIA,19616
2020,1,RWANDA,3
2020,1,SAINT KITTS AND NEVIS,8
2020,1,SAINT LUCIA,0
2020,1,SAINT VINCENT THE GRENADI,2
2020,1,SAMOA,0
2020,1,SAN MARINO,0
2020,1,SAUDI ARABIA,3914
2020,1,SENEGAL,0
2020,1,SERBIA,202
2020,1,SEYCHELLES,0
2020,1,SIERRA LEONE,2
2020,1,SINGAPORE,1214
2020,1,SLOVAKIA,539
2020,1,SLOVENIA,261
2020,1,SOMALIA,5
2020,1,SOUTH AFRICA- ZUID AFRIKA,686
2020,1,SOUTH KOREA,1577
2020,1,SOUTH SUDAN,0
2020,1,SPAIN,1509
2020,1,SUDAN,67
2020,1,SURINAME,0
2020,1,SWAZILAND,0
2020,1,SWEDEN,3099
2020,1,SWITZERLAND,2508
2020,1,SYRIAN ARAB,37
2020,1,TAIWAN,1296
2020,1,TAJIKISTAN,18
2020,1,TANZANIA,16
2020,1,THAILAND,736
2020,1,TIMOR-LESTE,0
2020,1,TOGO,0
2020,1,TONGA,0
2020,1,TRINIDAD AND TOBAGO,7
2020,1,TUNISIA,80
2020,1,TURKEY,1145
2020,1,TURKMENISTAN,9
2020,1,UGANDA,16
2020,1,UKRAINE,8549
2020,1,UNITED ARAB EMIRATES,199
2020,1,UNITED KINGDOM,21138
2020,1,UNITED STATES,7494
2020,1,URUGUAY,21
2020,1,UZBEKISTAN,74
2020,1,VANUATU,5
2020,1,VENEZUELA,13
2020,1,VIETNAM,287
2020,1,YEMEN,116
2020,1,ZAMBIA,16
2020,1,ZIMBABWE,11
2020,2,AFGHANISTAN,64
2020,2,ALBANIA,38
2020,2,ALGERIA,41
2020,2,ANDORRA,1
2020,2,ANGOLA,1
2020,2,ANTIGUA AND BARBUDA,6
2020,2,ARGENTINA,140
2020,2,ARMENIA,82
2020,2,AUSTRALIA,9578
2020,2,AUSTRIA,2024
2020,2,AZERBAIJAN,50
2020,2,BAHAMAS,4
2020,2,BAHRAIN,131
2020,2,BANGLADESH,760
2020,2,BARBADOS,6
2020,2,BELARUS,1101
2020,2,BELGIUM,1500
2020,2,BELIZE,3
2020,2,BENIN,2
2020,2,BHUTAN,69
2020,2,BOLIVIA,3
2020,2,BOSNIA AND HERZEGOVINA,21
2020,2,BOTSWANA,2
2020,2,BRAZIL,337
2020,2,BRUNEI,5
2020,2,BULGARIA,303
2020,2,BURKINA FASO,1
2020,2,BURUNDI,0
2020,2,CAMBODIA,152
2020,2,CAMEROON,2
2020,2,CANADA,5482
2020,2,CAPE VERDE,1
2020,2,CHAD,0
2020,2,CHILE,117
2020,2,CHINA,2096
2020,2,COLOMBIA,72
2020,2,COMOROS,9
2020,2,COSTA RICA,24
2020,2,COTE D IVOIRE,1
2020,2,CROATIA,250
2020,2,CUBA,1
2020,2,CYPRUS,53
2020,2,CZECHIA,3646
2020,2,DEMOCRATIC REPUBLIC OF THE CONGO,35
2020,2,DENMARK,2223
2020,2,DJIBOUTI,2
2020,2,DOMINICA,3
2020,2,ECUADOR,7
2020,2,EGYPT,400
2020,2,EL SALVADOR,4
2020,2,ERITREA,5
2020,2,ESTONIA,651
2020,2,ETHIOPIA,21
2020,2,FIJI,49
2020,2,FINLAND,1037
2020,2,FRANCE,11430
2020,2,GAMBIA,1
2020,2,GEORGIA,108
2020,2,GERMANY,16405
2020,2,GHANA,5
2020,2,GREECE,618
2020,2,GRENADA,5
2020,2,GUATEMALA,1
2020,2,GUINEA,0
2020,2,GUINEA-BISSAU,0
2020,2,GUYANA,5
2020,2,HAITI,1
2020,2,HONDURAS,6
2020,2,HONG KONG,0
2020,2,HUNGARY,655
2020,2,ICELAND,38
2020,2,INDIA,35309
2020,2,INDONESIA,515
2020,2,IRAN,293
2020,2,IRAQ,52
2020,2,IRELAND,1084
2020,2,ISRAEL,1539
2020,2,ITALY,3743
2020,2,JAMAICA,18
2020,2,JAPAN,3015
2020,2,JORDAN,206
2020,2,KAZAKHSTAN,673
2020,2,KENYA,50
2020,2,KOSOVAR,5
2020,2,KUWAIT,326
2020,2,KYRGYZSTAN,75
2020,2,LAOS,8
2020,2,LATVIA,208
2020,2,LEBANON,223
2020,2,LESOTHO,0
2020,2,LIBERIA,0
2020,2,LIBYA(LIBYAN ARAB JAMAHIR,7
2020,2,LIECHTENSTEIN,15
2020,2,LITHUANIA,397
2020,2,LUXEMBOURG,57
2020,2,MADAGASCAR,21
2020,2,MALAWI,5
2020,2,MALAYSIA,1400
2020,2,MALDIVES,2960
2020,2,MALI,3
2020,2,MALTA,40
2020,2,MAURITANIA,0
2020,2,MAURITIUS,44
2020,2,MEXICO,181
2020,2,MOLDOVA,103
2020,2,MONACO,6
2020,2,MONGOLIA,13
2020,2,MONTENEGRO,40
2020,2,MOROCCO,136
2020,2,MOZAMBIQUE,3
2020,2,MYANMAR,214
2020,2,NAMIBIA,6
2020,2,NAURU,0
2020,2,NEPAL,560
2020,2,NETHERLANDS,3763
2020,2,NEW ZEALAND,987
2020,2,NIGER,0
2020,2,NIGERIA,13
2020,2,NORTH MACEDONIA,20
2020,2,NORWAY,1304
2020,2,OMAN,229
2020,2,PAKISTAN,1166
2020,2,PALESTINIAN TERRITORIES,33
2020,2,PANAMA,8
2020,2,PAPUA NEW GUINEA,3
2020,2,PARAGUAY,5
2020,2,PERU,44
2020,2,PHILIPPINES,1890
2020,2,POLAND,4693
2020,2,PORTUGAL,850
2020,2,QATAR,53
2020,2,REPUBLIC OF ZIMBABWE,4
2020,2,ROMANIA,693
2020,2,RUSSIA,20948
2020,2,RWANDA,6
2020,2,SAINT KITTS AND NEVIS,6
2020,2,SAINT LUCIA,1
2020,2,SAINT VINCENT THE GRENADI,3
2020,2,SAMOA,1
2020,2,SAN MARINO,3
2020,2,SAUDI ARABIA,662
2020,2,SENEGAL,3
2020,2,SERBIA,204
2020,2,SEYCHELLES,77
2020,2,SINGAPORE,878
2020,2,SLOVAKIA,730
2020,2,SLOVENIA,463
2020,2,SOMALIA,9
2020,2,SOUTH AFRICA- ZUID AFRIKA,544
2020,2,SOUTH KOREA,835
2020,2,SOUTH SUDAN,1
2020,2,SPAIN,1380
2020,2,SUDAN,40
2020,2,SURINAME,3
2020,2,SWAZILAND,1
2020,2,SWEDEN,3239
2020,2,SWITZERLAND,2924
2020,2,SYRIAN ARAB,16
2020,2,TAIWAN,580
2020,2,TAJIKISTAN,15
2020,2,TANZANIA,27
2020,2,THAILAND,927
2020,2,TIMOR-LESTE,1
2020,2,TOGO,2
2020,2,TONGA,0
2020,2,TRINIDAD AND TOBAGO,19
2020,2,TUNISIA,45
2020,2,TURKEY,813
2020,2,TURKMENISTAN,9
2020,2,UGANDA,15
2020,2,UKRAINE,6072
2020,2,UNITED ARAB EMIRATES,123
2020,2,UNITED KINGDOM,26348
2020,2,UNITED STATES,7803
2020,2,URUGUAY,11
2020,2,UZBEKISTAN,108
2020,2,VANUATU,1
2020,2,VENEZUELA,17
2020,2,VIETNAM,325
2020,2,YEMEN,38
2020,2,ZAMBIA,5
2020,2,ZIMBABWE,21
2020,3,AFGHANISTAN,17
2020,3,ALBANIA,26
2020,3,ALGERIA,8
2020,3,ANGOLA,1
2020,3,ANTIGUA AND BARBUDA,4
2020,3,ARGENTINA,52
2020,3,ARMENIA,32
2020,3,AUSTRALIA,2590
2020,3,AUSTRIA,602
2020,3,AZERBAIJAN,14
2020,3,BAHAMAS,1
2020,3,BAHRAIN,14
2020,3,BANGLADESH,212
2020,3,BARBADOS,1
2020,3,BELARUS,438
2020,3,BELGIUM,628
2020,3,BELIZE,0
2020,3,BENIN,0
2020,3,BHUTAN,2
2020,3,BOLIVIA,3
2020,3,BOSNIA AND HERZEGOVINA,17
2020,3,BOTSWANA,1
2020,3,BRAZIL,71
2020,3,BRUNEI,3
2020,3,BULGARIA,79
2020,3,BURKINA FASO,0
2020,3,BURUNDI,0
2020,3,CAMBODIA,74
2020,3,CAMEROON,1
2020,3,CANADA,1444
2020,3,CAPE VERDE,0
2020,3,CENTRAL AFRICAN,1
2020,3,CHAD,1
2020,3,CHILE,26
2020,3,CHINA,1688
2020,3,COLOMBIA,41
2020,3,COMOROS,2
2020,3,COSTA RICA,0
2020,3,COTE D IVOIRE,0
2020,3,CROATIA,81
2020,3,CUBA,1
2020,3,CYPRUS,31
2020,3,CZECHIA,1280
2020,3,DEMOCRATIC REPUBLIC OF THE CONGO,0
2020,3,DENMARK,506
2020,3,DOMINICA,1
2020,3,DOMINICAN REPUBLIC,1
2020,3,ECUADOR,4
2020,3,EGYPT,152
2020,3,EL SALVADOR,1
2020,3,EQUATORIAL GUINEA,0
2020,3,ERITREA,2
2020,3,ESTONIA,140
2020,3,ETHIOPIA,6
2020,3,FIJI,3
2020,3,FINLAND,275
2020,3,FRANCE,4056
2020,3,GAMBIA,1
2020,3,GEORGIA,26
2020,3,GERMANY,6608
2020,3,GHANA,1
2020,3,GREECE,357
2020,3,GRENADA,8
2020,3,GUATEMALA,0
2020,3,GUINEA,0
2020,3,GUINEA-BISSAU,0
2020,3,GUYANA,4
2020,3,HAITI,0
2020,3,HONDURAS,1
2020,3,HONG KONG,2
2020,3,HUNGARY,175
2020,3,ICELAND,28
2020,3,INDIA,12600
2020,3,INDONESIA,198
2020,3,IRAN,25
2020,3,IRAQ,15
2020,3,IRELAND,262
2020,3,ISRAEL,329
2020,3,ITALY,406
2020,3,JAMAICA,0
2020,3,JAPAN,712
2020,3,JORDAN,60
2020,3,KAZAKHSTAN,478
2020,3,KENYA,15
2020,3,KOSOVAR,0
2020,3,KUWAIT,34
2020,3,KYRGYZSTAN,24
2020,3,LAOS,3
2020,3,LATVIA,155
2020,3,LEBANON,48
2020,3,LESOTHO,0
2020,3,LIBERIA,0
2020,3,LIBYA(LIBYAN ARAB JAMAHIR,1
2020,3,LIECHTENSTEIN,3
2020,3,LITHUANIA,143
2020,3,LUXEMBOURG,26
2020,3,MADAGASCAR,3
2020,3,MALAWI,2
2020,3,MALAYSIA,695
2020,3,MALDIVES,2183
2020,3,MALI,0
2020,3,MALTA,21
2020,3,MAURITANIA,0
2020,3,MAURITIUS,19
2020,3,MEXICO,30
2020,3,MOLDOVA,23
2020,3,MONACO,0
2020,3,MONGOLIA,2
2020,3,MONTENEGRO,12
2020,3,MOROCCO,50
2020,3,MOZAMBIQUE,0
2020,3,MYANMAR,128
2020,3,NAMIBIA,0
2020,3,NAURU,0
2020,3,NEPAL,235
2020,3,NETHERLANDS,1355
2020,3,NEW ZEALAND,302
2020,3,NIGER,3
2020,3,NIGERIA,0
2020,3,NORTH MACEDONIA,10
2020,3,NORWAY,336
2020,3,OMAN,48
2020,3,PAKISTAN,502
2020,3,PALESTINIAN TERRITORIES,10
2020,3,PANAMA,1
2020,3,PARAGUAY,2
2020,3,PERU,21
2020,3,PHILIPPINES,1160
2020,3,POLAND,1638
2020,3,PORTUGAL,184
2020,3,QATAR,7
2020,3,REPUBLIC OF ZIMBABWE,1
2020,3,ROMANIA,246
2020,3,RUSSIA,8833
2020,3,RWANDA,0
2020,3,SAINT KITTS AND NEVIS,1
2020,3,SAINT LUCIA,0
2020,3,SAINT VINCENT THE GRENADI,1
2020,3,SAMOA,0
2020,3,SAN MARINO,0
2020,3,SAUDI ARABIA,179
2020,3,SENEGAL,0
2020,3,SERBIA,91
2020,3,SEYCHELLES,29
2020,3,SIERRA LEONE,1
2020,3,SINGAPORE,453
2020,3,SLOVAKIA,244
2020,3,SLOVENIA,76
2020,3,SOMALIA,1
2020,3,SOUTH AFRICA- ZUID AFRIKA,134
2020,3,SOUTH KOREA,87
2020,3,SOUTH SUDAN,0
2020,3,SPAIN,496
2020,3,SUDAN,36
2020,3,SURINAME,1
2020,3,SWAZILAND,0
2020,3,SWEDEN,723
2020,3,SWITZERLAND,957
2020,3,SYRIAN ARAB,4
2020,3,TAIWAN,109
2020,3,TAJIKISTAN,9
2020,3,TANZANIA,9
2020,3,THAILAND,217
2020,3,TIMOR-LESTE,0
2020,3,TOGO,0
2020,3,TONGA,0
2020,3,TRINIDAD AND TOBAGO,0
2020,3,TUNISIA,24
2020,3,TURKEY,163
2020,3,TURKMENISTAN,3
2020,3,UGANDA,5
2020,3,UKRAINE,2155
2020,3,UNITED ARAB EMIRATES,30
2020,3,UNITED KINGDOM,7969
2020,3,UNITED STATES,1545
2020,3,URUGUAY,4
2020,3,UZBEKISTAN,35
2020,3,VANUATU,0
2020,3,VENEZUELA,3
2020,3,VIETNAM,97
2020,3,YEMEN,19
2020,3,ZAMBIA,2
2020,3,ZIMBABWE,14
2020,4,AFGHANISTAN,0
2020,4,ALBANIA,0
2020,4,ALGERIA,0
2020,4,ANDORRA,0
2020,4,ANGOLA,0
2020,4,ANTIGUA AND BARBUDA,0
2020,4,ARGENTINA,0
2020,4,ARMENIA,0
2020,4,AUSTRALIA,0
2020,4,AUSTRIA,0
2020,4,AZERBAIJAN,0
2020,4,BAHAMAS,0
2020,4,BAHRAIN,0
2020,4,BANGLADESH,0
2020,4,BARBADOS,0
2020,4,BELARUS,0
2020,4,BELGIUM,0
2020,4,BELIZE,0
2020,4,BENIN,0
2020,4,BHUTAN,0
2020,4,BOLIVIA,0
2020,4,BOSNIA AND HERZEGOVINA,0
2020,4,BOTSWANA,0
2020,4,BRAZIL,0
2020,4,BRUNEI,0
2020,4,BULGARIA,0
2020,4,BURKINA FASO,0
2020,4,BURUNDI,0
2020,4,CAMBODIA,0
2020,4,CAMEROON,0
2020,4,CANADA,0
2020,4,CAPE VERDE,0
2020,4,CENTRAL AFRICAN,0
2020,4,CHAD,0
2020,4,CHILE,0
2020,4,CHINA,0
2020,4,COLOMBIA,0
2020,4,COMOROS,0
2020,4,COSTA RICA,0
2020,4,COTE D IVOIRE,0
2020,4,CROATIA,0
2020,4,CUBA,0
2020,4,CYPRUS,0
2020,4,CZECHIA,0
2020,4,DEMOCRATIC REPUBLIC OF THE CONGO,0
2020,4,DENMARK,0
2020,4,DJIBOUTI,0
2020,4,DOMINICA,0
2020,4,DOMINICAN REPUBLIC,0
2020,4,ECUADOR,0
2020,4,EGYPT,0
2020,4,EL SALVADOR,0
2020,4,EQUATORIAL GUINEA,0
2020,4,ERITREA,0
2020,4,ESTONIA,0
2020,4,ETHIOPIA,0
2020,4,FIJI,0
2020,4,FINLAND,0
2020,4,FRANCE,0
2020,4,GABON,0
2020,4,GAMBIA,0
2020,4,GEORGIA,0
2020,4,GERMANY,0
2020,4,GHANA,0
2020,4,GREECE,0
2020,4,GRENADA,0
2020,4,GUATEMALA,0
2020,4,GUINEA,0
2020,4,GUINEA-BISSAU,0
2020,4,GUYANA,0
2020,4,HAITI,0
2020,4,HONDURAS,0
2020,4,HONG KONG,0
2020,4,HUNGARY,0
2020,4,ICELAND,0
2020,4,INDIA,0
2020,4,INDONESIA,0
2020,4,IRAN,0
2020,4,IRAQ,0
2020,4,IRELAND,0
2020,4,ISRAEL,0
2020,4,ITALY,0
2020,4,JAMAICA,0
2020,4,JAPAN,0
2020,4,JORDAN,0
2020,4,KAZAKHSTAN,0
2020,4,KENYA,0
2020,4,KOSOVAR,0
2020,4,KUWAIT,0
2020,4,KYRGYZSTAN,0
2020,4,LAOS,0
2020,4,LATVIA,0
2020,4,LEBANON,0
2020,4,LESOTHO,0
2020,4,LIBERIA,0
2020,4,LIBYA(LIBYAN ARAB JAMAHIR,0
2020,4,LIECHTENSTEIN,0
2020,4,LITHUANIA,0
2020,4,LUXEMBOURG,0
2020,4,MADAGASCAR,0
2020,4,MALAWI,0
2020,4,MALAYSIA,0
2020,4,MALDIVES,0
2020,4,MALI,0
2020,4,MALTA,0
2020,4,MAURITANIA,0
2020,4,MAURITIUS,0
2020,4,MEXICO,0
2020,4,MOLDOVA,0
2020,4,MONACO,0
2020,4,MONGOLIA,0
2020,4,MONTENEGRO,0
2020,4,MOROCCO,0
2020,4,MOZAMBIQUE,0
2020,4,MYANMAR,0
2020,4,NAMIBIA,0
2020,4,NAURU,0
2020,4,NEPAL,0
2020,4,NETHERLANDS,0
2020,4,NEW ZEALAND,0
2020,4,NIGER,0
2020,4,NIGERIA,0
2020,4,NORTH MACEDONIA,0
2020,4,NORWAY,0
2020,4,OMAN,0
2020,4,PAKISTAN,0
2020,4,PALESTINIAN TERRITORIES,0
2020,4,PANAMA,0
2020,4,PAPUA NEW GUINEA,0
2020,4,PARAGUAY,0
2020,4,PERU,0
2020,4,PHILIPPINES,0
2020,4,POLAND,0
2020,4,PORTUGAL,0
2020,4,QATAR,0
2020,4,REPUBLIC OF ZIMBABWE,0
2020,4,ROMANIA,0
2020,4,RUSSIA,0
2020,4,RWANDA,0
2020,4,SAINT KITTS AND NEVIS,0
2020,4,SAINT LUCIA,0
2020,4,SAINT VINCENT THE GRENADI,0
2020,4,SAMOA,0
2020,4,SAN MARINO,0
2020,4,SAUDI ARABIA,0
2020,4,SENEGAL,0
2020,4,SERBIA,0
2020,4,SEYCHELLES,0
2020,4,SIERRA LEONE,0
2020,4,SINGAPORE,0
2020,4,SLOVAKIA,0
2020,4,SLOVENIA,0
2020,4,SOMALIA,0
2020,4,SOUTH AFRICA- ZUID AFRIKA,0
2020,4,SOUTH KOREA,0
2020,4,SOUTH SUDAN,0
2020,4,SPAIN,0
2020,4,SUDAN,0
2020,4,SURINAME,0
2020,4,SWAZILAND,0
2020,4,SWEDEN,0
2020,4,SWITZERLAND,0
2020,4,SYRIAN ARAB,0
2020,4,TAIWAN,0
2020,4,TAJIKISTAN,0
2020,4,TANZANIA,0
2020,4,THAILAND,0
2020,4,TIMOR-LESTE,0
2020,4,TOGO,0
2020,4,TONGA,0
2020,4,TRINIDAD AND TOBAGO,0
2020,4,TUNISIA,0
2020,4,TURKEY,0
2020,4,TURKMENISTAN,0
2020,4,UGANDA,0
2020,4,UKRAINE,0
2020,4,UNITED ARAB EMIRATES,0
2020,4,UNITED KINGDOM,0
2020,4,UNITED STATES,0
2020,4,URUGUAY,0
2020,4,UZBEKISTAN,0
2020,4,VANUATU,0
2020,4,VENEZUELA,0
2020,4,VIETNAM,0
2020,4,YEMEN,0
2020,4,ZAMBIA,0
2020,4,ZIMBABWE,0
2020,5,AFGHANISTAN,0
2020,5,ALBANIA,0
2020,5,ALGERIA,0
2020,5,ANDORRA,0
2020,5,ANGOLA,0
2020,5,ANTIGUA AND BARBUDA,0
2020,5,ARGENTINA,0
2020,5,ARMENIA,0
2020,5,AUSTRALIA,0
2020,5,AUSTRIA,0
2020,5,AZERBAIJAN,0
2020,5,BAHAMAS,0
2020,5,BAHRAIN,0
2020,5,BANGLADESH,0
2020,5,BARBADOS,0
2020,5,BELARUS,0
2020,5,BELGIUM,0
2020,5,BELIZE,0
2020,5,BENIN,0
2020,5,BHUTAN,0
2020,5,BOLIVIA,0
2020,5,BOSNIA AND HERZEGOVINA,0
2020,5,BOTSWANA,0
2020,5,BRAZIL,0
2020,5,BRUNEI,0
2020,5,BULGARIA,0
2020,5,BURKINA FASO,0
2020,5,BURUNDI,0
2020,5,CAMBODIA,0
2020,5,CAMEROON,0
2020,5,CANADA,0
2020,5,CAPE VERDE,0
2020,5,CENTRAL AFRICAN,0
2020,5,CHAD,0
2020,5,CHILE,0
2020,5,CHINA,0
2020,5,COLOMBIA,0
2020,5,COMOROS,0
2020,5,COSTA RICA,0
2020,5,COTE D IVOIRE,0
2020,5,CROATIA,0
2020,5,CUBA,0
2020,5,CYPRUS,0
2020,5,CZECHIA,0
2020,5,DEMOCRATIC REPUBLIC OF THE CONGO,0
2020,5,DENMARK,0
2020,5,DJIBOUTI,0
2020,5,DOMINICA,0
2020,5,DOMINICAN REPUBLIC,0
2020,5,ECUADOR,0
2020,5,EGYPT,0
2020,5,EL SALVADOR,0
2020,5,EQUATORIAL GUINEA,0
2020,5,ERITREA,0
2020,5,ESTONIA,0
2020,5,ETHIOPIA,0
2020,5,FIJI,0
2020,5,FINLAND,0
2020,5,FRANCE,0
2020,5,GABON,0
2020,5,GAMBIA,0
2020,5,GEORGIA,0
2020,5,GERMANY,0
2020,5,GHANA,0
2020,5,GREECE,0
2020,5,GRENADA,0
2020,5,GUATEMALA,0
2020,5,GUINEA,0
2020,5,GUINEA-BISSAU,0
2020,5,GUYANA,0
2020,5,HAITI,0
2020,5,HONDURAS,0
2020,5,HONG KONG,0
2020,5,HUNGARY,0
2020,5,ICELAND,0
2020,5,INDIA,0
2020,5,INDONESIA,0
2020,5,IRAN,0
2020,5,IRAQ,0
2020,5,IRELAND,0
2020,5,ISRAEL,0
2020,5,ITALY,0
2020,5,JAMAICA,0
2020,5,JAPAN,0
2020,5,JORDAN,0
2020,5,KAZAKHSTAN,0
2020,5,KENYA,0
2020,5,KOSOVAR,0
2020,5,KUWAIT,0
2020,5,KYRGYZSTAN,0
2020,5,LAOS,0
2020,5,LATVIA,0
2020,5,LEBANON,0
2020,5,LESOTHO,0
2020,5,LIBERIA,0
2020,5,LIBYA(LIBYAN ARAB JAMAHIR,0
2020,5,LIECHTENSTEIN,0
2020,5,LITHUANIA,0
2020,5,LUXEMBOURG,0
2020,5,MADAGASCAR,0
2020,5,MALAWI,0
2020,5,MALAYSIA,0
2020,5,MALDIVES,0
2020,5,MALI,0
2020,5,MALTA,0
2020,5,MAURITANIA,0
2020,5,MAURITIUS,0
2020,5,MEXICO,0
2020,5,MOLDOVA,0
2020,5,MONACO,0
2020,5,MONGOLIA,0
2020,5,MONTENEGRO,0
2020,5,MOROCCO,0
2020,5,MOZAMBIQUE,0
2020,5,MYANMAR,0
2020,5,NAMIBIA,0
2020,5,NAURU,0
2020,5,NEPAL,0
2020,5,NETHERLANDS,0
2020,5,NEW ZEALAND,0
2020,5,NIGER,0
2020,5,NIGERIA,0
2020,5,NORTH MACEDONIA,0
2020,5,NORWAY,0
2020,5,OMAN,0
2020,5,PAKISTAN,0
2020,5,PALESTINIAN TERRITORIES,0
2020,5,PANAMA,0
2020,5,PAPUA NEW GUINEA,0
2020,5,PARAGUAY,0
2020,5,PERU,0
2020,5,PHILIPPINES,0
2020,5,POLAND,0
2020,5,PORTUGAL,0
2020,5,QATAR,0
2020,5,REPUBLIC OF ZIMBABWE,0
2020,5,ROMANIA,0
2020,5,RUSSIA,0
2020,5,RWANDA,0
2020,5,SAINT KITTS AND NEVIS,0
2020,5,SAINT LUCIA,0
2020,5,SAINT VINCENT THE GRENADI,0
2020,5,SAMOA,0
2020,5,SAN MARINO,0
2020,5,SAUDI ARABIA,0
2020,5,SENEGAL,0
2020,5,SERBIA,0
2020,5,SEYCHELLES,0
2020,5,SIERRA LEONE,0
2020,5,SINGAPORE,0
2020,5,SLOVAKIA,0
2020,5,SLOVENIA,0
2020,5,SOMALIA,0
2020,5,SOUTH AFRICA- ZUID AFRIKA,0
2020,5,SOUTH KOREA,0
2020,5,SOUTH SUDAN,0
2020,5,SPAIN,0
2020,5,SUDAN,0
2020,5,SURINAME,0
2020,5,SWAZILAND,0
2020,5,SWEDEN,0
2020,5,SWITZERLAND,0
2020,5,SYRIAN ARAB,0
2020,5,TAIWAN,0
2020,5,TAJIKISTAN,0
2020,5,TANZANIA,0
2020,5,THAILAND,0
2020,5,TIMOR-LESTE,0
2020,5,TOGO,0
2020,5,TONGA,0
2020,5,TRINIDAD AND TOBAGO,0
2020,5,TUNISIA,0
2020,5,TURKEY,0
2020,5,TURKMENISTAN,0
2020,5,UGANDA,0
2020,5,UKRAINE,0
2020,5,UNITED ARAB EMIRATES,0
2020,5,UNITED KINGDOM,0
2020,5,UNITED STATES,0
2020,5,URUGUAY,0
2020,5,UZBEKISTAN,0
2020,5,VANUATU,0
2020,5,VENEZUELA,0
2020,5,VIETNAM,0
2020,5,YEMEN,0
2020,5,ZAMBIA,0
2020,5,ZIMBABWE,0
2020,6,AFGHANISTAN,0
2020,6,ALBANIA,0
2020,6,ALGERIA,0
2020,6,ANDORRA,0
2020,6,ANGOLA,0
2020,6,ANTIGUA AND BARBUDA,0
2020,6,ARGENTINA,0
2020,6,ARMENIA,0
2020,6,AUSTRALIA,0
2020,6,AUSTRIA,0
2020,6,AZERBAIJAN,0
2020,6,BAHAMAS,0
2020,6,BAHRAIN,0
2020,6,BANGLADESH,0
2020,6,BARBADOS,0
2020,6,BELARUS,0
2020,6,BELGIUM,0
2020,6,BELIZE,0
2020,6,BENIN,0
2020,6,BHUTAN,0
2020,6,BOLIVIA,0
2020,6,BOSNIA AND HERZEGOVINA,0
2020,6,BOTSWANA,0
2020,6,BRAZIL,0
2020,6,BRUNEI,0
2020,6,BULGARIA,0
2020,6,BURKINA FASO,0
2020,6,BURUNDI,0
2020,6,CAMBODIA,0
2020,6,CAMEROON,0
2020,6,CANADA,0
2020,6,CAPE VERDE,0
2020,6,CENTRAL AFRICAN,0
2020,6,CHAD,0
2020,6,CHILE,0
2020,6,CHINA,0
2020,6,COLOMBIA,0
2020,6,COMOROS,0
2020,6,COSTA RICA,0
2020,6,COTE D IVOIRE,0
2020,6,CROATIA,0
2020,6,CUBA,0
2020,6,CYPRUS,0
2020,6,CZECHIA,0
2020,6,DEMOCRATIC REPUBLIC OF THE CONGO,0
2020,6,DENMARK,0
2020,6,DJIBOUTI,0
2020,6,DOMINICA,0
2020,6,DOMINICAN REPUBLIC,0
2020,6,ECUADOR,0
2020,6,EGYPT,0
2020,6,EL SALVADOR,0
2020,6,EQUATORIAL GUINEA,0
2020,6,ERITREA,0
2020,6,ESTONIA,0
2020,6,ETHIOPIA,0
2020,6,FIJI,0
2020,6,FINLAND,0
2020,6,FRANCE,0
2020,6,GABON,0
2020,6,GAMBIA,0
2020,6,GEORGIA,0
2020,6,GERMANY,0
2020,6,GHANA,0
2020,6,GREECE,0
2020,6,GRENADA,0
2020,6,GUATEMALA,0
2020,6,GUINEA,0
2020,6,GUINEA-BISSAU,0
2020,6,GUYANA,0
2020,6,HAITI,0
2020,6,HONDURAS,0
2020,6,HONG KONG,0
2020,6,HUNGARY,0
2020,6,ICELAND,0
2020,6,INDIA,0
2020,6,INDONESIA,0
2020,6,IRAN,0
2020,6,IRAQ,0
2020,6,IRELAND,0
2020,6,ISRAEL,0
2020,6,ITALY,0
2020,6,JAMAICA,0
2020,6,JAPAN,0
2020,6,JORDAN,0
2020,6,KAZAKHSTAN,0
2020,6,KENYA,0
2020,6,KOSOVAR,0
2020,6,KUWAIT,0
2020,6,KYRGYZSTAN,0
2020,6,LAOS,0
2020,6,LATVIA,0
2020,6,LEBANON,0
2020,6,LESOTHO,0
2020,6,LIBERIA,0
2020,6,LIBYA(LIBYAN ARAB JAMAHIR,0
2020,6,LIECHTENSTEIN,0
2020,6,LITHUANIA,0
2020,6,LUXEMBOURG,0
2020,6,MADAGASCAR,0
2020,6,MALAWI,0
2020,6,MALAYSIA,0
2020,6,MALDIVES,0
2020,6,MALI,0
2020,6,MALTA,0
2020,6,MAURITANIA,0
2020,6,MAURITIUS,0
2020,6,MEXICO,0
2020,6,MOLDOVA,0
2020,6,MONACO,0
2020,6,MONGOLIA,0
2020,6,MONTENEGRO,0
2020,6,MOROCCO,0
2020,6,MOZAMBIQUE,0
2020,6,MYANMAR,0
2020,6,NAMIBIA,0
2020,6,NAURU,0
2020,6,NEPAL,0
2020,6,NETHERLANDS,0
2020,6,NEW ZEALAND,0
2020,6,NIGER,0
2020,6,NIGERIA,0
2020,6,NORTH MACEDONIA,0
2020,6,NORWAY,0
2020,6,OMAN,0
2020,6,PAKISTAN,0
2020,6,PALESTINIAN TERRITORIES,0
2020,6,PANAMA,0
2020,6,PAPUA NEW GUINEA,0
2020,6,PARAGUAY,0
2020,6,PERU,0
2020,6,PHILIPPINES,0
2020,6,POLAND,0
2020,6,PORTUGAL,0
2020,6,QATAR,0
2020,6,REPUBLIC OF ZIMBABWE,0
2020,6,ROMANIA,0
2020,6,RUSSIA,0
2020,6,RWANDA,0
2020,6,SAINT KITTS AND NEVIS,0
2020,6,SAINT LUCIA,0
2020,6,SAINT VINCENT THE GRENADI,0
2020,6,SAMOA,0
2020,6,SAN MARINO,0
2020,6,SAUDI ARABIA,0
2020,6,SENEGAL,0
2020,6,SERBIA,0
2020,6,SEYCHELLES,0
2020,6,SIERRA LEONE,0
2020,6,SINGAPORE,0
2020,6,SLOVAKIA,0
2020,6,SLOVENIA,0
2020,6,SOMALIA,0
2020,6,SOUTH AFRICA- ZUID AFRIKA,0
2020,6,SOUTH KOREA,0
2020,6,SOUTH SUDAN,0
2020,6,SPAIN,0
2020,6,SUDAN,0
2020,6,SURINAME,0
2020,6,SWAZILAND,0
2020,6,SWEDEN,0
2020,6,SWITZERLAND,0
2020,6,SYRIAN ARAB,0
2020,6,TAIWAN,0
2020,6,TAJIKISTAN,0
2020,6,TANZANIA,0
2020,6,THAILAND,0
2020,6,TIMOR-LESTE,0
2020,6,TOGO,0
2020,6,TONGA,0
2020,6,TRINIDAD AND TOBAGO,0
2020,6,TUNISIA,0
2020,6,TURKEY,0
2020,6,TURKMENISTAN,0
2020,6,UGANDA,0
2020,6,UKRAINE,0
2020,6,UNITED ARAB EMIRATES,0
2020,6,UNITED KINGDOM,0
2020,6,UNITED STATES,0
2020,6,URUGUAY,0
2020,6,UZBEKISTAN,0
2020,6,VANUATU,0
2020,6,VENEZUELA,0
2020,6,VIETNAM,0
2020,6,YEMEN,0
2020,6,ZAMBIA,0
2020,6,ZIMBABWE,0
2020,7,AFGHANISTAN,0
2020,7,ALBANIA,0
2020,7,ALGERIA,0
2020,7,ANDORRA,0
2020,7,ANGOLA,0
2020,7,ANTIGUA AND BARBUDA,0
2020,7,ARGENTINA,0
2020,7,ARMENIA,0
2020,7,AUSTRALIA,0
2020,7,AUSTRIA,0
2020,7,AZERBAIJAN,0
2020,7,BAHAMAS,0
2020,7,BAHRAIN,0
2020,7,BANGLADESH,0
2020,7,BARBADOS,0
2020,7,BELARUS,0
2020,7,BELGIUM,0
2020,7,BELIZE,0
2020,7,BENIN,0
2020,7,BHUTAN,0
2020,7,BOLIVIA,0
2020,7,BOSNIA AND HERZEGOVINA,0
2020,7,BOTSWANA,0
2020,7,BRAZIL,0
2020,7,BRUNEI,0
2020,7,BULGARIA,0
2020,7,BURKINA FASO,0
2020,7,BURUNDI,0
2020,7,CAMBODIA,0
2020,7,CAMEROON,0
2020,7,CANADA,0
2020,7,CAPE VERDE,0
2020,7,CENTRAL AFRICAN,0
2020,7,CHAD,0
2020,7,CHILE,0
2020,7,CHINA,0
2020,7,COLOMBIA,0
2020,7,COMOROS,0
2020,7,COSTA RICA,0
2020,7,COTE D IVOIRE,0
2020,7,CROATIA,0
2020,7,CUBA,0
2020,7,CYPRUS,0
2020,7,CZECHIA,0
2020,7,DEMOCRATIC REPUBLIC OF THE CONGO,0
2020,7,DENMARK,0
2020,7,DJIBOUTI,0
2020,7,DOMINICA,0
2020,7,DOMINICAN REPUBLIC,0
2020,7,ECUADOR,0
2020,7,EGYPT,0
2020,7,EL SALVADOR,0
2020,7,EQUATORIAL GUINEA,0
2020,7,ERITREA,0
2020,7,ESTONIA,0
2020,7,ETHIOPIA,0
2020,7,FIJI,0
2020,7,FINLAND,0
2020,7,FRANCE,0
2020,7,GABON,0
2020,7,GAMBIA,0
2020,7,GEORGIA,0
2020,7,GERMANY,0
2020,7,GHANA,0
2020,7,GREECE,0
2020,7,GRENADA,0
2020,7,GUATEMALA,0
2020,7,GUINEA,0
2020,7,GUINEA-BISSAU,0
2020,7,GUYANA,0
2020,7,HAITI,0
2020,7,HONDURAS,0
2020,7,HONG KONG,0
2020,7,HUNGARY,0
2020,7,ICELAND,0
2020,7,INDIA,0
2020,7,INDONESIA,0
2020,7,IRAN,0
2020,7,IRAQ,0
2020,7,IRELAND,0
2020,7,ISRAEL,0
2020,7,ITALY,0
2020,7,JAMAICA,0
2020,7,JAPAN,0
2020,7,JORDAN,0
2020,7,KAZAKHSTAN,0
2020,7,KENYA,0
2020,7,KOSOVAR,0
2020,7,KUWAIT,0
2020,7,KYRGYZSTAN,0
2020,7,LAOS,0
2020,7,LATVIA,0
2020,7,LEBANON,0
2020,7,LESOTHO,0
2020,7,LIBERIA,0
2020,7,LIBYA(LIBYAN ARAB JAMAHIR,0
2020,7,LIECHTENSTEIN,0
2020,7,LITHUANIA,0
2020,7,LUXEMBOURG,0
2020,7,MADAGASCAR,0
2020,7,MALAWI,0
2020,7,MALAYSIA,0
2020,7,MALDIVES,0
2020,7,MALI,0
2020,7,MALTA,0
2020,7,MAURITANIA,0
2020,7,MAURITIUS,0
2020,7,MEXICO,0
2020,7,MOLDOVA,0
2020,7,MONACO,0
2020,7,MONGOLIA,0
2020,7,MONTENEGRO,0
2020,7,MOROCCO,0
2020,7,MOZAMBIQUE,0
2020,7,MYANMAR,0
2020,7,NAMIBIA,0
2020,7,NAURU,0
2020,7,NEPAL,0
2020,7,NETHERLANDS,0
2020,7,NEW ZEALAND,0
2020,7,NIGER,0
2020,7,NIGERIA,0
2020,7,NORTH MACEDONIA,0
2020,7,NORWAY,0
2020,7,OMAN,0
2020,7,PAKISTAN,0
2020,7,PALESTINIAN TERRITORIES,0
2020,7,PANAMA,0
2020,7,PAPUA NEW GUINEA,0
2020,7,PARAGUAY,0
2020,7,PERU,0
2020,7,PHILIPPINES,0
2020,7,POLAND,0
2020,7,PORTUGAL,0
2020,7,QATAR,0
2020,7,REPUBLIC OF ZIMBABWE,0
2020,7,ROMANIA,0
2020,7,RUSSIA,0
2020,7,RWANDA,0
2020,7,SAINT KITTS AND NEVIS,0
2020,7,SAINT LUCIA,0
2020,7,SAINT VINCENT THE GRENADI,0
2020,7,SAMOA,0
2020,7,SAN MARINO,0
2020,7,SAUDI ARABIA,0
2020,7,SENEGAL,0
2020,7,SERBIA,0
2020,7,SEYCHELLES,0
2020,7,SIERRA LEONE,0
2020,7,SINGAPORE,0
2020,7,SLOVAKIA,0
2020,7,SLOVENIA,0
2020,7,SOMALIA,0
2020,7,SOUTH AFRICA- ZUID AFRIKA,0
2020,7,SOUTH KOREA,0
2020,7,SOUTH SUDAN,0
2020,7,SPAIN,0
2020,7,SUDAN,0
2020,7,SURINAME,0
2020,7,SWAZILAND,0
2020,7,SWEDEN,0
2020,7,SWITZERLAND,0
2020,7,SYRIAN ARAB,0
2020,7,TAIWAN,0
2020,7,TAJIKISTAN,0
2020,7,TANZANIA,0
2020,7,THAILAND,0
2020,7,TIMOR-LESTE,0
2020,7,TOGO,0
2020,7,TONGA,0
2020,7,TRINIDAD AND TOBAGO,0
2020,7,TUNISIA,0
2020,7,TURKEY,0
2020,7,TURKMENISTAN,0
2020,7,UGANDA,0
2020,7,UKRAINE,0
2020,7,UNITED ARAB EMIRATES,0
2020,7,UNITED KINGDOM,0
2020,7,UNITED STATES,0
2020,7,URUGUAY,0
2020,7,UZBEKISTAN,0
2020,7,VANUATU,0
2020,7,VENEZUELA,0
2020,7,VIETNAM,0
2020,7,YEMEN,0
2020,7,ZAMBIA,0
2020,7,ZIMBABWE,0
2020,8,AFGHANISTAN,0
2020,8,ALBANIA,0
2020,8,ALGERIA,0
2020,8,ANDORRA,0
2020,8,ANGOLA,0
2020,8,ANTIGUA AND BARBUDA,0
2020,8,ARGENTINA,0
2020,8,ARMENIA,0
2020,8,AUSTRALIA,0
2020,8,AUSTRIA,0
2020,8,AZERBAIJAN,0
2020,8,BAHAMAS,0
2020,8,BAHRAIN,0
2020,8,BANGLADESH,0
2020,8,BARBADOS,0
2020,8,BELARUS,0
2020,8,BELGIUM,0
2020,8,BELIZE,0
2020,8,BENIN,0
2020,8,BHUTAN,0
2020,8,BOLIVIA,0
2020,8,BOSNIA AND HERZEGOVINA,0
2020,8,BOTSWANA,0
2020,8,BRAZIL,0
2020,8,BRUNEI,0
2020,8,BULGARIA,0
2020,8,BURKINA FASO,0
2020,8,BURUNDI,0
2020,8,CAMBODIA,0
2020,8,CAMEROON,0
2020,8,CANADA,0
2020,8,CAPE VERDE,0
2020,8,CENTRAL AFRICAN,0
2020,8,CHAD,0
2020,8,CHILE,0
2020,8,CHINA,0
2020,8,COLOMBIA,0
2020,8,COMOROS,0
2020,8,COSTA RICA,0
2020,8,COTE D IVOIRE,0
2020,8,CROATIA,0
2020,8,CUBA,0
2020,8,CYPRUS,0
2020,8,CZECHIA,0
2020,8,DEMOCRATIC REPUBLIC OF THE CONGO,0
2020,8,DENMARK,0
2020,8,DJIBOUTI,0
2020,8,DOMINICA,0
2020,8,DOMINICAN REPUBLIC,0
2020,8,ECUADOR,0
2020,8,EGYPT,0
2020,8,EL SALVADOR,0
2020,8,EQUATORIAL GUINEA,0
2020,8,ERITREA,0
2020,8,ESTONIA,0
2020,8,ETHIOPIA,0
2020,8,FIJI,0
2020,8,FINLAND,0
2020,8,FRANCE,0
2020,8,GABON,0
2020,8,GAMBIA,0
2020,8,GEORGIA,0
2020,8,GERMANY,0
2020,8,GHANA,0
2020,8,GREECE,0
2020,8,GRENADA,0
2020,8,GUATEMALA,0
2020,8,GUINEA,0
2020,8,GUINEA-BISSAU,0
2020,8,GUYANA,0
2020,8,HAITI,0
2020,8,HONDURAS,0
2020,8,HONG KONG,0
2020,8,HUNGARY,0
2020,8,ICELAND,0
2020,8,INDIA,0
2020,8,INDONESIA,0
2020,8,IRAN,0
2020,8,IRAQ,0
2020,8,IRELAND,0
2020,8,ISRAEL,0
2020,8,ITALY,0
2020,8,JAMAICA,0
2020,8,JAPAN,0
2020,8,JORDAN,0
2020,8,KAZAKHSTAN,0
2020,8,KENYA,0
2020,8,KOSOVAR,0
2020,8,KUWAIT,0
2020,8,KYRGYZSTAN,0
2020,8,LAOS,0
2020,8,LATVIA,0
2020,8,LEBANON,0
2020,8,LESOTHO,0
2020,8,LIBERIA,0
2020,8,LIBYA(LIBYAN ARAB JAMAHIR,0
2020,8,LIECHTENSTEIN,0
2020,8,LITHUANIA,0
2020,8,LUXEMBOURG,0
2020,8,MADAGASCAR,0
2020,8,MALAWI,0
2020,8,MALAYSIA,0
2020,8,MALDIVES,0
2020,8,MALI,0
2020,8,MALTA,0
2020,8,MAURITANIA,0
2020,8,MAURITIUS,0
2020,8,MEXICO,0
2020,8,MOLDOVA,0
2020,8,MONACO,0
2020,8,MONGOLIA,0
2020,8,MONTENEGRO,0
2020,8,MOROCCO,0
2020,8,MOZAMBIQUE,0
2020,8,MYANMAR,0
2020,8,NAMIBIA,0
2020,8,NAURU,0
2020,8,NEPAL,0
2020,8,NETHERLANDS,0
2020,8,NEW ZEALAND,0
2020,8,NIGER,0
2020,8,NIGERIA,0
2020,8,NORTH MACEDONIA,0
2020,8,NORWAY,0
2020,8,OMAN,0
2020,8,PAKISTAN,0
2020,8,PALESTINIAN TERRITORIES,0
2020,8,PANAMA,0
2020,8,PAPUA NEW GUINEA,0
2020,8,PARAGUAY,0
2020,8,PERU,0
2020,8,PHILIPPINES,0
2020,8,POLAND,0
2020,8,PORTUGAL,0
2020,8,QATAR,0
2020,8,REPUBLIC OF ZIMBABWE,0
2020,8,ROMANIA,0
2020,8,RUSSIA,0
2020,8,RWANDA,0
2020,8,SAINT KITTS AND NEVIS,0
2020,8,SAINT LUCIA,0
2020,8,SAINT VINCENT THE GRENADI,0
2020,8,SAMOA,0
2020,8,SAN MARINO,0
2020,8,SAUDI ARABIA,0
2020,8,SENEGAL,0
2020,8,SERBIA,0
2020,8,SEYCHELLES,0
2020,8,SIERRA LEONE,0
2020,8,SINGAPORE,0
2020,8,SLOVAKIA,0
2020,8,SLOVENIA,0
2020,8,SOMALIA,0
2020,8,SOUTH AFRICA- ZUID AFRIKA,0
2020,8,SOUTH KOREA,0
2020,8,SOUTH SUDAN,0
2020,8,SPAIN,0
2020,8,SUDAN,0
2020,8,SURINAME,0
2020,8,SWAZILAND,0
2020,8,SWEDEN,0
2020,8,SWITZERLAND,0
2020,8,SYRIAN ARAB,0
2020,8,TAIWAN,0
2020,8,TAJIKISTAN,0
2020,8,TANZANIA,0
2020,8,THAILAND,0
2020,8,TIMOR-LESTE,0
2020,8,TOGO,0
2020,8,TONGA,0
2020,8,TRINIDAD AND TOBAGO,0
2020,8,TUNISIA,0
2020,8,TURKEY,0
2020,8,TURKMENISTAN,0
2020,8,UGANDA,0
2020,8,UKRAINE,0
2020,8,UNITED ARAB EMIRATES,0
2020,8,UNITED KINGDOM,0
2020,8,UNITED STATES,0
2020,8,URUGUAY,0
2020,8,UZBEKISTAN,0
2020,8,VANUATU,0
2020,8,VENEZUELA,0
2020,8,VIETNAM,0
2020,8,YEMEN,0
2020,8,ZAMBIA,0
2020,8,ZIMBABWE,0
2020,9,AFGHANISTAN,0
2020,9,ALBANIA,0
2020,9,ALGERIA,0
2020,9,ANDORRA,0
2020,9,ANGOLA,0
2020,9,ANTIGUA AND BARBUDA,0
2020,9,ARGENTINA,0
2020,9,ARMENIA,0
2020,9,AUSTRALIA,0
2020,9,AUSTRIA,0
2020,9,AZERBAIJAN,0
2020,9,BAHAMAS,0
2020,9,BAHRAIN,0
2020,9,BANGLADESH,0
2020,9,BARBADOS,0
2020,9,BELARUS,0
2020,9,BELGIUM,0
2020,9,BELIZE,0
2020,9,BENIN,0
2020,9,BHUTAN,0
2020,9,BOLIVIA,0
2020,9,BOSNIA AND HERZEGOVINA,0
2020,9,BOTSWANA,0
2020,9,BRAZIL,0
2020,9,BRUNEI,0
2020,9,BULGARIA,0
2020,9,BURKINA FASO,0
2020,9,BURUNDI,0
2020,9,CAMBODIA,0
2020,9,CAMEROON,0
2020,9,CANADA,0
2020,9,CAPE VERDE,0
2020,9,CENTRAL AFRICAN,0
2020,9,CHAD,0
2020,9,CHILE,0
2020,9,CHINA,0
2020,9,COLOMBIA,0
2020,9,COMOROS,0
2020,9,COSTA RICA,0
2020,9,COTE D IVOIRE,0
2020,9,CROATIA,0
2020,9,CUBA,0
2020,9,CYPRUS,0
2020,9,CZECHIA,0
2020,9,DEMOCRATIC REPUBLIC OF THE CONGO,0
2020,9,DENMARK,0
2020,9,DJIBOUTI,0
2020,9,DOMINICA,0
2020,9,DOMINICAN REPUBLIC,0
2020,9,ECUADOR,0
2020,9,EGYPT,0
2020,9,EL SALVADOR,0
2020,9,EQUATORIAL GUINEA,0
2020,9,ERITREA,0
2020,9,ESTONIA,0
2020,9,ETHIOPIA,0
2020,9,FIJI,0
2020,9,FINLAND,0
2020,9,FRANCE,0
2020,9,GABON,0
2020,9,GAMBIA,0
2020,9,GEORGIA,0
2020,9,GERMANY,0
2020,9,GHANA,0
2020,9,GREECE,0
2020,9,GRENADA,0
2020,9,GUATEMALA,0
2020,9,GUINEA,0
2020,9,GUINEA-BISSAU,0
2020,9,GUYANA,0
2020,9,HAITI,0
2020,9,HONDURAS,0
2020,9,HONG KONG,0
2020,9,HUNGARY,0
2020,9,ICELAND,0
2020,9,INDIA,0
2020,9,INDONESIA,0
2020,9,IRAN,0
2020,9,IRAQ,0
2020,9,IRELAND,0
2020,9,ISRAEL,0
2020,9,ITALY,0
2020,9,JAMAICA,0
2020,9,JAPAN,0
2020,9,JORDAN,0
2020,9,KAZAKHSTAN,0
2020,9,KENYA,0
2020,9,KOSOVAR,0
2020,9,KUWAIT,0
2020,9,KYRGYZSTAN,0
2020,9,LAOS,0
2020,9,LATVIA,0
2020,9,LEBANON,0
2020,9,LESOTHO,0
2020,9,LIBERIA,0
2020,9,LIBYA(LIBYAN ARAB JAMAHIR,0
2020,9,LIECHTENSTEIN,0
2020,9,LITHUANIA,0
2020,9,LUXEMBOURG,0
2020,9,MADAGASCAR,0
2020,9,MALAWI,0
2020,9,MALAYSIA,0
2020,9,MALDIVES,0
2020,9,MALI,0
2020,9,MALTA,0
2020,9,MAURITANIA,0
2020,9,MAURITIUS,0
2020,9,MEXICO,0
2020,9,MOLDOVA,0
2020,9,MONACO,0
2020,9,MONGOLIA,0
2020,9,MONTENEGRO,0
2020,9,MOROCCO,0
2020,9,MOZAMBIQUE,0
2020,9,MYANMAR,0
2020,9,NAMIBIA,0
2020,9,NAURU,0
2020,9,NEPAL,0
2020,9,NETHERLANDS,0
2020,9,NEW ZEALAND,0
2020,9,NIGER,0
2020,9,NIGERIA,0
2020,9,NORTH MACEDONIA,0
2020,9,NORWAY,0
2020,9,OMAN,0
2020,9,PAKISTAN,0
2020,9,PALESTINIAN TERRITORIES,0
2020,9,PANAMA,0
2020,9,PAPUA NEW GUINEA,0
2020,9,PARAGUAY,0
2020,9,PERU,0
2020,9,PHILIPPINES,0
2020,9,POLAND,0
2020,9,PORTUGAL,0
2020,9,QATAR,0
2020,9,REPUBLIC OF ZIMBABWE,0
2020,9,ROMANIA,0
2020,9,RUSSIA,0
2020,9,RWANDA,0
2020,9,SAINT KITTS AND NEVIS,0
2020,9,SAINT LUCIA,0
2020,9,SAINT VINCENT THE GRENADI,0
2020,9,SAMOA,0
2020,9,SAN MARINO,0
2020,9,SAUDI ARABIA,0
2020,9,SENEGAL,0
2020,9,SERBIA,0
2020,9,SEYCHELLES,0
2020,9,SIERRA LEONE,0
2020,9,SINGAPORE,0
2020,9,SLOVAKIA,0
2020,9,SLOVENIA,0
2020,9,SOMALIA,0
2020,9,SOUTH AFRICA- ZUID AFRIKA,0
2020,9,SOUTH KOREA,0
2020,9,SOUTH SUDAN,0
2020,9,SPAIN,0
2020,9,SUDAN,0
2020,9,SURINAME,0
2020,9,SWAZILAND,0
2020,9,SWEDEN,0
2020,9,SWITZERLAND,0
2020,9,SYRIAN ARAB,0
2020,9,TAIWAN,0
2020,9,TAJIKISTAN,0
2020,9,TANZANIA,0
2020,9,THAILAND,0
2020,9,TIMOR-LESTE,0
2020,9,TOGO,0
2020,9,TONGA,0
2020,9,TRINIDAD AND TOBAGO,0
2020,9,TUNISIA,0
2020,9,TURKEY,0
2020,9,TURKMENISTAN,0
2020,9,UGANDA,0
2020,9,UKRAINE,0
2020,9,UNITED ARAB EMIRATES,0
2020,9,UNITED KINGDOM,0
2020,9,UNITED STATES,0
2020,9,URUGUAY,0
2020,9,UZBEKISTAN,0
2020,9,VANUATU,0
2020,9,VENEZUELA,0
2020,9,VIETNAM,0
2020,9,YEMEN,0
2020,9,ZAMBIA,0
2020,9,ZIMBABWE,0
2020,10,AFGHANISTAN,0
2020,10,ALBANIA,0
2020,10,ALGERIA,0
2020,10,ANDORRA,0
2020,10,ANGOLA,0
2020,10,ANTIGUA AND BARBUDA,0
2020,10,ARGENTINA,0
2020,10,ARMENIA,0
2020,10,AUSTRALIA,0
2020,10,AUSTRIA,0
2020,10,AZERBAIJAN,0
2020,10,BAHAMAS,0
2020,10,BAHRAIN,0
2020,10,BANGLADESH,0
2020,10,BARBADOS,0
2020,10,BELARUS,0
2020,10,BELGIUM,0
2020,10,BELIZE,0
2020,10,BENIN,0
2020,10,BHUTAN,0
2020,10,BOLIVIA,0
2020,10,BOSNIA AND HERZEGOVINA,0
2020,10,BOTSWANA,0
2020,10,BRAZIL,0
2020,10,BRUNEI,0
2020,10,BULGARIA,0
2020,10,BURKINA FASO,0
2020,10,BURUNDI,0
2020,10,CAMBODIA,0
2020,10,CAMEROON,0
2020,10,CANADA,0
2020,10,CAPE VERDE,0
2020,10,CENTRAL AFRICAN,0
2020,10,CHAD,0
2020,10,CHILE,0
2020,10,CHINA,0
2020,10,COLOMBIA,0
2020,10,COMOROS,0
2020,10,COSTA RICA,0
2020,10,COTE D IVOIRE,0
2020,10,CROATIA,0
2020,10,CUBA,0
2020,10,CYPRUS,0
2020,10,CZECHIA,0
2020,10,DEMOCRATIC REPUBLIC OF THE CONGO,0
2020,10,DENMARK,0
2020,10,DJIBOUTI,0
2020,10,DOMINICA,0
2020,10,DOMINICAN REPUBLIC,0
2020,10,ECUADOR,0
2020,10,EGYPT,0
2020,10,EL SALVADOR,0
2020,10,EQUATORIAL GUINEA,0
2020,10,ERITREA,0
2020,10,ESTONIA,0
2020,10,ETHIOPIA,0
2020,10,FIJI,0
2020,10,FINLAND,0
2020,10,FRANCE,0
2020,10,GABON,0
2020,10,GAMBIA,0
2020,10,GEORGIA,0
2020,10,GERMANY,0
2020,10,GHANA,0
2020,10,GREECE,0
2020,10,GRENADA,0
2020,10,GUATEMALA,0
2020,10,GUINEA,0
2020,10,GUINEA-BISSAU,0
2020,10,GUYANA,0
2020,10,HAITI,0
2020,10,HONDURAS,0
2020,10,HONG KONG,0
2020,10,HUNGARY,0
2020,10,ICELAND,0
2020,10,INDIA,0
2020,10,INDONESIA,0
2020,10,IRAN,0
2020,10,IRAQ,0
2020,10,IRELAND,0
2020,10,ISRAEL,0
2020,10,ITALY,0
2020,10,JAMAICA,0
2020,10,JAPAN,0
2020,10,JORDAN,0
2020,10,KAZAKHSTAN,0
2020,10,KENYA,0
2020,10,KOSOVAR,0
2020,10,KUWAIT,0
2020,10,KYRGYZSTAN,0
2020,10,LAOS,0
2020,10,LATVIA,0
2020,10,LEBANON,0
2020,10,LESOTHO,0
2020,10,LIBERIA,0
2020,10,LIBYA(LIBYAN ARAB JAMAHIR,0
2020,10,LIECHTENSTEIN,0
2020,10,LITHUANIA,0
2020,10,LUXEMBOURG,0
2020,10,MADAGASCAR,0
2020,10,MALAWI,0
2020,10,MALAYSIA,0
2020,10,MALDIVES,0
2020,10,MALI,0
2020,10,MALTA,0
2020,10,MAURITANIA,0
2020,10,MAURITIUS,0
2020,10,MEXICO,0
2020,10,MOLDOVA,0
2020,10,MONACO,0
2020,10,MONGOLIA,0
2020,10,MONTENEGRO,0
2020,10,MOROCCO,0
2020,10,MOZAMBIQUE,0
2020,10,MYANMAR,0
2020,10,NAMIBIA,0
2020,10,NAURU,0
2020,10,NEPAL,0
2020,10,NETHERLANDS,0
2020,10,NEW ZEALAND,0
2020,10,NIGER,0
2020,10,NIGERIA,0
2020,10,NORTH MACEDONIA,0
2020,10,NORWAY,0
2020,10,OMAN,0
2020,10,PAKISTAN,0
2020,10,PALESTINIAN TERRITORIES,0
2020,10,PANAMA,0
2020,10,PAPUA NEW GUINEA,0
2020,10,PARAGUAY,0
2020,10,PERU,0
2020,10,PHILIPPINES,0
2020,10,POLAND,0
2020,10,PORTUGAL,0
2020,10,QATAR,0
2020,10,REPUBLIC OF ZIMBABWE,0
2020,10,ROMANIA,0
2020,10,RUSSIA,0
2020,10,RWANDA,0
2020,10,SAINT KITTS AND NEVIS,0
2020,10,SAINT LUCIA,0
2020,10,SAINT VINCENT THE GRENADI,0
2020,10,SAMOA,0
2020,10,SAN MARINO,0
2020,10,SAUDI ARABIA,0
2020,10,SENEGAL,0
2020,10,SERBIA,0
2020,10,SEYCHELLES,0
2020,10,SIERRA LEONE,0
2020,10,SINGAPORE,0
2020,10,SLOVAKIA,0
2020,10,SLOVENIA,0
2020,10,SOMALIA,0
2020,10,SOUTH AFRICA- ZUID AFRIKA,0
2020,10,SOUTH KOREA,0
2020,10,SOUTH SUDAN,0
2020,10,SPAIN,0
2020,10,SUDAN,0
2020,10,SURINAME,0
2020,10,SWAZILAND,0
2020,10,SWEDEN,0
2020,10,SWITZERLAND,0
2020,10,SYRIAN ARAB,0
2020,10,TAIWAN,0
2020,10,TAJIKISTAN,0
2020,10,TANZANIA,0
2020,10,THAILAND,0
2020,10,TIMOR-LESTE,0
2020,10,TOGO,0
2020,10,TONGA,0
2020,10,TRINIDAD AND TOBAGO,0
2020,10,TUNISIA,0
2020,10,TURKEY,0
2020,10,TURKMENISTAN,0
2020,10,UGANDA,0
2020,10,UKRAINE,0
2020,10,UNITED ARAB EMIRATES,0
2020,10,UNITED KINGDOM,0
2020,10,UNITED STATES,0
2020,10,URUGUAY,0
2020,10,UZBEKISTAN,0
2020,10,VANUATU,0
2020,10,VENEZUELA,0
2020,10,VIETNAM,0
2020,10,YEMEN,0
2020,10,ZAMBIA,0
2020,10,ZIMBABWE,0
2020,11,AFGHANISTAN,0
2020,11,ALBANIA,0
2020,11,ALGERIA,0
2020,11,ANDORRA,0
2020,11,ANGOLA,0
2020,11,ANTIGUA AND BARBUDA,0
2020,11,ARGENTINA,0
2020,11,ARMENIA,0
2020,11,AUSTRALIA,0
2020,11,AUSTRIA,0
2020,11,AZERBAIJAN,0
2020,11,BAHAMAS,0
2020,11,BAHRAIN,0
2020,11,BANGLADESH,0
2020,11,BARBADOS,0
2020,11,BELARUS,0
2020,11,BELGIUM,0
2020,11,BELIZE,0
2020,11,BENIN,0
2020,11,BHUTAN,0
2020,11,BOLIVIA,0
2020,11,BOSNIA AND HERZEGOVINA,0
2020,11,BOTSWANA,0
2020,11,BRAZIL,0
2020,11,BRUNEI,0
2020,11,BULGARIA,0
2020,11,BURKINA FASO,0
2020,11,BURUNDI,0
2020,11,CAMBODIA,0
2020,11,CAMEROON,0
2020,11,CANADA,0
2020,11,CAPE VERDE,0
2020,11,CENTRAL AFRICAN,0
2020,11,CHAD,0
2020,11,CHILE,0
2020,11,CHINA,0
2020,11,COLOMBIA,0
2020,11,COMOROS,0
2020,11,COSTA RICA,0
2020,11,COTE D IVOIRE,0
2020,11,CROATIA,0
2020,11,CUBA,0
2020,11,CYPRUS,0
2020,11,CZECHIA,0
2020,11,DEMOCRATIC REPUBLIC OF THE CONGO,0
2020,11,DENMARK,0
2020,11,DJIBOUTI,0
2020,11,DOMINICA,0
2020,11,DOMINICAN REPUBLIC,0
2020,11,ECUADOR,0
2020,11,EGYPT,0
2020,11,EL SALVADOR,0
2020,11,EQUATORIAL GUINEA,0
2020,11,ERITREA,0
2020,11,ESTONIA,0
2020,11,ETHIOPIA,0
2020,11,FIJI,0
2020,11,FINLAND,0
2020,11,FRANCE,0
2020,11,GABON,0
2020,11,GAMBIA,0
2020,11,GEORGIA,0
2020,11,GERMANY,0
2020,11,GHANA,0
2020,11,GREECE,0
2020,11,GRENADA,0
2020,11,GUATEMALA,0
2020,11,GUINEA,0
2020,11,GUINEA-BISSAU,0
2020,11,GUYANA,0
2020,11,HAITI,0
2020,11,HONDURAS,0
2020,11,HONG KONG,0
2020,11,HUNGARY,0
2020,11,ICELAND,0
2020,11,INDIA,0
2020,11,INDONESIA,0
2020,11,IRAN,0
2020,11,IRAQ,0
2020,11,IRELAND,0
2020,11,ISRAEL,0
2020,11,ITALY,0
2020,11,JAMAICA,0
2020,11,JAPAN,0
2020,11,JORDAN,0
2020,11,KAZAKHSTAN,0
2020,11,KENYA,0
2020,11,KOSOVAR,0
2020,11,KUWAIT,0
2020,11,KYRGYZSTAN,0
2020,11,LAOS,0
2020,11,LATVIA,0
2020,11,LEBANON,0
2020,11,LESOTHO,0
2020,11,LIBERIA,0
2020,11,LIBYA(LIBYAN ARAB JAMAHIR,0
2020,11,LIECHTENSTEIN,0
2020,11,LITHUANIA,0
2020,11,LUXEMBOURG,0
2020,11,MADAGASCAR,0
2020,11,MALAWI,0
2020,11,MALAYSIA,0
2020,11,MALDIVES,0
2020,11,MALI,0
2020,11,MALTA,0
2020,11,MAURITANIA,0
2020,11,MAURITIUS,0
2020,11,MEXICO,0
2020,11,MOLDOVA,0
2020,11,MONACO,0
2020,11,MONGOLIA,0
2020,11,MONTENEGRO,0
2020,11,MOROCCO,0
2020,11,MOZAMBIQUE,0
2020,11,MYANMAR,0
2020,11,NAMIBIA,0
2020,11,NAURU,0
2020,11,NEPAL,0
2020,11,NETHERLANDS,0
2020,11,NEW ZEALAND,0
2020,11,NIGER,0
2020,11,NIGERIA,0
2020,11,NORTH MACEDONIA,0
2020,11,NORWAY,0
2020,11,OMAN,0
2020,11,PAKISTAN,0
2020,11,PALESTINIAN TERRITORIES,0
2020,11,PANAMA,0
2020,11,PAPUA NEW GUINEA,0
2020,11,PARAGUAY,0
2020,11,PERU,0
2020,11,PHILIPPINES,0
2020,11,POLAND,0
2020,11,PORTUGAL,0
2020,11,QATAR,0
2020,11,REPUBLIC OF ZIMBABWE,0
2020,11,ROMANIA,0
2020,11,RUSSIA,0
2020,11,RWANDA,0
2020,11,SAINT KITTS AND NEVIS,0
2020,11,SAINT LUCIA,0
2020,11,SAINT VINCENT THE GRENADI,0
2020,11,SAMOA,0
2020,11,SAN MARINO,0
2020,11,SAUDI ARABIA,0
2020,11,SENEGAL,0
2020,11,SERBIA,0
2020,11,SEYCHELLES,0
2020,11,SIERRA LEONE,0
2020,11,SINGAPORE,0
2020,11,SLOVAKIA,0
2020,11,SLOVENIA,0
2020,11,SOMALIA,0
2020,11,SOUTH AFRICA- ZUID AFRIKA,0
2020,11,SOUTH KOREA,0
2020,11,SOUTH SUDAN,0
2020,11,SPAIN,0
2020,11,SUDAN,0
2020,11,SURINAME,0
2020,11,SWAZILAND,0
2020,11,SWEDEN,0
2020,11,SWITZERLAND,0
2020,11,SYRIAN ARAB,0
2020,11,TAIWAN,0
2020,11,TAJIKISTAN,0
2020,11,TANZANIA,0
2020,11,THAILAND,0
2020,11,TIMOR-LESTE,0
2020,11,TOGO,0
2020,11,TONGA,0
2020,11,TRINIDAD AND TOBAGO,0
2020,11,TUNISIA,0
2020,11,TURKEY,0
2020,11,TURKMENISTAN,0
2020,11,UGANDA,0
2020,11,UKRAINE,0
2020,11,UNITED ARAB EMIRATES,0
2020,11,UNITED KINGDOM,0
2020,11,UNITED STATES,0
2020,11,URUGUAY,0
2020,11,UZBEKISTAN,0
2020,11,VANUATU,0
2020,11,VENEZUELA,0
2020,11,VIETNAM,0
2020,11,YEMEN,0
2020,11,ZAMBIA,0
2020,11,ZIMBABWE,0
2020,12,AFGHANISTAN,0
2020,12,ALBANIA,0
2020,12,ALGERIA,0
2020,12,ANDORRA,0
2020,12,ANGOLA,0
2020,12,ANTIGUA AND BARBUDA,0
2020,12,ARGENTINA,0
2020,12,ARMENIA,0
2020,12,AUSTRALIA,0
2020,12,AUSTRIA,0
2020,12,AZERBAIJAN,0
2020,12,BAHAMAS,0
2020,12,BAHRAIN,0
2020,12,BANGLADESH,0
2020,12,BARBADOS,0
2020,12,BELARUS,0
2020,12,BELGIUM,0
2020,12,BELIZE,0
2020,12,BENIN,0
2020,12,BHUTAN,0
2020,12,BOLIVIA,0
2020,12,BOSNIA AND HERZEGOVINA,0
2020,12,BOTSWANA,0
2020,12,BRAZIL,0
2020,12,BRUNEI,0
2020,12,BULGARIA,0
2020,12,BURKINA FASO,0
2020,12,BURUNDI,0
2020,12,CAMBODIA,0
2020,12,CAMEROON,0
2020,12,CANADA,0
2020,12,CAPE VERDE,0
2020,12,CENTRAL AFRICAN,0
2020,12,CHAD,0
2020,12,CHILE,0
2020,12,CHINA,0
2020,12,COLOMBIA,0
2020,12,COMOROS,0
2020,12,COSTA RICA,0
2020,12,COTE D IVOIRE,0
2020,12,CROATIA,0
2020,12,CUBA,0
2020,12,CYPRUS,0
2020,12,CZECHIA,0
2020,12,DEMOCRATIC REPUBLIC OF THE CONGO,0
2020,12,DENMARK,0
2020,12,DJIBOUTI,0
2020,12,DOMINICA,0
2020,12,DOMINICAN REPUBLIC,0
2020,12,ECUADOR,0
2020,12,EGYPT,0
2020,12,EL SALVADOR,0
2020,12,EQUATORIAL GUINEA,0
2020,12,ERITREA,0
2020,12,ESTONIA,0
2020,12,ETHIOPIA,0
2020,12,FIJI,0
2020,12,FINLAND,0
2020,12,FRANCE,0
2020,12,GABON,0
2020,12,GAMBIA,0
2020,12,GEORGIA,0
2020,12,GERMANY,0
2020,12,GHANA,0
2020,12,GREECE,0
2020,12,GRENADA,0
2020,12,GUATEMALA,0
2020,12,GUINEA,0
2020,12,GUINEA-BISSAU,0
2020,12,GUYANA,0
2020,12,HAITI,0
2020,12,HONDURAS,0
2020,12,HONG KONG,0
2020,12,HUNGARY,0
2020,12,ICELAND,0
2020,12,INDIA,0
2020,12,INDONESIA,0
2020,12,IRAN,0
2020,12,IRAQ,0
2020,12,IRELAND,0
2020,12,ISRAEL,0
2020,12,ITALY,0
2020,12,JAMAICA,0
2020,12,JAPAN,0
2020,12,JORDAN,0
2020,12,KAZAKHSTAN,0
2020,12,KENYA,0
2020,12,KOSOVAR,0
2020,12,KUWAIT,0
2020,12,KYRGYZSTAN,0
2020,12,LAOS,0
2020,12,LATVIA,0
2020,12,LEBANON,0
2020,12,LESOTHO,0
2020,12,LIBERIA,0
2020,12,LIBYA(LIBYAN ARAB JAMAHIR,0
2020,12,LIECHTENSTEIN,0
2020,12,LITHUANIA,0
2020,12,LUXEMBOURG,0
2020,12,MADAGASCAR,0
2020,12,MALAWI,0
2020,12,MALAYSIA,0
2020,12,MALDIVES,0
2020,12,MALI,0
2020,12,MALTA,0
2020,12,MAURITANIA,0
2020,12,MAURITIUS,0
2020,12,MEXICO,0
2020,12,MOLDOVA,0
2020,12,MONACO,0
2020,12,MONGOLIA,0
2020,12,MONTENEGRO,0
2020,12,MOROCCO,0
2020,12,MOZAMBIQUE,0
2020,12,MYANMAR,0
2020,12,NAMIBIA,0
2020,12,NAURU,0
2020,12,NEPAL,0
2020,12,NETHERLANDS,0
2020,12,NEW ZEALAND,0
2020,12,NIGER,0
2020,12,NIGERIA,0
2020,12,NORTH MACEDONIA,0
2020,12,NORWAY,0
2020,12,OMAN,0
2020,12,PAKISTAN,0
2020,12,PALESTINIAN TERRITORIES,0
2020,12,PANAMA,0
2020,12,PAPUA NEW GUINEA,0
2020,12,PARAGUAY,0
2020,12,PERU,0
2020,12,PHILIPPINES,0
2020,12,POLAND,0
2020,12,PORTUGAL,0
2020,12,QATAR,0
2020,12,REPUBLIC OF ZIMBABWE,0
2020,12,ROMANIA,0
2020,12,RUSSIA,0
2020,12,RWANDA,0
2020,12,SAINT KITTS AND NEVIS,0
2020,12,SAINT LUCIA,0
2020,12,SAINT VINCENT THE GRENADI,0
2020,12,SAMOA,0
2020,12,SAN MARINO,0
2020,12,SAUDI ARABIA,0
2020,12,SENEGAL,0
2020,12,SERBIA,0
2020,12,SEYCHELLES,0
2020,12,SIERRA LEONE,0
2020,12,SINGAPORE,0
2020,12,SLOVAKIA,0
2020,12,SLOVENIA,0
2020,12,SOMALIA,0
2020,12,SOUTH AFRICA- ZUID AFRIKA,0
2020,12,SOUTH KOREA,0
2020,12,SOUTH SUDAN,0
2020,12,SPAIN,0
2020,12,SUDAN,0
2020,12,SURINAME,0
2020,12,SWAZILAND,0
2020,12,SWEDEN,0
2020,12,SWITZERLAND,0
2020,12,SYRIAN ARAB,0
2020,12,TAIWAN,0
2020,12,TAJIKISTAN,0
2020,12,TANZANIA,0
2020,12,THAILAND,0
2020,12,TIMOR-LESTE,0
2020,12,TOGO,0
2020,12,TONGA,0
2020,12,TRINIDAD AND TOBAGO,0
2020,12,TUNISIA,0
2020,12,TURKEY,0
2020,12,TURKMENISTAN,0
2020,12,UGANDA,0
2020,12,UKRAINE,393
2020,12,UNITED ARAB EMIRATES,0
2020,12,UNITED KINGDOM,0
2020,12,UNITED STATES,0
2020,12,URUGUAY,0
2020,12,UZBEKISTAN,0
2020,12,VANUATU,0
2020,12,VENEZUELA,0
2020,12,VIETNAM,0
2020,12,YEMEN,0
2020,12,ZAMBIA,0
2020,12,ZIMBABWE,0
2021,1,AFGHANISTAN,0
2021,1,ALBANIA,0
2021,1,ALGERIA,0
2021,1,ANDORRA,0
2021,1,ANGOLA,0
2021,1,ANTIGUA AND BARBUDA,0
2021,1,ARGENTINA,0
2021,1,ARMENIA,2
2021,1,AUSTRALIA,3
2021,1,AUSTRIA,5
2021,1,AZERBAIJAN,0
2021,1,BAHAMAS,0
2021,1,BAHRAIN,0
2021,1,BANGLADESH,0
2021,1,BARBADOS,0
2021,1,BELARUS,30
2021,1,BELGIUM,0
2021,1,BELIZE,0
2021,1,BENIN,0
2021,1,BHUTAN,0
2021,1,BOLIVIA,0
2021,1,BOSNIA,0
2021,1,BOTSWANA,0
2021,1,BRAZIL,0
2021,1,BRUNEI,0
2021,1,BULGARIA,0
2021,1,BURKINA,0
2021,1,BURUNDI,0
2021,1,CAMBODIA,0
2021,1,CAMEROON,0
2021,1,CANADA,17
2021,1,CAPE VERDE,0
2021,1,CENTRAL AFRICAN,0
2021,1,CHAD,0
2021,1,CHILE,0
2021,1,CHINA,27
2021,1,COLOMBIA,0
2021,1,COMOROS,0
2021,1,COSTA RICA,0
2021,1,COTE D IVOIRE,0
2021,1,CROATIA,0
2021,1,CUBA,0
2021,1,CYPRUS,0
2021,1,CZECHIA,0
2021,1,DEMOCRATIC REPUBLIC OF THE CONGO,0
2021,1,DENMARK,0
2021,1,DJIBOUTI,0
2021,1,DOMINICA,0
2021,1,DOMINICAN REPUBLIC,0
2021,1,ECUADOR,0
2021,1,EGYPT,0
2021,1,EL SALVADOR,0
2021,1,EQUATORIAL GUINEA,0
2021,1,ERITREA,0
2021,1,ESTONIA,0
2021,1,ETHIOPIA,0
2021,1,EUROPEAN UNION,0
2021,1,FIJI,0
2021,1,FINLAND,0
2021,1,FRANCE,4
2021,1,GABON,0
2021,1,GAMBIA,0
2021,1,GEORGIA,0
2021,1,GERMANY,19
2021,1,GHANA,0
2021,1,GREECE,0
2021,1,GRENADA,0
2021,1,GUATEMALA,0
2021,1,GUINEA,0
2021,1,GUINEA-BISSAU,0
2021,1,GUYANA,0
2021,1,HAITI,0
2021,1,HONDURAS,0
2021,1,HONG KONG,0
2021,1,HUNGARY,0
2021,1,ICELAND,0
2021,1,INDIA,17
2021,1,INDONESIA,3
2021,1,IRAN,0
2021,1,IRAQ,0
2021,1,IRELAND,0
2021,1,ISLE OF MAN,0
2021,1,ISRAEL,0
2021,1,ITALY,2
2021,1,JAMAICA,0
2021,1,JAPAN,1
2021,1,JORDAN,0
2021,1,KAZAKHSTAN,1
2021,1,KENYA,0
2021,1,KOSOVAR,0
2021,1,KUWAIT,0
2021,1,KYRGYZSTAN,0
2021,1,LAOS,0
2021,1,LATVIA,1
2021,1,LEBANON,0
2021,1,LESOTHO,0
2021,1,LIBERIA,0
2021,1,LIBYA,0
2021,1,LIECHTENSTEIN,0
2021,1,LITHUANIA,0
2021,1,LUXEMBOURG,0
2021,1,MADAGASCAR,0
2021,1,MALAWI,0
2021,1,MALAYSIA,1
2021,1,MALDIVES,17
2021,1,MALI,0
2021,1,MALTA,0
2021,1,MAURITANIA,0
2021,1,MAURITIUS,0
2021,1,MEXICO,0
2021,1,MICRONESIA,0
2021,1,MOLDOVA,6
2021,1,MONACO,0
2021,1,MONGOLIA,0
2021,1,MONTENEGRO,0
2021,1,MOROCCO,0
2021,1,MOZAMBIQUE,0
2021,1,MYANMAR,1
2021,1,NAMIBIA,0
2021,1,NAURU,0
2021,1,NEPAL,0
2021,1,NETHERLANDS,18
2021,1,NEW ZEALAND,3
2021,1,NIGER,0
2021,1,NIGERIA,0
2021,1,NORTH MACEDONIA,0
2021,1,NORWAY,0
2021,1,OMAN,0
2021,1,PAKISTAN,0
2021,1,PALESTINIAN TERRITORIES,0
2021,1,PANAMA,0
2021,1,PAPUA NEW GUINEA,0
2021,1,PARAGUAY,0
2021,1,PERU,0
2021,1,PHILIPPINES,6
2021,1,POLAND,0
2021,1,PORTUGAL,0
2021,1,QATAR,0
2021,1,REPUBLIC OF ZIMBABWE,0
2021,1,ROMANIA,0
2021,1,RUSSIA,20
2021,1,RWANDA,0
2021,1,SAINT KITTS AND NEVIS,0
2021,1,SAINT LUCIA,0
2021,1,SAINT VINCENT THE GRENADI,0
2021,1,SAMOA,0
2021,1,SAN MARINO,0
2021,1,SAUDI ARABIA,0
2021,1,SENEGAL,0
2021,1,SERBIA,0
2021,1,SEYCHELLES,0
2021,1,SIERRA LEONE,0
2021,1,SINGAPORE,1
2021,1,SLOVAKIA,0
2021,1,SLOVENIA,0
2021,1,SOMALIA,0
2021,1,SOUTH AFRICA-ZUID AFRIKA,0
2021,1,SOUTH KOREA,0
2021,1,SOUTH SUDAN,0
2021,1,SPAIN,0
2021,1,SUDAN,0
2021,1,SURINAME,0
2021,1,SWAZILAND,0
2021,1,SWEDEN,0
2021,1,SWITZERLAND,3
2021,1,SYRIAN ARAB,0
2021,1,TAIWAN,0
2021,1,TAJIKISTAN,0
2021,1,TANZANIA,0
2021,1,THAILAND,0
2021,1,TIMOR-LESTE,0
2021,1,TOGO,0
2021,1,TONGA,0
2021,1,TRINIDAD AND TOBAGO,0
2021,1,TUNISIA,0
2021,1,TURKEY,1
2021,1,TURKMENISTAN,0
2021,1,UGANDA,0
2021,1,UKRAINE,1460
2021,1,UNITED ARAB EMIRATES,0
2021,1,UNITED KINGDOM,3
2021,1,UNITED STATES,10
2021,1,URUGUAY,0
2021,1,UZBEKISTAN,0
2021,1,VANUATU,0
2021,1,VENEZUELA,0
2021,1,VIETNAM,0
2021,1,YEMEN,0
2021,1,ZAMBIA,0
2021,1,ZIMBABWE,0
2021,2,AFGHANISTAN,0
2021,2,ALBANIA,0
2021,2,ALGERIA,0
2021,2,ANDORRA,0
2021,2,ANGOLA,0
2021,2,ANTIGUA AND BARBUDA,1
2021,2,ARGENTINA,0
2021,2,ARMENIA,1
2021,2,AUSTRALIA,24
2021,2,AUSTRIA,19
2021,2,AZERBAIJAN,2
2021,2,BAHAMAS,0
2021,2,BAHRAIN,0
2021,2,BANGLADESH,6
2021,2,BARBADOS,0
2021,2,BELARUS,44
2021,2,BELGIUM,7
2021,2,BELIZE,0
2021,2,BENIN,0
2021,2,BHUTAN,0
2021,2,BOLIVIA,0
2021,2,BOSNIA,1
2021,2,BOTSWANA,0
2021,2,BRAZIL,3
2021,2,BRUNEI,0
2021,2,BULGARIA,0
2021,2,BURKINA,0
2021,2,BURUNDI,1
2021,2,CAMBODIA,0
2021,2,CAMEROON,0
2021,2,CANADA,71
2021,2,CAPE VERDE,0
2021,2,CENTRAL AFRICAN,0
2021,2,CHAD,0
2021,2,CHILE,1
2021,2,CHINA,117
2021,2,COLOMBIA,2
2021,2,COMOROS,0
2021,2,COSTA RICA,0
2021,2,COTE D IVOIRE,1
2021,2,CROATIA,0
2021,2,CUBA,0
2021,2,CYPRUS,0
2021,2,CZECHIA,17
2021,2,DEMOCRATIC REPUBLIC OF THE CONGO,0
2021,2,DENMARK,11
2021,2,DJIBOUTI,0
2021,2,DOMINICA,0
2021,2,DOMINICAN REPUBLIC,0
2021,2,ECUADOR,0
2021,2,EGYPT,3
2021,2,EL SALVADOR,0
2021,2,EQUATORIAL GUINEA,0
2021,2,ERITREA,0
2021,2,ESTONIA,3
2021,2,ETHIOPIA,0
2021,2,EUROPEAN UNION,0
2021,2,FIJI,0
2021,2,FINLAND,2
2021,2,FRANCE,40
2021,2,GABON,0
2021,2,GAMBIA,0
2021,2,GEORGIA,0
2021,2,GERMANY,245
2021,2,GHANA,0
2021,2,GREECE,1
2021,2,GRENADA,0
2021,2,GUATEMALA,0
2021,2,GUINEA,0
2021,2,GUINEA-BISSAU,0
2021,2,GUYANA,0
2021,2,HAITI,0
2021,2,HONDURAS,0
2021,2,HONG KONG,0
2021,2,HUNGARY,6
2021,2,ICELAND,0
2021,2,INDIA,79
2021,2,INDONESIA,5
2021,2,IRAN,0
2021,2,IRAQ,0
2021,2,IRELAND,18
2021,2,ISLE OF MAN,0
2021,2,ISRAEL,1
2021,2,ITALY,23
2021,2,JAMAICA,0
2021,2,JAPAN,9
2021,2,JORDAN,4
2021,2,KAZAKHSTAN,1231
2021,2,KENYA,0
2021,2,KOSOVAR,1
2021,2,KUWAIT,0
2021,2,KYRGYZSTAN,1
2021,2,LAOS,0
2021,2,LATVIA,13
2021,2,LEBANON,6
2021,2,LESOTHO,0
2021,2,LIBERIA,0
2021,2,LIBYA,0
2021,2,LIECHTENSTEIN,0
2021,2,LITHUANIA,5
2021,2,LUXEMBOURG,2
2021,2,MADAGASCAR,0
2021,2,MALAWI,0
2021,2,MALAYSIA,3
2021,2,MALDIVES,13
2021,2,MALI,0
2021,2,MALTA,0
2021,2,MAURITANIA,0
2021,2,MAURITIUS,1
2021,2,MEXICO,3
2021,2,MICRONESIA,0
2021,2,MOLDOVA,7
2021,2,MONACO,0
2021,2,MONGOLIA,0
2021,2,MONTENEGRO,0
2021,2,MOROCCO,1
2021,2,MOZAMBIQUE,0
2021,2,MYANMAR,4
2021,2,NAMIBIA,0
2021,2,NAURU,0
2021,2,NEPAL,1
2021,2,NETHERLANDS,21
2021,2,NEW ZEALAND,5
2021,2,NIGER,0
2021,2,NIGERIA,0
2021,2,NORTH MACEDONIA,0
2021,2,NORWAY,14
2021,2,OMAN,0
2021,2,PAKISTAN,13
2021,2,PALESTINIAN TERRITORIES,0
2021,2,PANAMA,1
2021,2,PAPUA NEW GUINEA,0
2021,2,PARAGUAY,0
2021,2,PERU,0
2021,2,PHILIPPINES,15
2021,2,POLAND,11
2021,2,PORTUGAL,4
2021,2,QATAR,1
2021,2,REPUBLIC OF ZIMBABWE,0
2021,2,ROMANIA,2
2021,2,RUSSIA,119
2021,2,RWANDA,0
2021,2,SAINT KITTS AND NEVIS,2
2021,2,SAINT LUCIA,0
2021,2,SAINT VINCENT THE GRENADI,0
2021,2,SAMOA,0
2021,2,SAN MARINO,0
2021,2,SAUDI ARABIA,0
2021,2,SENEGAL,0
2021,2,SERBIA,2
2021,2,SEYCHELLES,0
2021,2,SIERRA LEONE,0
2021,2,SINGAPORE,0
2021,2,SLOVAKIA,14
2021,2,SLOVENIA,5
2021,2,SOMALIA,0
2021,2,SOUTH AFRICA-ZUID AFRIKA,1
2021,2,SOUTH KOREA,5
2021,2,SOUTH SUDAN,0
2021,2,SPAIN,18
2021,2,SUDAN,1
2021,2,SURINAME,0
2021,2,SWAZILAND,0
2021,2,SWEDEN,9
2021,2,SWITZERLAND,33
2021,2,SYRIAN ARAB,0
2021,2,TAIWAN,0
2021,2,TAJIKISTAN,0
2021,2,TANZANIA,0
2021,2,THAILAND,2
2021,2,TIMOR-LESTE,0
2021,2,TOGO,0
2021,2,TONGA,0
2021,2,TRINIDAD AND TOBAGO,0
2021,2,TUNISIA,0
2021,2,TURKEY,3
2021,2,TURKMENISTAN,1
2021,2,UGANDA,0
2021,2,UKRAINE,845
2021,2,UNITED ARAB EMIRATES,0
2021,2,UNITED KINGDOM,79
2021,2,UNITED STATES,75
2021,2,URUGUAY,0
2021,2,UZBEKISTAN,5
2021,2,VANUATU,0
2021,2,VENEZUELA,0
2021,2,VIETNAM,0
2021,2,YEMEN,0
2021,2,ZAMBIA,0
2021,2,ZIMBABWE,0
2021,3,AFGHANISTAN,1
2021,3,ALBANIA,0
2021,3,ALGERIA,0
2021,3,ANDORRA,1
2021,3,ANGOLA,0
2021,3,ANTIGUA AND BARBUDA,0
2021,3,ARGENTINA,0
2021,3,ARMENIA,9
2021,3,AUSTRALIA,29
2021,3,AUSTRIA,38
2021,3,AZERBAIJAN,7
2021,3,BAHAMAS,0
2021,3,BAHRAIN,8
2021,3,BANGLADESH,3
2021,3,BARBADOS,0
2021,3,BELARUS,23
2021,3,BELGIUM,9
2021,3,BELIZE,0
2021,3,BENIN,0
2021,3,BHUTAN,1
2021,3,BOLIVIA,2
2021,3,BOSNIA,0
2021,3,BOTSWANA,1
2021,3,BRAZIL,3
2021,3,BRUNEI,0
2021,3,BULGARIA,2
2021,3,BURKINA,0
2021,3,BURUNDI,0
2021,3,CAMBODIA,1
2021,3,CAMEROON,0
2021,3,CANADA,120
2021,3,CAPE VERDE,0
2021,3,CENTRAL AFRICAN,0
2021,3,CHAD,0
2021,3,CHILE,0
2021,3,CHINA,223
2021,3,COLOMBIA,3
2021,3,COMOROS,0
2021,3,COSTA RICA,0
2021,3,COTE D IVOIRE,0
2021,3,CROATIA,1
2021,3,CUBA,0
2021,3,CYPRUS,1
2021,3,CZECHIA,52
2021,3,DEMOCRATIC REPUBLIC OF THE CONGO,0
2021,3,DENMARK,21
2021,3,DJIBOUTI,0
2021,3,DOMINICA,0
2021,3,DOMINICAN REPUBLIC,0
2021,3,ECUADOR,0
2021,3,EGYPT,9
2021,3,EL SALVADOR,0
2021,3,EQUATORIAL GUINEA,0
2021,3,ERITREA,0
2021,3,ESTONIA,8
2021,3,ETHIOPIA,0
2021,3,EUROPEAN UNION,0
2021,3,FIJI,0
2021,3,FINLAND,7
2021,3,FRANCE,72
2021,3,GABON,0
2021,3,GAMBIA,0
2021,3,GEORGIA,1
2021,3,GERMANY,502
2021,3,GHANA,0
2021,3,GREECE,3
2021,3,GRENADA,0
2021,3,GUATEMALA,0
2021,3,GUINEA,0
2021,3,GUINEA-BISSAU,0
2021,3,GUYANA,0
2021,3,HAITI,0
2021,3,HONDURAS,0
2021,3,HONG KONG,0
2021,3,HUNGARY,6
2021,3,ICELAND,1
2021,3,INDIA,183
2021,3,INDONESIA,3
2021,3,IRAN,65
2021,3,IRAQ,3
2021,3,IRELAND,15
2021,3,ISLE OF MAN,0
2021,3,ISRAEL,14
2021,3,ITALY,34
2021,3,JAMAICA,1
2021,3,JAPAN,12
2021,3,JORDAN,34
2021,3,KAZAKHSTAN,1514
2021,3,KENYA,1
2021,3,KOSOVAR,0
2021,3,KUWAIT,3
2021,3,KYRGYZSTAN,2
2021,3,LAOS,0
2021,3,LATVIA,12
2021,3,LEBANON,48
2021,3,LESOTHO,0
2021,3,LIBERIA,0
2021,3,LIBYA,0
2021,3,LIECHTENSTEIN,1
2021,3,LITHUANIA,11
2021,3,LUXEMBOURG,2
2021,3,MADAGASCAR,1
2021,3,MALAWI,0
2021,3,MALAYSIA,3
2021,3,MALDIVES,56
2021,3,MALI,0
2021,3,MALTA,1
2021,3,MAURITANIA,0
2021,3,MAURITIUS,2
2021,3,MEXICO,2
2021,3,MICRONESIA,0
2021,3,MOLDOVA,1
2021,3,MONACO,0
2021,3,MONGOLIA,0
2021,3,MONTENEGRO,0
2021,3,MOROCCO,0
2021,3,MOZAMBIQUE,0
2021,3,MYANMAR,1
2021,3,NAMIBIA,0
2021,3,NAURU,0
2021,3,NEPAL,1
2021,3,NETHERLANDS,35
2021,3,NEW ZEALAND,7
2021,3,NIGER,0
2021,3,NIGERIA,0
2021,3,NORTH MACEDONIA,0
2021,3,NORWAY,21
2021,3,OMAN,1
2021,3,PAKISTAN,17
2021,3,PALESTINIAN TERRITORIES,1
2021,3,PANAMA,0
2021,3,PAPUA NEW GUINEA,0
2021,3,PARAGUAY,2
2021,3,PERU,0
2021,3,PHILIPPINES,8
2021,3,POLAND,45
2021,3,PORTUGAL,4
2021,3,QATAR,0
2021,3,REPUBLIC OF ZIMBABWE,0
2021,3,ROMANIA,4
2021,3,RUSSIA,197
2021,3,RWANDA,0
2021,3,SAINT KITTS AND NEVIS,0
2021,3,SAINT LUCIA,0
2021,3,SAINT VINCENT THE GRENADI,0
2021,3,SAMOA,0
2021,3,SAN MARINO,0
2021,3,SAUDI ARABIA,1
2021,3,SENEGAL,0
2021,3,SERBIA,9
2021,3,SEYCHELLES,1
2021,3,SIERRA LEONE,0
2021,3,SINGAPORE,4
2021,3,SLOVAKIA,26
2021,3,SLOVENIA,2
2021,3,SOMALIA,0
2021,3,SOUTH AFRICA-ZUID AFRIKA,23
2021,3,SOUTH KOREA,7
2021,3,SOUTH SUDAN,0
2021,3,SPAIN,36
2021,3,SUDAN,0
2021,3,SURINAME,0
2021,3,SWAZILAND,0
2021,3,SWEDEN,22
2021,3,SWITZERLAND,84
2021,3,SYRIAN ARAB,1
2021,3,TAIWAN,3
2021,3,TAJIKISTAN,0
2021,3,TANZANIA,0
2021,3,THAILAND,6
2021,3,TIMOR-LESTE,0
2021,3,TOGO,0
2021,3,TONGA,0
2021,3,TRINIDAD AND TOBAGO,0
2021,3,TUNISIA,0
2021,3,TURKEY,15
2021,3,TURKMENISTAN,0
2021,3,UGANDA,0
2021,3,UKRAINE,287
2021,3,UNITED ARAB EMIRATES,4
2021,3,UNITED KINGDOM,316
2021,3,UNITED STATES,182
2021,3,URUGUAY,1
2021,3,UZBEKISTAN,10
2021,3,VANUATU,0
2021,3,VENEZUELA,0
2021,3,VIETNAM,5
2021,3,YEMEN,0
2021,3,ZAMBIA,0
2021,3,ZIMBABWE,0
2021,4,AFGHANISTAN,1
2021,4,ALBANIA,0
2021,4,ALGERIA,0
2021,4,ANDORRA,0
2021,4,ANGOLA,0
2021,4,ANTIGUA AND BARBUDA,0
2021,4,ARGENTINA,5
2021,4,ARMENIA,5
2021,4,AUSTRALIA,60
2021,4,AUSTRIA,32
2021,4,AZERBAIJAN,2
2021,4,BAHAMAS,0
2021,4,BAHRAIN,2
2021,4,BANGLADESH,5
2021,4,BARBADOS,0
2021,4,BELARUS,14
2021,4,BELGIUM,22
2021,4,BELIZE,0
2021,4,BENIN,0
2021,4,BHUTAN,0
2021,4,BOLIVIA,0
2021,4,BOSNIA,0
2021,4,BOTSWANA,1
2021,4,BRAZIL,6
2021,4,BRUNEI,0
2021,4,BULGARIA,15
2021,4,BURKINA,0
2021,4,BURUNDI,0
2021,4,CAMBODIA,0
2021,4,CAMEROON,0
2021,4,CANADA,144
2021,4,CAPE VERDE,0
2021,4,CENTRAL AFRICAN,0
2021,4,CHAD,0
2021,4,CHILE,0
2021,4,CHINA,475
2021,4,COLOMBIA,4
2021,4,COMOROS,0
2021,4,COSTA RICA,0
2021,4,COTE D IVOIRE,1
2021,4,CROATIA,1
2021,4,CUBA,2
2021,4,CYPRUS,1
2021,4,CZECHIA,52
2021,4,DEMOCRATIC REPUBLIC OF THE CONGO,0
2021,4,DENMARK,10
2021,4,DJIBOUTI,0
2021,4,DOMINICA,1
2021,4,DOMINICAN REPUBLIC,0
2021,4,ECUADOR,0
2021,4,EGYPT,8
2021,4,EL SALVADOR,0
2021,4,EQUATORIAL GUINEA,0
2021,4,ERITREA,0
2021,4,ESTONIA,22
2021,4,ETHIOPIA,3
2021,4,EUROPEAN UNION,0
2021,4,FIJI,0
2021,4,FINLAND,10
2021,4,FRANCE,84
2021,4,GABON,0
2021,4,GAMBIA,0
2021,4,GEORGIA,9
2021,4,GERMANY,383
2021,4,GHANA,0
2021,4,GREECE,4
2021,4,GRENADA,0
2021,4,GUATEMALA,0
2021,4,GUINEA,1
2021,4,GUINEA-BISSAU,0
2021,4,GUYANA,0
2021,4,HAITI,0
2021,4,HONDURAS,1
2021,4,HONG KONG,0
2021,4,HUNGARY,7
2021,4,ICELAND,0
2021,4,INDIA,796
2021,4,INDONESIA,6
2021,4,IRAN,4
2021,4,IRAQ,1
2021,4,IRELAND,17
2021,4,ISLE OF MAN,0
2021,4,ISRAEL,33
2021,4,ITALY,43
2021,4,JAMAICA,0
2021,4,JAPAN,19
2021,4,JORDAN,14
2021,4,KAZAKHSTAN,440
2021,4,KENYA,1
2021,4,KOSOVAR,0
2021,4,KUWAIT,3
2021,4,KYRGYZSTAN,0
2021,4,LAOS,0
2021,4,LATVIA,6
2021,4,LEBANON,45
2021,4,LESOTHO,0
2021,4,LIBERIA,0
2021,4,LIBYA,0
2021,4,LIECHTENSTEIN,1
2021,4,LITHUANIA,2
2021,4,LUXEMBOURG,6
2021,4,MADAGASCAR,0
2021,4,MALAWI,0
2021,4,MALAYSIA,8
2021,4,MALDIVES,32
2021,4,MALI,0
2021,4,MALTA,0
2021,4,MAURITANIA,0
2021,4,MAURITIUS,0
2021,4,MEXICO,1
2021,4,MICRONESIA,1
2021,4,MOLDOVA,1
2021,4,MONACO,0
2021,4,MONGOLIA,0
2021,4,MONTENEGRO,0
2021,4,MOROCCO,2
2021,4,MOZAMBIQUE,1
2021,4,MYANMAR,5
2021,4,NAMIBIA,4
2021,4,NAURU,0
2021,4,NEPAL,3
2021,4,NETHERLANDS,52
2021,4,NEW ZEALAND,14
2021,4,NIGER,0
2021,4,NIGERIA,2
2021,4,NORTH MACEDONIA,1
2021,4,NORWAY,17
2021,4,OMAN,0
2021,4,PAKISTAN,18
2021,4,PALESTINIAN TERRITORIES,0
2021,4,PANAMA,0
2021,4,PAPUA NEW GUINEA,0
2021,4,PARAGUAY,0
2021,4,PERU,1
2021,4,PHILIPPINES,28
2021,4,POLAND,26
2021,4,PORTUGAL,8
2021,4,QATAR,2
2021,4,REPUBLIC OF ZIMBABWE,0
2021,4,ROMANIA,32
2021,4,RUSSIA,173
2021,4,RWANDA,0
2021,4,SAINT KITTS AND NEVIS,3
2021,4,SAINT LUCIA,0
2021,4,SAINT VINCENT THE GRENADI,0
2021,4,SAMOA,0
2021,4,SAN MARINO,0
2021,4,SAUDI ARABIA,1
2021,4,SENEGAL,0
2021,4,SERBIA,3
2021,4,SEYCHELLES,5
2021,4,SIERRA LEONE,0
2021,4,SINGAPORE,4
2021,4,SLOVAKIA,39
2021,4,SLOVENIA,5
2021,4,SOMALIA,0
2021,4,SOUTH AFRICA-ZUID AFRIKA,31
2021,4,SOUTH KOREA,2
2021,4,SOUTH SUDAN,0
2021,4,SPAIN,30
2021,4,SUDAN,1
2021,4,SURINAME,0
2021,4,SWAZILAND,0
2021,4,SWEDEN,19
2021,4,SWITZERLAND,93
2021,4,SYRIAN ARAB,1
2021,4,TAIWAN,5
2021,4,TAJIKISTAN,2
2021,4,TANZANIA,0
2021,4,THAILAND,3
2021,4,TIMOR-LESTE,0
2021,4,TOGO,0
2021,4,TONGA,0
2021,4,TRINIDAD AND TOBAGO,0
2021,4,TUNISIA,1
2021,4,TURKEY,11
2021,4,TURKMENISTAN,0
2021,4,UGANDA,2
2021,4,UKRAINE,47
2021,4,UNITED ARAB EMIRATES,7
2021,4,UNITED KINGDOM,334
2021,4,UNITED STATES,248
2021,4,URUGUAY,0
2021,4,UZBEKISTAN,5
2021,4,VANUATU,0
2021,4,VENEZUELA,0
2021,4,VIETNAM,2
2021,4,YEMEN,2
2021,4,ZAMBIA,0
2021,4,ZIMBABWE,0
2021,5,AFGHANISTAN,1
2021,5,ALBANIA,0
2021,5,ALGERIA,0
2021,5,ANDORRA,0
2021,5,ANGOLA,0
2021,5,ANTIGUA AND BARBUDA,0
2021,5,ARGENTINA,1
2021,5,ARMENIA,1
2021,5,AUSTRALIA,34
2021,5,AUSTRIA,9
2021,5,AZERBAIJAN,0
2021,5,BAHAMAS,0
2021,5,BAHRAIN,13
2021,5,BANGLADESH,6
2021,5,BARBADOS,0
2021,5,BELARUS,0
2021,5,BELGIUM,1
2021,5,BELIZE,0
2021,5,BENIN,0
2021,5,BHUTAN,1
2021,5,BOLIVIA,0
2021,5,BOSNIA,0
2021,5,BOTSWANA,0
2021,5,BRAZIL,2
2021,5,BRUNEI,0
2021,5,BULGARIA,4
2021,5,BURKINA,0
2021,5,BURUNDI,0
2021,5,CAMBODIA,0
2021,5,CAMEROON,0
2021,5,CANADA,69
2021,5,CAPE VERDE,0
2021,5,CENTRAL AFRICAN,0
2021,5,CHAD,0
2021,5,CHILE,0
2021,5,CHINA,237
2021,5,COLOMBIA,3
2021,5,COMOROS,0
2021,5,COSTA RICA,0
2021,5,COTE D IVOIRE,0
2021,5,CROATIA,1
2021,5,CYPRUS,3
2021,5,CZECHIA,5
2021,5,DEMOCRATIC REPUBLIC OF THE CONGO,0
2021,5,DENMARK,5
2021,5,DJIBOUTI,0
2021,5,DOMINICA,0
2021,5,DOMINICAN REPUBLIC,0
2021,5,ECUADOR,0
2021,5,EGYPT,3
2021,5,EL SALVADOR,0
2021,5,EQUATORIAL GUINEA,0
2021,5,ERITREA,0
2021,5,ESTONIA,0
2021,5,ETHIOPIA,0
2021,5,EUROPEAN UNION,0
2021,5,FIJI,0
2021,5,FINLAND,5
2021,5,FRANCE,27
2021,5,GABON,0
2021,5,GAMBIA,0
2021,5,GEORGIA,0
2021,5,GERMANY,222
2021,5,GHANA,1
2021,5,GREECE,2
2021,5,GRENADA,0
2021,5,GUATEMALA,0
2021,5,GUINEA,0
2021,5,GUINEA-BISSAU,0
2021,5,GUYANA,0
2021,5,HAITI,0
2021,5,HONDURAS,0
2021,5,HONG KONG,0
2021,5,HUNGARY,0
2021,5,ICELAND,0
2021,5,INDIA,39
2021,5,INDONESIA,1
2021,5,IRAN,3
2021,5,IRAQ,3
2021,5,IRELAND,8
2021,5,ISLE OF MAN,0
2021,5,ISRAEL,8
2021,5,ITALY,29
2021,5,JAMAICA,0
2021,5,JAPAN,8
2021,5,JORDAN,12
2021,5,KAZAKHSTAN,2
2021,5,KENYA,0
2021,5,KOSOVAR,0
2021,5,KUWAIT,0
2021,5,KYRGYZSTAN,7
2021,5,LAOS,0
2021,5,LATVIA,3
2021,5,LEBANON,16
2021,5,LESOTHO,0
2021,5,LIBERIA,0
2021,5,LIBYA,0
2021,5,LIECHTENSTEIN,0
2021,5,LITHUANIA,1
2021,5,LUXEMBOURG,0
2021,5,MADAGASCAR,0
2021,5,MALAWI,0
2021,5,MALAYSIA,2
2021,5,MALDIVES,73
2021,5,MALI,0
2021,5,MALTA,0
2021,5,MAURITANIA,0
2021,5,MAURITIUS,0
2021,5,MEXICO,0
2021,5,MICRONESIA,0
2021,5,MOLDOVA,0
2021,5,MONACO,0
2021,5,MONGOLIA,0
2021,5,MONTENEGRO,1
2021,5,MOROCCO,0
2021,5,MOZAMBIQUE,0
2021,5,MYANMAR,2
2021,5,NAMIBIA,0
2021,5,NAURU,0
2021,5,NEPAL,2
2021,5,NETHERLANDS,11
2021,5,NEW ZEALAND,5
2021,5,NIGER,0
2021,5,NIGERIA,0
2021,5,NORTH MACEDONIA,0
2021,5,NORWAY,2
2021,5,OMAN,0
2021,5,PAKISTAN,9
2021,5,PALESTINIAN TERRITORIES,2
2021,5,PANAMA,0
2021,5,PAPUA NEW GUINEA,0
2021,5,PARAGUAY,0
2021,5,PERU,0
2021,5,PHILIPPINES,26
2021,5,POLAND,9
2021,5,PORTUGAL,1
2021,5,QATAR,0
2021,5,REPUBLIC OF ZIMBABWE,0
2021,5,ROMANIA,2
2021,5,RUSSIA,94
2021,5,RWANDA,0
2021,5,SAINT KITTS AND NEVIS,0
2021,5,SAINT LUCIA,0
2021,5,SAINT VINCENT THE GRENADI,0
2021,5,SAMOA,0
2021,5,SAN MARINO,0
2021,5,SAUDI ARABIA,7
2021,5,SENEGAL,0
2021,5,SERBIA,0
2021,5,SEYCHELLES,0
2021,5,SIERRA LEONE,0
2021,5,SINGAPORE,11
2021,5,SLOVAKIA,8
2021,5,SLOVENIA,2
2021,5,SOMALIA,0
2021,5,SOUTH AFRICA-ZUID AFRIKA,9
2021,5,SOUTH KOREA,1
2021,5,SOUTH SUDAN,0
2021,5,SPAIN,20
2021,5,SUDAN,0
2021,5,SURINAME,0
2021,5,SWAZILAND,0
2021,5,SWEDEN,7
2021,5,SWITZERLAND,45
2021,5,SYRIAN ARAB,0
2021,5,TAIWAN,0
2021,5,TAJIKISTAN,0
2021,5,TANZANIA,0
2021,5,THAILAND,3
2021,5,TIMOR-LESTE,0
2021,5,TOGO,0
2021,5,TONGA,0
2021,5,TRINIDAD AND TOBAGO,0
2021,5,TUNISIA,0
2021,5,TURKEY,9
2021,5,TURKMENISTAN,0
2021,5,UGANDA,0
2021,5,UKRAINE,18
2021,5,UNITED ARAB EMIRATES,6
2021,5,UNITED KINGDOM,149
2021,5,UNITED STATES,153
2021,5,URUGUAY,0
2021,5,UZBEKISTAN,5
2021,5,VANUATU,0
2021,5,VENEZUELA,0
2021,5,VIETNAM,5
2021,5,YEMEN,2
2021,5,ZAMBIA,0
2021,5,ZIMBABWE,0
2021,6,AFGHANISTAN,1
2021,6,ALBANIA,0
2021,6,ALGERIA,0
2021,6,ANDORRA,0
2021,6,ANGOLA,0
2021,6,ANTIGUA AND BARBUDA,0
2021,6,ARGENTINA,0
2021,6,ARMENIA,0
2021,6,AUSTRALIA,13
2021,6,AUSTRIA,8
2021,6,AZERBAIJAN,0
2021,6,BAHAMAS,0
2021,6,BAHRAIN,0
2021,6,BANGLADESH,2
2021,6,BARBADOS,0
2021,6,BELARUS,0
2021,6,BELGIUM,3
2021,6,BELIZE,0
2021,6,BENIN,0
2021,6,BHUTAN,0
2021,6,BOLIVIA,0
2021,6,BOSNIA,0
2021,6,BOTSWANA,0
2021,6,BRAZIL,1
2021,6,BRUNEI,0
2021,6,BULGARIA,0
2021,6,BURKINA,0
2021,6,BURUNDI,0
2021,6,CAMBODIA,0
2021,6,CAMEROON,0
2021,6,CANADA,67
2021,6,CAPE VERDE,0
2021,6,CENTRAL AFRICAN,1
2021,6,CHAD,0
2021,6,CHILE,0
2021,6,CHINA,176
2021,6,COLOMBIA,1
2021,6,COMOROS,0
2021,6,COSTA RICA,0
2021,6,COTE D IVOIRE,0
2021,6,CROATIA,0
2021,6,CUBA,0
2021,6,CYPRUS,1
2021,6,CZECHIA,4
2021,6,DEMOCRATIC REPUBLIC OF THE CONGO,0
2021,6,DENMARK,1
2021,6,DJIBOUTI,0
2021,6,DOMINICA,0
2021,6,DOMINICAN REPUBLIC,0
2021,6,ECUADOR,0
2021,6,EGYPT,0
2021,6,EL SALVADOR,0
2021,6,EQUATORIAL GUINEA,0
2021,6,ERITREA,0
2021,6,ESTONIA,1
2021,6,ETHIOPIA,0
2021,6,EUROPEAN UNION,0
2021,6,FIJI,3
2021,6,FINLAND,0
2021,6,FRANCE,654
2021,6,GABON,0
2021,6,GAMBIA,0
2021,6,GEORGIA,0
2021,6,GERMANY,137
2021,6,GHANA,0
2021,6,GREECE,0
2021,6,GRENADA,0
2021,6,GUATEMALA,0
2021,6,GUINEA,0
2021,6,GUINEA-BISSAU,0
2021,6,GUYANA,0
2021,6,HAITI,0
2021,6,HONDURAS,0
2021,6,HONG KONG,0
2021,6,HUNGARY,0
2021,6,ICELAND,0
2021,6,INDIA,5
2021,6,INDONESIA,9
2021,6,IRAN,2
2021,6,IRAQ,0
2021,6,IRELAND,1
2021,6,ISLE OF MAN,0
2021,6,ISRAEL,3
2021,6,ITALY,16
2021,6,JAMAICA,0
2021,6,JAPAN,11
2021,6,JORDAN,17
2021,6,KAZAKHSTAN,0
2021,6,KENYA,0
2021,6,KOSOVAR,0
2021,6,KUWAIT,0
2021,6,KYRGYZSTAN,0
2021,6,LAOS,0
2021,6,LATVIA,2
2021,6,LEBANON,0
2021,6,LESOTHO,0
2021,6,LIBERIA,0
2021,6,LIBYA,0
2021,6,LIECHTENSTEIN,0
2021,6,LITHUANIA,4
2021,6,LUXEMBOURG,0
2021,6,MADAGASCAR,0
2021,6,MALAWI,0
2021,6,MALAYSIA,0
2021,6,MALDIVES,22
2021,6,MALI,0
2021,6,MALTA,0
2021,6,MAURITANIA,0
2021,6,MAURITIUS,0
2021,6,MEXICO,1
2021,6,MICRONESIA,0
2021,6,MOLDOVA,0
2021,6,MONACO,0
2021,6,MONGOLIA,0
2021,6,MONTENEGRO,0
2021,6,MOROCCO,1
2021,6,MOZAMBIQUE,0
2021,6,MYANMAR,2
2021,6,NAMIBIA,0
2021,6,NAURU,0
2021,6,NEPAL,3
2021,6,NETHERLANDS,20
2021,6,NEW ZEALAND,6
2021,6,NIGER,0
2021,6,NIGERIA,0
2021,6,NORTH MACEDONIA,0
2021,6,NORWAY,32
2021,6,OMAN,0
2021,6,PAKISTAN,13
2021,6,PALESTINIAN TERRITORIES,0
2021,6,PANAMA,0
2021,6,PAPUA NEW GUINEA,0
2021,6,PARAGUAY,0
2021,6,PERU,0
2021,6,PHILIPPINES,6
2021,6,POLAND,2
2021,6,PORTUGAL,3
2021,6,QATAR,0
2021,6,REPUBLIC OF ZIMBABWE,0
2021,6,ROMANIA,6
2021,6,RUSSIA,33
2021,6,RWANDA,0
2021,6,SAINT KITTS AND NEVIS,0
2021,6,SAINT LUCIA,0
2021,6,SAINT VINCENT THE GRENADI,0
2021,6,SAMOA,0
2021,6,SAN MARINO,0
2021,6,SAUDI ARABIA,4
2021,6,SENEGAL,0
2021,6,SERBIA,3
2021,6,SEYCHELLES,0
2021,6,SIERRA LEONE,0
2021,6,SINGAPORE,1
2021,6,SLOVAKIA,6
2021,6,SLOVENIA,0
2021,6,SOMALIA,0
2021,6,SOUTH AFRICA-ZUID AFRIKA,2
2021,6,SOUTH KOREA,0
2021,6,SOUTH SUDAN,0
2021,6,SPAIN,10
2021,6,SUDAN,0
2021,6,SURINAME,0
2021,6,SWAZILAND,0
2021,6,SWEDEN,14
2021,6,SWITZERLAND,27
2021,6,SYRIAN ARAB,0
2021,6,TAIWAN,0
2021,6,TAJIKISTAN,0
2021,6,TANZANIA,0
2021,6,THAILAND,0
2021,6,TIMOR-LESTE,0
2021,6,TOGO,0
2021,6,TONGA,0
2021,6,TRINIDAD AND TOBAGO,0
2021,6,TUNISIA,0
2021,6,TURKEY,3
2021,6,TURKMENISTAN,0
2021,6,UGANDA,0
2021,6,UKRAINE,9
2021,6,UNITED ARAB EMIRATES,0
2021,6,UNITED KINGDOM,121
2021,6,UNITED STATES,118
2021,6,URUGUAY,0
2021,6,UZBEKISTAN,1
2021,6,VANUATU,0
2021,6,VENEZUELA,0
2021,6,VIETNAM,0
2021,6,YEMEN,0
2021,6,ZAMBIA,1
2021,6,ZIMBABWE,0
2021,7,AFGHANISTAN,0
2021,7,ALBANIA,0
2021,7,ALGERIA,0
2021,7,ANDORRA,0
2021,7,ANGOLA,0
2021,7,ANTIGUA AND BARBUDA,0
2021,7,ARGENTINA,1
2021,7,ARMENIA,0
2021,7,AUSTRALIA,15
2021,7,AUSTRIA,47
2021,7,AZERBAIJAN,7
2021,7,BAHAMAS,0
2021,7,BAHRAIN,3
2021,7,BANGLADESH,31
2021,7,BARBADOS,0
2021,7,BELARUS,0
2021,7,BELGIUM,17
2021,7,BELIZE,0
2021,7,BENIN,0
2021,7,BHUTAN,0
2021,7,BOLIVIA,0
2021,7,BOSNIA,0
2021,7,BOTSWANA,0
2021,7,BRAZIL,0
2021,7,BRUNEI,0
2021,7,BULGARIA,0
2021,7,BURKINA,0
2021,7,BURUNDI,0
2021,7,CAMBODIA,0
2021,7,CAMEROON,0
2021,7,CANADA,178
2021,7,CAPE VERDE,0
2021,7,CENTRAL AFRICAN,0
2021,7,CHAD,0
2021,7,CHILE,0
2021,7,CHINA,167
2021,7,COLOMBIA,0
2021,7,COMOROS,0
2021,7,COSTA RICA,0
2021,7,COTE D IVOIRE,0
2021,7,CROATIA,1
2021,7,CUBA,0
2021,7,CYPRUS,0
2021,7,CZECHIA,17
2021,7,DEMOCRATIC REPUBLIC OF THE CONGO,0
2021,7,DENMARK,34
2021,7,DJIBOUTI,0
2021,7,DOMINICA,1
2021,7,DOMINICAN REPUBLIC,0
2021,7,ECUADOR,0
2021,7,EGYPT,3
2021,7,EL SALVADOR,0
2021,7,EQUATORIAL GUINEA,0
2021,7,ERITREA,0
2021,7,ESTONIA,0
2021,7,ETHIOPIA,0
2021,7,EUROPEAN UNION,0
2021,7,FIJI,0
2021,7,FINLAND,1
2021,7,FRANCE,147
2021,7,GABON,0
2021,7,GAMBIA,0
2021,7,GEORGIA,0
2021,7,GERMANY,215
2021,7,GHANA,0
2021,7,GREECE,3
2021,7,GRENADA,0
2021,7,GUATEMALA,0
2021,7,GUINEA,0
2021,7,GUINEA-BISSAU,1
2021,7,GUYANA,0
2021,7,HAITI,0
2021,7,HONDURAS,0
2021,7,HONG KONG,0
2021,7,HUNGARY,2
2021,7,ICELAND,0
2021,7,INDIA,8
2021,7,INDONESIA,21
2021,7,IRAN,6
2021,7,IRAQ,8
2021,7,IRELAND,7
2021,7,ISLE OF MAN,0
2021,7,ISRAEL,22
2021,7,ITALY,32
2021,7,JAMAICA,0
2021,7,JAPAN,7
2021,7,JORDAN,10
2021,7,KAZAKHSTAN,2
2021,7,KENYA,0
2021,7,KOSOVAR,1
2021,7,KUWAIT,1
2021,7,KYRGYZSTAN,0
2021,7,LAOS,0
2021,7,LATVIA,0
2021,7,LEBANON,7
2021,7,LESOTHO,0
2021,7,LIBERIA,0
2021,7,LIBYA,0
2021,7,LIECHTENSTEIN,0
2021,7,LITHUANIA,2
2021,7,LUXEMBOURG,5
2021,7,MADAGASCAR,0
2021,7,MALAWI,0
2021,7,MALAYSIA,2
2021,7,MALDIVES,249
2021,7,MALI,0
2021,7,MALTA,1
2021,7,MAURITANIA,0
2021,7,MAURITIUS,1
2021,7,MEXICO,0
2021,7,MICRONESIA,0
2021,7,MOLDOVA,0
2021,7,MONACO,0
2021,7,MONGOLIA,0
2021,7,MONTENEGRO,1
2021,7,MOROCCO,1
2021,7,MOZAMBIQUE,0
2021,7,MYANMAR,0
2021,7,NAMIBIA,0
2021,7,NAURU,0
2021,7,NEPAL,1
2021,7,NETHERLANDS,72
2021,7,NEW ZEALAND,0
2021,7,NIGER,0
2021,7,NIGERIA,0
2021,7,NORTH MACEDONIA,0
2021,7,NORWAY,39
2021,7,OMAN,1
2021,7,PAKISTAN,111
2021,7,PALESTINIAN TERRITORIES,0
2021,7,PANAMA,0
2021,7,PAPUA NEW GUINEA,0
2021,7,PARAGUAY,0
2021,7,PERU,0
2021,7,PHILIPPINES,18
2021,7,POLAND,8
2021,7,PORTUGAL,1
2021,7,QATAR,0
2021,7,REPUBLIC OF ZIMBABWE,0
2021,7,ROMANIA,0
2021,7,RUSSIA,66
2021,7,RWANDA,0
2021,7,SAINT KITTS AND NEVIS,0
2021,7,SAINT LUCIA,0
2021,7,SAINT VINCENT THE GRENADI,0
2021,7,SAMOA,0
2021,7,SAN MARINO,0
2021,7,SAUDI ARABIA,11
2021,7,SENEGAL,0
2021,7,SERBIA,0
2021,7,SEYCHELLES,1
2021,7,SIERRA LEONE,0
2021,7,SINGAPORE,4
2021,7,SLOVAKIA,11
2021,7,SLOVENIA,0
2021,7,SOMALIA,0
2021,7,SOUTH AFRICA-ZUID AFRIKA,3
2021,7,SOUTH KOREA,2
2021,7,SOUTH SUDAN,0
2021,7,SPAIN,15
2021,7,SUDAN,2
2021,7,SURINAME,0
2021,7,SWAZILAND,0
2021,7,SWEDEN,29
2021,7,SWITZERLAND,123
2021,7,SYRIAN ARAB,0
2021,7,TAIWAN,2
2021,7,TAJIKISTAN,1
2021,7,TANZANIA,0
2021,7,THAILAND,3
2021,7,TIMOR-LESTE,0
2021,7,TOGO,0
2021,7,TONGA,0
2021,7,TRINIDAD AND TOBAGO,0
2021,7,TUNISIA,5
2021,7,TURKEY,6
2021,7,TURKMENISTAN,0
2021,7,UGANDA,0
2021,7,UKRAINE,13
2021,7,UNITED ARAB EMIRATES,3
2021,7,UNITED KINGDOM,342
2021,7,UNITED STATES,242
2021,7,URUGUAY,0
2021,7,UZBEKISTAN,6
2021,7,VANUATU,2
2021,7,VENEZUELA,0
2021,7,VIETNAM,1
2021,7,YEMEN,0
2021,7,ZAMBIA,0
2021,7,ZIMBABWE,0
2021,8,AFGHANISTAN,1
2021,8,ALBANIA,0
2021,8,ALGERIA,0
2021,8,ANDORRA,0
2021,8,ANGOLA,0
2021,8,ANTIGUA AND BARBUDA,0
2021,8,ARGENTINA,0
2021,8,ARMENIA,4
2021,8,AUSTRALIA,26
2021,8,AUSTRIA,55
2021,8,AZERBAIJAN,0
2021,8,BAHAMAS,0
2021,8,BAHRAIN,5
2021,8,BANGLADESH,19
2021,8,BARBADOS,0
2021,8,BELARUS,7
2021,8,BELGIUM,54
2021,8,BELIZE,0
2021,8,BENIN,0
2021,8,BHUTAN,0
2021,8,BOLIVIA,0
2021,8,BOSNIA,1
2021,8,BOTSWANA,0
2021,8,BRAZIL,4
2021,8,BRUNEI,0
2021,8,BULGARIA,4
2021,8,BURKINA,0
2021,8,BURUNDI,0
2021,8,CAMBODIA,0
2021,8,CAMEROON,0
2021,8,CANADA,594
2021,8,CAPE VERDE,0
2021,8,CENTRAL AFRICAN,0
2021,8,CHAD,0
2021,8,CHILE,0
2021,8,CHINA,178
2021,8,COLOMBIA,1
2021,8,COMOROS,0
2021,8,COSTA RICA,0
2021,8,COTE D IVOIRE,0
2021,8,CROATIA,0
2021,8,CUBA,0
2021,8,CYPRUS,9
2021,8,CZECHIA,30
2021,8,DEMOCRATIC REPUBLIC OF THE CONGO,0
2021,8,DENMARK,27
2021,8,DJIBOUTI,0
2021,8,DOMINICA,0
2021,8,DOMINICAN REPUBLIC,0
2021,8,ECUADOR,0
2021,8,EGYPT,5
2021,8,EL SALVADOR,0
2021,8,EQUATORIAL GUINEA,0
2021,8,ERITREA,1
2021,8,ESTONIA,1
2021,8,ETHIOPIA,0
2021,8,EUROPEAN UNION,0
2021,8,FIJI,0
2021,8,FINLAND,4
2021,8,FRANCE,248
2021,8,GABON,0
2021,8,GAMBIA,0
2021,8,GEORGIA,4
2021,8,GERMANY,515
2021,8,GHANA,0
2021,8,GREECE,3
2021,8,GRENADA,0
2021,8,GUATEMALA,0
2021,8,GUINEA,0
2021,8,GUINEA-BISSAU,0
2021,8,GUYANA,0
2021,8,HAITI,0
2021,8,HONDURAS,0
2021,8,HONG KONG,0
2021,8,HUNGARY,3
2021,8,ICELAND,1
2021,8,INDIA,405
2021,8,INDONESIA,96
2021,8,IRAN,7
2021,8,IRAQ,0
2021,8,IRELAND,9
2021,8,ISLE OF MAN,0
2021,8,ISRAEL,78
2021,8,ITALY,54
2021,8,JAMAICA,0
2021,8,JAPAN,9
2021,8,JORDAN,16
2021,8,KAZAKHSTAN,7
2021,8,KENYA,1
2021,8,KOSOVAR,0
2021,8,KUWAIT,3
2021,8,KYRGYZSTAN,0
2021,8,LAOS,0
2021,8,LATVIA,2
2021,8,LEBANON,6
2021,8,LESOTHO,0
2021,8,LIBERIA,0
2021,8,LIBYA,0
2021,8,LIECHTENSTEIN,0
2021,8,LITHUANIA,2
2021,8,LUXEMBOURG,2
2021,8,MADAGASCAR,0
2021,8,MALAWI,0
2021,8,MALAYSIA,2
2021,8,MALDIVES,341
2021,8,MALI,0
2021,8,MALTA,0
2021,8,MAURITANIA,0
2021,8,MAURITIUS,2
2021,8,MEXICO,3
2021,8,MICRONESIA,0
2021,8,MOLDOVA,0
2021,8,MONACO,0
2021,8,MONGOLIA,0
2021,8,MONTENEGRO,1
2021,8,MOROCCO,1
2021,8,MOZAMBIQUE,0
2021,8,MYANMAR,3
2021,8,NAMIBIA,0
2021,8,NAURU,0
2021,8,NEPAL,4
2021,8,NETHERLANDS,115
2021,8,NEW ZEALAND,11
2021,8,NIGER,0
2021,8,NIGERIA,0
2021,8,NORTH MACEDONIA,0
2021,8,NORWAY,64
2021,8,OMAN,11
2021,8,PAKISTAN,456
2021,8,PALESTINIAN TERRITORIES,1
2021,8,PANAMA,0
2021,8,PAPUA NEW GUINEA,0
2021,8,PARAGUAY,0
2021,8,PERU,0
2021,8,PHILIPPINES,21
2021,8,POLAND,34
2021,8,PORTUGAL,6
2021,8,QATAR,0
2021,8,REPUBLIC OF ZIMBABWE,0
2021,8,ROMANIA,20
2021,8,RUSSIA,247
2021,8,RWANDA,0
2021,8,SAINT KITTS AND NEVIS,1
2021,8,SAINT LUCIA,0
2021,8,SAINT VINCENT THE GRENADI,0
2021,8,SAMOA,0
2021,8,SAN MARINO,0
2021,8,SAUDI ARABIA,36
2021,8,SENEGAL,0
2021,8,SERBIA,3
2021,8,SEYCHELLES,3
2021,8,SIERRA LEONE,0
2021,8,SINGAPORE,12
2021,8,SLOVAKIA,18
2021,8,SLOVENIA,6
2021,8,SOMALIA,0
2021,8,SOUTH AFRICA-ZUID AFRIKA,4
2021,8,SOUTH KOREA,3
2021,8,SOUTH SUDAN,0
2021,8,SPAIN,78
2021,8,SUDAN,3
2021,8,SURINAME,0
2021,8,SWAZILAND,0
2021,8,SWEDEN,40
2021,8,SWITZERLAND,152
2021,8,SYRIAN ARAB,0
2021,8,TAIWAN,2
2021,8,TAJIKISTAN,0
2021,8,TANZANIA,0
2021,8,THAILAND,5
2021,8,TIMOR-LESTE,0
2021,8,TOGO,0
2021,8,TONGA,0
2021,8,TRINIDAD AND TOBAGO,0
2021,8,TUNISIA,0
2021,8,TURKEY,8
2021,8,TURKMENISTAN,0
2021,8,UGANDA,0
2021,8,UKRAINE,20
2021,8,UNITED ARAB EMIRATES,0
2021,8,UNITED KINGDOM,489
2021,8,UNITED STATES,311
2021,8,URUGUAY,0
2021,8,UZBEKISTAN,0
2021,8,VANUATU,0
2021,8,VENEZUELA,0
2021,8,VIETNAM,1
2021,8,YEMEN,1
2021,8,ZAMBIA,0
2021,8,ZIMBABWE,0
2021,9,AFGHANISTAN,4
2021,9,ALBANIA,0
2021,9,ALGERIA,1
2021,9,ANDORRA,0
2021,9,ANGOLA,0
2021,9,ANTIGUA AND BARBUDA,0
2021,9,ARGENTINA,3
2021,9,ARMENIA,1
2021,9,AUSTRALIA,27
2021,9,AUSTRIA,44
2021,9,AZERBAIJAN,1
2021,9,BAHAMAS,0
2021,9,BAHRAIN,0
2021,9,BANGLADESH,235
2021,9,BARBADOS,0
2021,9,BELARUS,13
2021,9,BELGIUM,61
2021,9,BELIZE,0
2021,9,BENIN,1
2021,9,BHUTAN,0
2021,9,BOLIVIA,0
2021,9,BOSNIA,0
2021,9,BOTSWANA,0
2021,9,BRAZIL,6
2021,9,BRUNEI,0
2021,9,BULGARIA,1
2021,9,BURKINA,0
2021,9,BURUNDI,0
2021,9,CAMBODIA,0
2021,9,CAMEROON,0
2021,9,CANADA,265
2021,9,CAPE VERDE,0
2021,9,CENTRAL AFRICAN,0
2021,9,CHAD,0
2021,9,CHILE,0
2021,9,CHINA,176
2021,9,COLOMBIA,2
2021,9,COMOROS,0
2021,9,COSTA RICA,0
2021,9,COTE D IVOIRE,0
2021,9,CROATIA,2
2021,9,CUBA,0
2021,9,CYPRUS,4
2021,9,CZECHIA,39
2021,9,DEMOCRATIC REPUBLIC OF THE CONGO,0
2021,9,DENMARK,62
2021,9,DJIBOUTI,0
2021,9,DOMINICA,0
2021,9,DOMINICAN REPUBLIC,1
2021,9,ECUADOR,0
2021,9,EGYPT,8
2021,9,EL SALVADOR,0
2021,9,EQUATORIAL GUINEA,0
2021,9,ERITREA,0
2021,9,ESTONIA,0
2021,9,ETHIOPIA,0
2021,9,EUROPEAN UNION,0
2021,9,FIJI,0
2021,9,FINLAND,20
2021,9,FRANCE,181
2021,9,GABON,0
2021,9,GAMBIA,0
2021,9,GEORGIA,2
2021,9,GERMANY,466
2021,9,GHANA,0
2021,9,GREECE,14
2021,9,GRENADA,0
2021,9,GUATEMALA,3
2021,9,GUINEA,0
2021,9,GUINEA-BISSAU,0
2021,9,GUYANA,0
2021,9,HAITI,0
2021,9,HONDURAS,0
2021,9,HONG KONG,0
2021,9,HUNGARY,12
2021,9,ICELAND,0
2021,9,INDIA,8528
2021,9,INDONESIA,245
2021,9,IRAN,7
2021,9,IRAQ,2
2021,9,IRELAND,19
2021,9,ISLE OF MAN,0
2021,9,ISRAEL,147
2021,9,ITALY,47
2021,9,JAMAICA,0
2021,9,JAPAN,9
2021,9,JORDAN,8
2021,9,KAZAKHSTAN,3
2021,9,KENYA,1
2021,9,KOSOVAR,0
2021,9,KUWAIT,4
2021,9,KYRGYZSTAN,0
2021,9,LAOS,0
2021,9,LATVIA,4
2021,9,LEBANON,4
2021,9,LESOTHO,0
2021,9,LIBERIA,0
2021,9,LIBYA,1
2021,9,LIECHTENSTEIN,0
2021,9,LITHUANIA,11
2021,9,LUXEMBOURG,0
2021,9,MADAGASCAR,0
2021,9,MALAWI,0
2021,9,MALAYSIA,3
2021,9,MALDIVES,146
2021,9,MALI,0
2021,9,MALTA,0
2021,9,MAURITANIA,0
2021,9,MAURITIUS,1
2021,9,MEXICO,4
2021,9,MICRONESIA,0
2021,9,MOLDOVA,0
2021,9,MONACO,0
2021,9,MONGOLIA,0
2021,9,MONTENEGRO,0
2021,9,MOROCCO,1
2021,9,MOZAMBIQUE,0
2021,9,MYANMAR,2
2021,9,NAMIBIA,0
2021,9,NAURU,0
2021,9,NEPAL,7
2021,9,NETHERLANDS,94
2021,9,NEW ZEALAND,3
2021,9,NIGER,0
2021,9,NIGERIA,1
2021,9,NORTH MACEDONIA,1
2021,9,NORWAY,56
2021,9,OMAN,5
2021,9,PAKISTAN,1225
2021,9,PALESTINIAN TERRITORIES,3
2021,9,PANAMA,0
2021,9,PAPUA NEW GUINEA,0
2021,9,PARAGUAY,0
2021,9,PERU,0
2021,9,PHILIPPINES,31
2021,9,POLAND,20
2021,9,PORTUGAL,17
2021,9,QATAR,0
2021,9,REPUBLIC OF ZIMBABWE,0
2021,9,ROMANIA,7
2021,9,RUSSIA,304
2021,9,RWANDA,0
2021,9,SAINT KITTS AND NEVIS,1
2021,9,SAINT LUCIA,0
2021,9,SAINT VINCENT THE GRENADI,0
2021,9,SAMOA,0
2021,9,SAN MARINO,0
2021,9,SAUDI ARABIA,23
2021,9,SENEGAL,0
2021,9,SERBIA,3
2021,9,SEYCHELLES,1
2021,9,SIERRA LEONE,0
2021,9,SINGAPORE,16
2021,9,SLOVAKIA,21
2021,9,SLOVENIA,5
2021,9,SOMALIA,0
2021,9,SOUTH AFRICA-ZUID AFRIKA,4
2021,9,SOUTH KOREA,11
2021,9,SOUTH SUDAN,0
2021,9,SPAIN,182
2021,9,SUDAN,1
2021,9,SURINAME,0
2021,9,SWAZILAND,0
2021,9,SWEDEN,29
2021,9,SWITZERLAND,88
2021,9,SYRIAN ARAB,0
2021,9,TAIWAN,3
2021,9,TAJIKISTAN,1
2021,9,TANZANIA,0
2021,9,THAILAND,5
2021,9,TIMOR-LESTE,0
2021,9,TOGO,0
2021,9,TONGA,0
2021,9,TRINIDAD AND TOBAGO,2
2021,9,TUNISIA,2
2021,9,TURKEY,16
2021,9,TURKMENISTAN,0
2021,9,UGANDA,1
2021,9,UKRAINE,43
2021,9,UNITED ARAB EMIRATES,0
2021,9,UNITED KINGDOM,309
2021,9,UNITED STATES,150
2021,9,URUGUAY,0
2021,9,UZBEKISTAN,0
2021,9,VANUATU,0
2021,9,VENEZUELA,1
2021,9,VIETNAM,2
2021,9,YEMEN,0
2021,9,ZAMBIA,0
2021,9,ZIMBABWE,1
2021,10,AFGHANISTAN,0
2021,10,ALBANIA,0
2021,10,ALGERIA,0
2021,10,ANDORRA,0
2021,10,ANGOLA,1
2021,10,ANTIGUA AND BARBUDA,0
2021,10,ARGENTINA,2
2021,10,ARMENIA,5
2021,10,AUSTRALIA,121
2021,10,AUSTRIA,151
2021,10,AZERBAIJAN,0
2021,10,BAHAMAS,1
2021,10,BAHRAIN,6
2021,10,BANGLADESH,273
2021,10,BARBADOS,0
2021,10,BELARUS,36
2021,10,BELGIUM,152
2021,10,BELIZE,0
2021,10,BENIN,0
2021,10,BHUTAN,0
2021,10,BOLIVIA,0
2021,10,BOSNIA,2
2021,10,BOTSWANA,0
2021,10,BRAZIL,6
2021,10,BRUNEI,0
2021,10,BULGARIA,5
2021,10,BURKINA,2
2021,10,BURUNDI,0
2021,10,CAMBODIA,2
2021,10,CAMEROON,1
2021,10,CANADA,688
2021,10,CAPE VERDE,0
2021,10,CENTRAL AFRICAN,0
2021,10,CHAD,0
2021,10,CHILE,3
2021,10,CHINA,182
2021,10,COLOMBIA,4
2021,10,COMOROS,1
2021,10,COSTA RICA,1
2021,10,COTE D IVOIRE,0
2021,10,CROATIA,10
2021,10,CUBA,0
2021,10,CYPRUS,3
2021,10,CZECHIA,132
2021,10,DEMOCRATIC REPUBLIC OF THE CONGO,0
2021,10,DENMARK,159
2021,10,DJIBOUTI,0
2021,10,DOMINICA,0
2021,10,DOMINICAN REPUBLIC,0
2021,10,ECUADOR,1
2021,10,EGYPT,13
2021,10,EL SALVADOR,0
2021,10,EQUATORIAL GUINEA,0
2021,10,ERITREA,0
2021,10,ESTONIA,31
2021,10,ETHIOPIA,6
2021,10,EUROPEAN UNION,1
2021,10,FIJI,0
2021,10,FINLAND,32
2021,10,FRANCE,624
2021,10,GABON,0
2021,10,GAMBIA,0
2021,10,GEORGIA,14
2021,10,GERMANY,1196
2021,10,GHANA,1
2021,10,GREECE,14
2021,10,GRENADA,0
2021,10,GUATEMALA,0
2021,10,GUINEA,0
2021,10,GUINEA-BISSAU,0
2021,10,GUYANA,0
2021,10,HAITI,0
2021,10,HONDURAS,0
2021,10,HONG KONG,0
2021,10,HUNGARY,24
2021,10,ICELAND,6
2021,10,INDIA,8406
2021,10,INDONESIA,473
2021,10,IRAN,16
2021,10,IRAQ,39
2021,10,IRELAND,49
2021,10,ISLE OF MAN,0
2021,10,ISRAEL,110
2021,10,ITALY,160
2021,10,JAMAICA,0
2021,10,JAPAN,45
2021,10,JORDAN,61
2021,10,KAZAKHSTAN,7
2021,10,KENYA,7
2021,10,KOSOVAR,0
2021,10,KUWAIT,20
2021,10,KYRGYZSTAN,6
2021,10,LAOS,0
2021,10,LATVIA,15
2021,10,LEBANON,37
2021,10,LESOTHO,0
2021,10,LIBERIA,0
2021,10,LIBYA,0
2021,10,LIECHTENSTEIN,2
2021,10,LITHUANIA,60
2021,10,LUXEMBOURG,1
2021,10,MADAGASCAR,0
2021,10,MALAWI,2
2021,10,MALAYSIA,44
2021,10,MALDIVES,963
2021,10,MALI,0
2021,10,MALTA,1
2021,10,MAURITANIA,0
2021,10,MAURITIUS,3
2021,10,MEXICO,10
2021,10,MICRONESIA,0
2021,10,MOLDOVA,0
2021,10,MONACO,0
2021,10,MONGOLIA,0
2021,10,MONTENEGRO,0
2021,10,MOROCCO,7
2021,10,MOZAMBIQUE,0
2021,10,MYANMAR,1
2021,10,NAMIBIA,1
2021,10,NAURU,0
2021,10,NEPAL,29
2021,10,NETHERLANDS,242
2021,10,NEW ZEALAND,24
2021,10,NIGER,0
2021,10,NIGERIA,0
2021,10,NORTH MACEDONIA,1
2021,10,NORWAY,212
2021,10,OMAN,27
2021,10,PAKISTAN,2042
2021,10,PALESTINIAN TERRITORIES,3
2021,10,PANAMA,0
2021,10,PAPUA NEW GUINEA,0
2021,10,PARAGUAY,0
2021,10,PERU,0
2021,10,PHILIPPINES,76
2021,10,POLAND,116
2021,10,PORTUGAL,53
2021,10,QATAR,7
2021,10,REPUBLIC OF ZIMBABWE,0
2021,10,ROMANIA,21
2021,10,RUSSIA,1328
2021,10,RWANDA,0
2021,10,SAINT KITTS AND NEVIS,0
2021,10,SAINT LUCIA,0
2021,10,SAINT VINCENT THE GRENADI,0
2021,10,SAMOA,0
2021,10,SAN MARINO,0
2021,10,SAUDI ARABIA,79
2021,10,SENEGAL,0
2021,10,SERBIA,4
2021,10,SEYCHELLES,5
2021,10,SIERRA LEONE,0
2021,10,SINGAPORE,31
2021,10,SLOVAKIA,42
2021,10,SLOVENIA,10
2021,10,SOMALIA,1
2021,10,SOUTH AFRICA-ZUID AFRIKA,26
2021,10,SOUTH KOREA,76
2021,10,SPAIN,269
2021,10,SUDAN,1
2021,10,SURINAME,0
2021,10,SWAZILAND,0
2021,10,SWEDEN,98
2021,10,SWITZERLAND,403
2021,10,SYRIAN ARAB,1
2021,10,TAIWAN,6
2021,10,TAJIKISTAN,7
2021,10,TANZANIA,1
2021,10,THAILAND,29
2021,10,TIMOR-LESTE,0
2021,10,TOGO,0
2021,10,TONGA,0
2021,10,TRINIDAD AND TOBAGO,2
2021,10,TUNISIA,5
2021,10,TURKEY,31
2021,10,TURKMENISTAN,0
2021,10,UGANDA,2
2021,10,UKRAINE,168
2021,10,UNITED ARAB EMIRATES,5
2021,10,UNITED KINGDOM,2241
2021,10,UNITED STATES,573
2021,10,URUGUAY,0
2021,10,UZBEKISTAN,6
2021,10,VANUATU,1
2021,10,VENEZUELA,1
2021,10,VIETNAM,4
2021,10,YEMEN,4
2021,10,ZAMBIA,0
2021,10,ZIMBABWE,0
2021,11,AFGHANISTAN,1
2021,11,ALBANIA,0
2021,11,ALGERIA,8
2021,11,ANDORRA,3
2021,11,ANGOLA,1
2021,11,ANTIGUA AND BARBUDA,2
2021,11,ARGENTINA,12
2021,11,ARMENIA,6
2021,11,AUSTRALIA,940
2021,11,AUSTRIA,267
2021,11,AZERBAIJAN,16
2021,11,BAHAMAS,2
2021,11,BAHRAIN,10
2021,11,BANGLADESH,372
2021,11,BARBADOS,8
2021,11,BELARUS,120
2021,11,BELGIUM,318
2021,11,BELIZE,0
2021,11,BENIN,0
2021,11,BHUTAN,2
2021,11,BOLIVIA,16
2021,11,BOSNIA,6
2021,11,BOTSWANA,0
2021,11,BRAZIL,30
2021,11,BRUNEI,0
2021,11,BULGARIA,58
2021,11,BURKINA,0
2021,11,BURUNDI,1
2021,11,CAMBODIA,4
2021,11,CAMEROON,1
2021,11,CANADA,1161
2021,11,CAPE VERDE,0
2021,11,CENTRAL AFRICAN,0
2021,11,CHAD,0
2021,11,CHILE,4
2021,11,CHINA,201
2021,11,COLOMBIA,19
2021,11,COMOROS,0
2021,11,COSTA RICA,1
2021,11,COTE D IVOIRE,0
2021,11,CROATIA,33
2021,11,CUBA,0
2021,11,CYPRUS,12
2021,11,CZECHIA,429
2021,11,DEMOCRATIC REPUBLIC OF THE CONGO,0
2021,11,DENMARK,316
2021,11,DJIBOUTI,0
2021,11,DOMINICA,4
2021,11,DOMINICAN REPUBLIC,1
2021,11,ECUADOR,1
2021,11,EGYPT,80
2021,11,EL SALVADOR,1
2021,11,EQUATORIAL GUINEA,0
2021,11,ERITREA,2
2021,11,ESTONIA,50
2021,11,ETHIOPIA,5
2021,11,EUROPEAN UNION,0
2021,11,FIJI,5
2021,11,FINLAND,65
2021,11,FRANCE,1447
2021,11,GABON,0
2021,11,GAMBIA,0
2021,11,GEORGIA,23
2021,11,GERMANY,2667
2021,11,GHANA,1
2021,11,GREECE,46
2021,11,GRENADA,1
2021,11,GUATEMALA,3
2021,11,GUINEA,0
2021,11,GUINEA-BISSAU,0
2021,11,GUYANA,3
2021,11,HAITI,0
2021,11,HONDURAS,0
2021,11,HONG KONG,0
2021,11,HUNGARY,63
2021,11,ICELAND,15
2021,11,INDIA,14236
2021,11,INDONESIA,806
2021,11,IRAN,106
2021,11,IRAQ,91
2021,11,IRELAND,86
2021,11,ISLE OF MAN,0
2021,11,ISRAEL,624
2021,11,ITALY,313
2021,11,JAMAICA,2
2021,11,JAPAN,103
2021,11,JORDAN,183
2021,11,KAZAKHSTAN,85
2021,11,KENYA,7
2021,11,KOSOVAR,3
2021,11,KUWAIT,34
2021,11,KYRGYZSTAN,6
2021,11,LAOS,0
2021,11,LATVIA,106
2021,11,LEBANON,126
2021,11,LESOTHO,0
2021,11,LIBERIA,0
2021,11,LIBYA,2
2021,11,LIECHTENSTEIN,2
2021,11,LITHUANIA,130
2021,11,LUXEMBOURG,19
2021,11,MADAGASCAR,5
2021,11,MALAWI,0
2021,11,MALAYSIA,97
2021,11,MALDIVES,1464
2021,11,MALI,1
2021,11,MALTA,6
2021,11,MAURITANIA,0
2021,11,MAURITIUS,0
2021,11,MEXICO,13
2021,11,MICRONESIA,0
2021,11,MOLDOVA,12
2021,11,MONACO,1
2021,11,MONGOLIA,0
2021,11,MONTENEGRO,0
2021,11,MOROCCO,20
2021,11,MOZAMBIQUE,0
2021,11,MYANMAR,9
2021,11,NAMIBIA,0
2021,11,NAURU,0
2021,11,NEPAL,65
2021,11,NETHERLANDS,598
2021,11,NEW ZEALAND,80
2021,11,NIGER,0
2021,11,NIGERIA,1
2021,11,NORTH MACEDONIA,6
2021,11,NORWAY,237
2021,11,OMAN,69
2021,11,PAKISTAN,2612
2021,11,PALESTINIAN TERRITORIES,20
2021,11,PANAMA,0
2021,11,PAPUA NEW GUINEA,0
2021,11,PARAGUAY,0
2021,11,PERU,7
2021,11,PHILIPPINES,116
2021,11,POLAND,460
2021,11,PORTUGAL,141
2021,11,QATAR,12
2021,11,REPUBLIC OF ZIMBABWE,1
2021,11,ROMANIA,145
2021,11,RUSSIA,3520
2021,11,RWANDA,0
2021,11,SAINT KITTS AND NEVIS,3
2021,11,SAINT LUCIA,1
2021,11,SAINT VINCENT THE GRENADI,2
2021,11,SAMOA,0
2021,11,SAN MARINO,1
2021,11,SAUDI ARABIA,693
2021,11,SENEGAL,0
2021,11,SERBIA,55
2021,11,SEYCHELLES,71
2021,11,SIERRA LEONE,1
2021,11,SINGAPORE,167
2021,11,SLOVAKIA,168
2021,11,SLOVENIA,18
2021,11,SOMALIA,5
2021,11,SOUTH AFRICA-ZUID AFRIKA,60
2021,11,SOUTH KOREA,162
2021,11,SOUTH SUDAN,0
2021,11,SPAIN,463
2021,11,SUDAN,19
2021,11,SURINAME,0
2021,11,SWAZILAND,0
2021,11,SWEDEN,264
2021,11,SWITZERLAND,698
2021,11,SYRIAN ARAB,2
2021,11,TAIWAN,2
2021,11,TAJIKISTAN,1
2021,11,TANZANIA,2
2021,11,THAILAND,62
2021,11,TIMOR-LESTE,0
2021,11,TOGO,0
2021,11,TONGA,0
2021,11,TRINIDAD AND TOBAGO,9
2021,11,TUNISIA,13
2021,11,TURKEY,65
2021,11,TURKMENISTAN,2
2021,11,UGANDA,2
2021,11,UKRAINE,565
2021,11,UNITED ARAB EMIRATES,60
2021,11,UNITED KINGDOM,3770
2021,11,UNITED STATES,1178
2021,11,URUGUAY,3
2021,11,UZBEKISTAN,15
2021,11,VANUATU,3
2021,11,VENEZUELA,2
2021,11,VIETNAM,8
2021,11,YEMEN,26
2021,11,ZAMBIA,0
2021,11,ZIMBABWE,2
2021,12,AFGHANISTAN,5
2021,12,ALBANIA,3
2021,12,ALGERIA,21
2021,12,ANDORRA,1
2021,12,ANGOLA,0
2021,12,ANTIGUA AND BARBUDA,1
2021,12,ARGENTINA,26
2021,12,ARMENIA,78
2021,12,AUSTRALIA,3129
2021,12,AUSTRIA,827
2021,12,AZERBAIJAN,53
2021,12,BAHAMAS,1
2021,12,BAHRAIN,81
2021,12,BANGLADESH,544
2021,12,BARBADOS,0
2021,12,BELARUS,359
2021,12,BELGIUM,639
2021,12,BELIZE,0
2021,12,BENIN,0
2021,12,BHUTAN,1
2021,12,BOLIVIA,0
2021,12,BOSNIA,9
2021,12,BOTSWANA,0
2021,12,BRAZIL,98
2021,12,BRUNEI,0
2021,12,BULGARIA,122
2021,12,BURKINA,0
2021,12,BURUNDI,0
2021,12,CAMBODIA,7
2021,12,CAMEROON,2
2021,12,CANADA,1705
2021,12,CAPE VERDE,0
2021,12,CENTRAL AFRICAN,0
2021,12,CHAD,0
2021,12,CHILE,15
2021,12,CHINA,258
2021,12,COLOMBIA,37
2021,12,COMOROS,0
2021,12,COSTA RICA,7
2021,12,COTE D IVOIRE,0
2021,12,CROATIA,53
2021,12,CUBA,4
2021,12,CYPRUS,27
2021,12,CZECHIA,1087
2021,12,DEMOCRATIC REPUBLIC OF THE CONGO,0
2021,12,DENMARK,656
2021,12,DJIBOUTI,0
2021,12,DOMINICA,2
2021,12,DOMINICAN REPUBLIC,0
2021,12,ECUADOR,2
2021,12,EGYPT,268
2021,12,EL SALVADOR,0
2021,12,EQUATORIAL GUINEA,0
2021,12,ERITREA,4
2021,12,ESTONIA,260
2021,12,ETHIOPIA,5
2021,12,EUROPEAN UNION,0
2021,12,FIJI,4
2021,12,FINLAND,195
2021,12,FRANCE,3021
2021,12,GABON,1
2021,12,GAMBIA,0
2021,12,GEORGIA,60
2021,12,GERMANY,5875
2021,12,GHANA,1
2021,12,GREECE,159
2021,12,GRENADA,0
2021,12,GUATEMALA,0
2021,12,GUINEA,0
2021,12,GUINEA-BISSAU,0
2021,12,GUYANA,2
2021,12,HAITI,0
2021,12,HONDURAS,0
2021,12,HONG KONG,0
2021,12,HUNGARY,322
2021,12,ICELAND,18
2021,12,INDIA,23566
2021,12,INDONESIA,188
2021,12,IRAN,181
2021,12,IRAQ,115
2021,12,IRELAND,330
2021,12,ISLE OF MAN,1
2021,12,ISRAEL,684
2021,12,ITALY,556
2021,12,JAMAICA,5
2021,12,JAPAN,159
2021,12,JORDAN,323
2021,12,KAZAKHSTAN,2462
2021,12,KENYA,21
2021,12,KOSOVAR,1
2021,12,KUWAIT,98
2021,12,KYRGYZSTAN,67
2021,12,LAOS,0
2021,12,LATVIA,170
2021,12,LEBANON,252
2021,12,LESOTHO,0
2021,12,LIBERIA,1
2021,12,LIBYA,5
2021,12,LIECHTENSTEIN,9
2021,12,LITHUANIA,155
2021,12,LUXEMBOURG,43
2021,12,MADAGASCAR,0
2021,12,MALAWI,1
2021,12,MALAYSIA,158
2021,12,MALDIVES,2896
2021,12,MALI,1
2021,12,MALTA,9
2021,12,MAURITANIA,0
2021,12,MAURITIUS,13
2021,12,MEXICO,41
2021,12,MICRONESIA,0
2021,12,MOLDOVA,38
2021,12,MONACO,0
2021,12,MONGOLIA,4
2021,12,MONTENEGRO,0
2021,12,MOROCCO,51
2021,12,MOZAMBIQUE,1
2021,12,MYANMAR,9
2021,12,NAMIBIA,2
2021,12,NAURU,0
2021,12,NEPAL,209
2021,12,NETHERLANDS,1144
2021,12,NEW ZEALAND,167
2021,12,NIGER,0
2021,12,NIGERIA,7
2021,12,NORTH MACEDONIA,7
2021,12,NORWAY,447
2021,12,OMAN,132
2021,12,PAKISTAN,1004
2021,12,PALESTINIAN TERRITORIES,38
2021,12,PANAMA,0
2021,12,PAPUA NEW GUINEA,2
2021,12,PARAGUAY,0
2021,12,PERU,10
2021,12,PHILIPPINES,178
2021,12,POLAND,1379
2021,12,PORTUGAL,134
2021,12,QATAR,12
2021,12,REPUBLIC OF ZIMBABWE,1
2021,12,ROMANIA,581
2021,12,RUSSIA,10793
2021,12,RWANDA,0
2021,12,SAINT KITTS AND NEVIS,12
2021,12,SAINT LUCIA,2
2021,12,SAINT VINCENT THE GRENADI,0
2021,12,SAMOA,0
2021,12,SAN MARINO,0
2021,12,SAUDI ARABIA,741
2021,12,SENEGAL,0
2021,12,SERBIA,80
2021,12,SEYCHELLES,31
2021,12,SIERRA LEONE,0
2021,12,SINGAPORE,306
2021,12,SLOVAKIA,311
2021,12,SLOVENIA,38
2021,12,SOMALIA,0
2021,12,SOUTH AFRICA-ZUID AFRIKA,109
2021,12,SOUTH KOREA,120
2021,12,SOUTH SUDAN,0
2021,12,SPAIN,894
2021,12,SUDAN,69
2021,12,SURINAME,0
2021,12,SWAZILAND,0
2021,12,SWEDEN,1070
2021,12,SWITZERLAND,1225
2021,12,SYRIAN ARAB,0
2021,12,TAIWAN,19
2021,12,TAJIKISTAN,3
2021,12,TANZANIA,4
2021,12,THAILAND,129
2021,12,TIMOR-LESTE,0
2021,12,TOGO,2
2021,12,TONGA,1
2021,12,TRINIDAD AND TOBAGO,3
2021,12,TUNISIA,55
2021,12,TURKEY,141
2021,12,TURKMENISTAN,1
2021,12,UGANDA,2
2021,12,UKRAINE,3562
2021,12,UNITED ARAB EMIRATES,169
2021,12,UNITED KINGDOM,8493
2021,12,UNITED STATES,2884
2021,12,URUGUAY,9
2021,12,UZBEKISTAN,52
2021,12,VANUATU,0
2021,12,VENEZUELA,4
2021,12,VIETNAM,24
2021,12,YEMEN,21
2021,12,ZAMBIA,0
2021,12,ZIMBABWE,4
2022,1,AFGHANISTAN,0
2022,1,ALBANIA,21
2022,1,ALGERIA,6
2022,1,ANDORRA,0
2022,1,ANGOLA,2
2022,1,ANTARCTICA,0
2022,1,ANTIGUA AND BARBUDA,2
2022,1,ARGENTINA,29
2022,1,ARMENIA,56
2022,1,AUSTRALIA,2814
2022,1,AUSTRIA,788
2022,1,AZERBAIJAN,65
2022,1,BAHAMAS,0
2022,1,BAHRAIN,59
2022,1,BANGLADESH,302
2022,1,BARBADOS,0
2022,1,BELARUS,736
2022,1,BELGIUM,495
2022,1,BELIZE,1
2022,1,BENIN,0
2022,1,BHUTAN,30
2022,1,BOLIVIA,6
2022,1,BOSNIA AND HERZEGOVINA,15
2022,1,BOTSWANA,5
2022,1,BRAZIL,49
2022,1,BRUNEI,0
2022,1,BULGARIA,305
2022,1,BURKINA FASO,1
2022,1,CAMBODIA,21
2022,1,CAMEROON,1
2022,1,CANADA,1666
2022,1,CAPE VERDE,2
2022,1,CHAD,0
2022,1,CHILE,29
2022,1,CHINA,226
2022,1,COLOMBIA,20
2022,1,COMOROS,2
2022,1,COSTA RICA,4
2022,1,COTE D IVOIRE,0
2022,1,CROATIA,60
2022,1,CUBA,1
2022,1,CYPRUS,39
2022,1,CZECHIA,1174
2022,1,DENMARK,1013
2022,1,DJIBOUTI,0
2022,1,DOMINICA,3
2022,1,DOMINICAN REPUBLIC,2
2022,1,ECUADOR,2
2022,1,EGYPT,217
2022,1,EL SALVADOR,0
2022,1,EQUATORIAL GUINEA,0
2022,1,ERITREA,2
2022,1,ESTONIA,185
2022,1,ETHIOPIA,3
2022,1,FIJI,0
2022,1,FINLAND,271
2022,1,FRANCE,3616
2022,1,GABON,0
2022,1,GAMBIA,0
2022,1,GEORGIA,106
2022,1,GERMANY,5339
2022,1,GHANA,2
2022,1,GREECE,78
2022,1,GRENADA,0
2022,1,GUAM,0
2022,1,GUATEMALA,0
2022,1,GUINEA-BISSAU,0
2022,1,GUYANA,0
2022,1,HAITI,0
2022,1,HONDURAS,1
2022,1,HONG KONG,0
2022,1,HUNGARY,425
2022,1,ICELAND,21
2022,1,INDIA,11751
2022,1,INDONESIA,75
2022,1,IRAN,260
2022,1,IRAQ,72
2022,1,IRELAND,217
2022,1,ISRAEL,707
2022,1,ITALY,503
2022,1,JAMAICA,2
2022,1,JAPAN,92
2022,1,JORDAN,224
2022,1,KAZAKHSTAN,2041
2022,1,KENYA,19
2022,1,KOSOVAR,2
2022,1,KUWAIT,36
2022,1,KYRGYZSTAN,125
2022,1,LAOS,2
2022,1,LATVIA,192
2022,1,LEBANON,87
2022,1,LESOTHO,0
2022,1,LIBERIA,0
2022,1,LIBYA,0
2022,1,LIECHTENSTEIN,1
2022,1,LITHUANIA,352
2022,1,LUXEMBOURG,11
2022,1,MADAGASCAR,2
2022,1,MALAWI,0
2022,1,MALAYSIA,159
2022,1,MALDIVES,2401
2022,1,MALI,0
2022,1,MALTA,8
2022,1,MARSHALL ISLANDS,1
2022,1,MAURITANIA,0
2022,1,MAURITIUS,7
2022,1,MEXICO,21
2022,1,MICRONESIA,0
2022,1,MOLDOVA,79
2022,1,MONACO,1
2022,1,MONGOLIA,14
2022,1,MONTENEGRO,5
2022,1,MOROCCO,29
2022,1,MOZAMBIQUE,0
2022,1,MYANMAR,16
2022,1,NAMIBIA,2
2022,1,NEPAL,100
2022,1,NETHERLANDS,1141
2022,1,NEW ZEALAND,112
2022,1,NICARAGUA,0
2022,1,NIGER,0
2022,1,NIGERIA,5
2022,1,NORTH MACEDONIA,3
2022,1,NORWAY,521
2022,1,OMAN,101
2022,1,PAKISTAN,610
2022,1,PALESTINIAN TERRITORIES,20
2022,1,PANAMA,2
2022,1,PAPUA NEW GUINEA,0
2022,1,PARAGUAY,1
2022,1,PERU,11
2022,1,PHILIPPINES,109
2022,1,POLAND,3185
2022,1,PORTUGAL,157
2022,1,QATAR,4
2022,1,REPUBLIC OF THE CONGO,3
2022,1,REPUBLIC OF ZIMBABWE,6
2022,1,ROMANIA,528
2022,1,RUSSIA,13478
2022,1,RWANDA,3
2022,1,SAINT KITTS AND NEVIS,4
2022,1,SAINT LUCIA,0
2022,1,SAN MARINO,0
2022,1,SAUDI ARABIA,1167
2022,1,SENEGAL,1
2022,1,SERBIA,138
2022,1,SEYCHELLES,37
2022,1,SIERRA LEONE,0
2022,1,SINGAPORE,229
2022,1,SLOVAKIA,363
2022,1,SLOVENIA,68
2022,1,SOLOMON ISLANDS,0
2022,1,SOMALIA,1
2022,1,SOUTH AFRICA-ZUID AFRIKA,73
2022,1,SOUTH KOREA,104
2022,1,SOUTH SUDAN,0
2022,1,SPAIN,597
2022,1,SUDAN,147
2022,1,SURINAME,0
2022,1,SWAZILAND,1
2022,1,SWEDEN,683
2022,1,SWITZERLAND,1186
2022,1,SYRIAN ARAB,5
2022,1,TAIWAN,13
2022,1,TAJIKISTAN,28
2022,1,TANZANIA,3
2022,1,THAILAND,72
2022,1,TIMOR-LESTE,0
2022,1,TOGO,2
2022,1,TONGA,0
2022,1,TRINIDAD AND TOBAGO,1
2022,1,TUNISIA,30
2022,1,TURKEY,174
2022,1,TURKMENISTAN,2
2022,1,UGANDA,3
2022,1,UKRAINE,7774
2022,1,UNITED ARAB EMIRATES,64
2022,1,UNITED KINGDOM,7442
2022,1,UNITED STATES,1829
2022,1,URUGUAY,1
2022,1,UZBEKISTAN,85
2022,1,VANUATU,1
2022,1,VENEZUELA,4
2022,1,VIETNAM,17
2022,1,YEMEN,24
2022,1,ZAMBIA,1
2022,1,ZIMBABWE,19
2022,2,AFGHANISTAN,2
2022,2,ALBANIA,7
2022,2,ALGERIA,24
2022,2,ANDORRA,1
2022,2,ANGOLA,2
2022,2,ANTARCTICA,0
2022,2,ANTIGUA AND BARBUDA,0
2022,2,ARGENTINA,25
2022,2,ARMENIA,89
2022,2,AUSTRALIA,1688
2022,2,AUSTRIA,1054
2022,2,AZERBAIJAN,75
2022,2,BAHAMAS,0
2022,2,BAHRAIN,49
2022,2,BANGLADESH,259
2022,2,BARBADOS,3
2022,2,BELARUS,823
2022,2,BELGIUM,620
2022,2,BELIZE,0
2022,2,BENIN,0
2022,2,BHUTAN,11
2022,2,BOLIVIA,1
2022,2,BOSNIA AND HERZEGOVINA,27
2022,2,BOTSWANA,0
2022,2,BRAZIL,48
2022,2,BRUNEI,0
2022,2,BULGARIA,547
2022,2,BURKINA FASO,0
2022,2,CAMBODIA,22
2022,2,CAMEROON,1
2022,2,CANADA,1958
2022,2,CAPE VERDE,2
2022,2,CHAD,2
2022,2,CHILE,14
2022,2,CHINA,266
2022,2,COLOMBIA,28
2022,2,COMOROS,1
2022,2,COSTA RICA,11
2022,2,COTE D IVOIRE,0
2022,2,CROATIA,67
2022,2,CUBA,1
2022,2,CYPRUS,25
2022,2,CZECHIA,2055
2022,2,DENMARK,1217
2022,2,DJIBOUTI,1
2022,2,DOMINICA,4
2022,2,DOMINICAN REPUBLIC,0
2022,2,ECUADOR,4
2022,2,EGYPT,453
2022,2,EL SALVADOR,4
2022,2,EQUATORIAL GUINEA,0
2022,2,ERITREA,2
2022,2,ESTONIA,285
2022,2,ETHIOPIA,4
2022,2,FIJI,0
2022,2,FINLAND,298
2022,2,FRANCE,5699
2022,2,GABON,0
2022,2,GAMBIA,0
2022,2,GEORGIA,168
2022,2,GERMANY,7780
2022,2,GHANA,3
2022,2,GREECE,150
2022,2,GRENADA,0
2022,2,GUAM,2
2022,2,GUATEMALA,3
2022,2,GUINEA-BISSAU,0
2022,2,GUYANA,0
2022,2,HAITI,0
2022,2,HONDURAS,2
2022,2,HONG KONG,0
2022,2,HUNGARY,502
2022,2,ICELAND,22
2022,2,INDIA,12744
2022,2,INDONESIA,81
2022,2,IRAN,303
2022,2,IRAQ,171
2022,2,IRELAND,375
2022,2,ISRAEL,1587
2022,2,ITALY,553
2022,2,JAMAICA,0
2022,2,JAPAN,122
2022,2,JORDAN,230
2022,2,KAZAKHSTAN,2821
2022,2,KENYA,19
2022,2,KOSOVAR,0
2022,2,KUWAIT,204
2022,2,KYRGYZSTAN,109
2022,2,LAOS,9
2022,2,LATVIA,209
2022,2,LEBANON,153
2022,2,LESOTHO,0
2022,2,LIBERIA,1
2022,2,LIBYA,8
2022,2,LIECHTENSTEIN,1
2022,2,LITHUANIA,555
2022,2,LUXEMBOURG,33
2022,2,MADAGASCAR,3
2022,2,MALAWI,3
2022,2,MALAYSIA,147
2022,2,MALDIVES,1532
2022,2,MALI,0
2022,2,MALTA,15
2022,2,MARSHALL ISLANDS,0
2022,2,MAURITANIA,1
2022,2,MAURITIUS,14
2022,2,MEXICO,33
2022,2,MICRONESIA,0
2022,2,MOLDOVA,56
2022,2,MONACO,1
2022,2,MONGOLIA,22
2022,2,MONTENEGRO,13
2022,2,MOROCCO,61
2022,2,MOZAMBIQUE,2
2022,2,MYANMAR,23
2022,2,NAMIBIA,0
2022,2,NEPAL,97
2022,2,NETHERLANDS,1232
2022,2,NEW ZEALAND,131
2022,2,NICARAGUA,0
2022,2,NIGER,0
2022,2,NIGERIA,3
2022,2,NORTH MACEDONIA,29
2022,2,NORWAY,595
2022,2,OMAN,127
2022,2,PAKISTAN,691
2022,2,PALESTINIAN TERRITORIES,27
2022,2,PANAMA,1
2022,2,PAPUA NEW GUINEA,1
2022,2,PARAGUAY,2
2022,2,PERU,12
2022,2,PHILIPPINES,157
2022,2,POLAND,4315
2022,2,PORTUGAL,206
2022,2,QATAR,17
2022,2,REPUBLIC OF THE CONGO,1
2022,2,REPUBLIC OF ZIMBABWE,0
2022,2,ROMANIA,776
2022,2,RUSSIA,15340
2022,2,RWANDA,1
2022,2,SAINT KITTS AND NEVIS,8
2022,2,SAINT LUCIA,0
2022,2,SAN MARINO,0
2022,2,SAUDI ARABIA,861
2022,2,SENEGAL,0
2022,2,SERBIA,158
2022,2,SEYCHELLES,32
2022,2,SIERRA LEONE,0
2022,2,SINGAPORE,283
2022,2,SLOVAKIA,515
2022,2,SLOVENIA,116
2022,2,SOLOMON ISLANDS,0
2022,2,SOMALIA,2
2022,2,SOUTH AFRICA-ZUID AFRIKA,161
2022,2,SOUTH KOREA,117
2022,2,SOUTH SUDAN,0
2022,2,SPAIN,744
2022,2,SUDAN,151
2022,2,SURINAME,1
2022,2,SWAZILAND,2
2022,2,SWEDEN,818
2022,2,SWITZERLAND,1495
2022,2,SYRIAN ARAB,4
2022,2,TAIWAN,23
2022,2,TAJIKISTAN,36
2022,2,TANZANIA,2
2022,2,THAILAND,86
2022,2,TIMOR-LESTE,0
2022,2,TOGO,0
2022,2,TONGA,0
2022,2,TRINIDAD AND TOBAGO,1
2022,2,TUNISIA,36
2022,2,TURKEY,166
2022,2,TURKMENISTAN,4
2022,2,UGANDA,1
2022,2,UKRAINE,5288
2022,2,UNITED ARAB EMIRATES,53
2022,2,UNITED KINGDOM,10642
2022,2,UNITED STATES,1855
2022,2,URUGUAY,6
2022,2,UZBEKISTAN,382
2022,2,VANUATU,0
2022,2,VENEZUELA,2
2022,2,VIETNAM,40
2022,2,YEMEN,26
2022,2,ZAMBIA,1
2022,2,ZIMBABWE,3
2022,3,AFGHANISTAN,16
2022,3,ALBANIA,10
2022,3,ALGERIA,31
2022,3,ANDORRA,3
2022,3,ANGOLA,3
2022,3,ANTARCTICA,0
2022,3,ANTIGUA AND BARBUDA,3
2022,3,ARGENTINA,38
2022,3,ARMENIA,74
2022,3,AUSTRALIA,2359
2022,3,AUSTRIA,887
2022,3,AZERBAIJAN,366
2022,3,BAHAMAS,0
2022,3,BAHRAIN,80
2022,3,BANGLADESH,451
2022,3,BARBADOS,0
2022,3,BELARUS,515
2022,3,BELGIUM,761
2022,3,BELIZE,1
2022,3,BENIN,0
2022,3,BHUTAN,6
2022,3,BOLIVIA,3
2022,3,BOSNIA AND HERZEGOVINA,28
2022,3,BOTSWANA,0
2022,3,BRAZIL,87
2022,3,BRUNEI,0
2022,3,BULGARIA,396
2022,3,BURKINA FASO,0
2022,3,CAMBODIA,2
2022,3,CAMEROON,2
2022,3,CANADA,2989
2022,3,CAPE VERDE,1
2022,3,CHAD,0
2022,3,CHILE,30
2022,3,CHINA,358
2022,3,COLOMBIA,40
2022,3,COMOROS,2
2022,3,COSTA RICA,7
2022,3,COTE D IVOIRE,0
2022,3,CROATIA,73
2022,3,CUBA,4
2022,3,CYPRUS,48
2022,3,CZECHIA,1802
2022,3,DENMARK,1187
2022,3,DJIBOUTI,1
2022,3,DOMINICA,6
2022,3,DOMINICAN REPUBLIC,0
2022,3,ECUADOR,7
2022,3,EGYPT,445
2022,3,EL SALVADOR,3
2022,3,EQUATORIAL GUINEA,0
2022,3,ERITREA,1
2022,3,ESTONIA,210
2022,3,ETHIOPIA,5
2022,3,FIJI,6
2022,3,FINLAND,181
2022,3,FRANCE,5741
2022,3,GABON,1
2022,3,GAMBIA,0
2022,3,GEORGIA,67
2022,3,GERMANY,9561
2022,3,GHANA,0
2022,3,GREECE,102
2022,3,GRENADA,3
2022,3,GUAM,0
2022,3,GUATEMALA,2
2022,3,GUINEA-BISSAU,0
2022,3,GUYANA,4
2022,3,HAITI,0
2022,3,HONDURAS,0
2022,3,HONG KONG,0
2022,3,HUNGARY,508
2022,3,ICELAND,18
2022,3,INDIA,23216
2022,3,INDONESIA,112
2022,3,IRAN,2235
2022,3,IRAQ,236
2022,3,IRELAND,746
2022,3,ISRAEL,1007
2022,3,ITALY,730
2022,3,JAMAICA,4
2022,3,JAPAN,226
2022,3,JORDAN,363
2022,3,KAZAKHSTAN,2598
2022,3,KENYA,42
2022,3,KOSOVAR,3
2022,3,KUWAIT,131
2022,3,KYRGYZSTAN,82
2022,3,LAOS,4
2022,3,LATVIA,375
2022,3,LEBANON,200
2022,3,LESOTHO,0
2022,3,LIBERIA,1
2022,3,LIBYA,3
2022,3,LIECHTENSTEIN,5
2022,3,LITHUANIA,466
2022,3,LUXEMBOURG,24
2022,3,MADAGASCAR,4
2022,3,MALAWI,0
2022,3,MALAYSIA,317
2022,3,MALDIVES,1910
2022,3,MALI,1
2022,3,MALTA,12
2022,3,MARSHALL ISLANDS,0
2022,3,MAURITANIA,2
2022,3,MAURITIUS,9
2022,3,MEXICO,43
2022,3,MICRONESIA,0
2022,3,MOLDOVA,14
2022,3,MONACO,4
2022,3,MONGOLIA,0
2022,3,MONTENEGRO,12
2022,3,MOROCCO,90
2022,3,MOZAMBIQUE,1
2022,3,MYANMAR,19
2022,3,NAMIBIA,1
2022,3,NEPAL,186
2022,3,NETHERLANDS,1422
2022,3,NEW ZEALAND,246
2022,3,NICARAGUA,0
2022,3,NIGER,0
2022,3,NIGERIA,3
2022,3,NORTH MACEDONIA,16
2022,3,NORWAY,768
2022,3,OMAN,93
2022,3,PAKISTAN,1256
2022,3,PALESTINIAN TERRITORIES,55
2022,3,PANAMA,0
2022,3,PAPUA NEW GUINEA,2
2022,3,PARAGUAY,0
2022,3,PERU,13
2022,3,PHILIPPINES,256
2022,3,POLAND,3315
2022,3,PORTUGAL,341
2022,3,QATAR,53
2022,3,REPUBLIC OF THE CONGO,3
2022,3,REPUBLIC OF ZIMBABWE,1
2022,3,ROMANIA,517
2022,3,RUSSIA,8899
2022,3,RWANDA,0
2022,3,SAINT KITTS AND NEVIS,3
2022,3,SAINT LUCIA,0
2022,3,SAN MARINO,0
2022,3,SAUDI ARABIA,1397
2022,3,SENEGAL,0
2022,3,SERBIA,147
2022,3,SEYCHELLES,16
2022,3,SIERRA LEONE,2
2022,3,SINGAPORE,489
2022,3,SLOVAKIA,462
2022,3,SLOVENIA,54
2022,3,SOLOMON ISLANDS,0
2022,3,SOMALIA,4
2022,3,SOUTH AFRICA-ZUID AFRIKA,290
2022,3,SOUTH KOREA,200
2022,3,SOUTH SUDAN,0
2022,3,SPAIN,1112
2022,3,SUDAN,156
2022,3,SURINAME,0
2022,3,SWAZILAND,0
2022,3,SWEDEN,725
2022,3,SWITZERLAND,1243
2022,3,SYRIAN ARAB,1
2022,3,TAIWAN,35
2022,3,TAJIKISTAN,28
2022,3,TANZANIA,16
2022,3,THAILAND,156
2022,3,TIMOR-LESTE,0
2022,3,TOGO,0
2022,3,TONGA,1
2022,3,TRINIDAD AND TOBAGO,3
2022,3,TUNISIA,94
2022,3,TURKEY,290
2022,3,TURKMENISTAN,3
2022,3,UGANDA,8
2022,3,UKRAINE,401
2022,3,UNITED ARAB EMIRATES,240
2022,3,UNITED KINGDOM,12908
2022,3,UNITED STATES,3114
2022,3,URUGUAY,13
2022,3,UZBEKISTAN,563
2022,3,VANUATU,0
2022,3,VENEZUELA,8
2022,3,VIETNAM,46
2022,3,YEMEN,36
2022,3,ZAMBIA,1
2022,3,ZIMBABWE,7
2022,4,AFGHANISTAN,0
2022,4,ALBANIA,6
2022,4,ALGERIA,8
2022,4,ANDORRA,0
2022,4,ANGOLA,2
2022,4,ANTARCTICA,0
2022,4,ANTIGUA AND BARBUDA,1
2022,4,ARGENTINA,27
2022,4,ARMENIA,56
2022,4,AUSTRALIA,3508
2022,4,AUSTRIA,575
2022,4,AZERBAIJAN,29
2022,4,BAHAMAS,0
2022,4,BAHRAIN,22
2022,4,BANGLADESH,155
2022,4,BARBADOS,0
2022,4,BELARUS,129
2022,4,BELGIUM,846
2022,4,BELIZE,0
2022,4,BENIN,1
2022,4,BHUTAN,2
2022,4,BOLIVIA,8
2022,4,BOSNIA AND HERZEGOVINA,11
2022,4,BOTSWANA,1
2022,4,BRAZIL,135
2022,4,BRUNEI,0
2022,4,BULGARIA,146
2022,4,BURKINA FASO,0
2022,4,CAMBODIA,4
2022,4,CAMEROON,0
2022,4,CANADA,2083
2022,4,CAPE VERDE,1
2022,4,CHAD,0
2022,4,CHILE,12
2022,4,CHINA,261
2022,4,COLOMBIA,61
2022,4,COMOROS,1
2022,4,COSTA RICA,5
2022,4,COTE D IVOIRE,0
2022,4,CROATIA,23
2022,4,CUBA,7
2022,4,CYPRUS,54
2022,4,CZECHIA,686
2022,4,DENMARK,1307
2022,4,DJIBOUTI,1
2022,4,DOMINICA,4
2022,4,DOMINICAN REPUBLIC,3
2022,4,ECUADOR,4
2022,4,EGYPT,170
2022,4,EL SALVADOR,3
2022,4,EQUATORIAL GUINEA,0
2022,4,ERITREA,0
2022,4,ESTONIA,64
2022,4,ETHIOPIA,3
2022,4,FIJI,0
2022,4,FINLAND,169
2022,4,FRANCE,4035
2022,4,GABON,1
2022,4,GAMBIA,1
2022,4,GEORGIA,28
2022,4,GERMANY,6088
2022,4,GHANA,0
2022,4,GREECE,145
2022,4,GRENADA,0
2022,4,GUAM,0
2022,4,GUATEMALA,8
2022,4,GUINEA-BISSAU,0
2022,4,GUYANA,2
2022,4,HAITI,1
2022,4,HONDURAS,0
2022,4,HONG KONG,0
2022,4,HUNGARY,217
2022,4,ICELAND,21
2022,4,INDIA,8678
2022,4,INDONESIA,56
2022,4,IRAN,227
2022,4,IRAQ,71
2022,4,IRELAND,603
2022,4,ISRAEL,1228
2022,4,ITALY,584
2022,4,JAMAICA,2
2022,4,JAPAN,249
2022,4,JORDAN,135
2022,4,KAZAKHSTAN,122
2022,4,KENYA,20
2022,4,KOSOVAR,3
2022,4,KUWAIT,49
2022,4,KYRGYZSTAN,22
2022,4,LAOS,0
2022,4,LATVIA,67
2022,4,LEBANON,305
2022,4,LESOTHO,0
2022,4,LIBERIA,0
2022,4,LIBYA,0
2022,4,LIECHTENSTEIN,5
2022,4,LITHUANIA,146
2022,4,LUXEMBOURG,63
2022,4,MADAGASCAR,6
2022,4,MALAWI,0
2022,4,MALAYSIA,244
2022,4,MALDIVES,567
2022,4,MALI,0
2022,4,MALTA,34
2022,4,MARSHALL ISLANDS,1
2022,4,MAURITANIA,0
2022,4,MAURITIUS,12
2022,4,MEXICO,35
2022,4,MICRONESIA,0
2022,4,MOLDOVA,7
2022,4,MONACO,3
2022,4,MONGOLIA,1
2022,4,MONTENEGRO,9
2022,4,MOROCCO,23
2022,4,MOZAMBIQUE,0
2022,4,MYANMAR,42
2022,4,NAMIBIA,10
2022,4,NEPAL,94
2022,4,NETHERLANDS,1575
2022,4,NEW ZEALAND,329
2022,4,NICARAGUA,0
2022,4,NIGER,0
2022,4,NIGERIA,5
2022,4,NORTH MACEDONIA,7
2022,4,NORWAY,587
2022,4,OMAN,18
2022,4,PAKISTAN,138
2022,4,PALESTINIAN TERRITORIES,13
2022,4,PANAMA,0
2022,4,PAPUA NEW GUINEA,1
2022,4,PARAGUAY,3
2022,4,PERU,9
2022,4,PHILIPPINES,246
2022,4,POLAND,1391
2022,4,PORTUGAL,295
2022,4,QATAR,5
2022,4,REPUBLIC OF THE CONGO,1
2022,4,REPUBLIC OF ZIMBABWE,0
2022,4,ROMANIA,475
2022,4,RUSSIA,3874
2022,4,RWANDA,2
2022,4,SAINT KITTS AND NEVIS,3
2022,4,SAINT LUCIA,1
2022,4,SAN MARINO,0
2022,4,SAUDI ARABIA,225
2022,4,SENEGAL,0
2022,4,SERBIA,95
2022,4,SEYCHELLES,30
2022,4,SIERRA LEONE,2
2022,4,SINGAPORE,289
2022,4,SLOVAKIA,287
2022,4,SLOVENIA,106
2022,4,SOLOMON ISLANDS,0
2022,4,SOMALIA,1
2022,4,SOUTH AFRICA-ZUID AFRIKA,257
2022,4,SOUTH KOREA,151
2022,4,SOUTH SUDAN,0
2022,4,SPAIN,1447
2022,4,SUDAN,15
2022,4,SURINAME,2
2022,4,SWAZILAND,0
2022,4,SWEDEN,464
2022,4,SWITZERLAND,1647
2022,4,SYRIAN ARAB,1
2022,4,TAIWAN,16
2022,4,TAJIKISTAN,0
2022,4,TANZANIA,6
2022,4,THAILAND,123
2022,4,TIMOR-LESTE,0
2022,4,TOGO,1
2022,4,TONGA,0
2022,4,TRINIDAD AND TOBAGO,3
2022,4,TUNISIA,28
2022,4,TURKEY,176
2022,4,TURKMENISTAN,2
2022,4,UGANDA,6
2022,4,UKRAINE,158
2022,4,UNITED ARAB EMIRATES,51
2022,4,UNITED KINGDOM,11539
2022,4,UNITED STATES,1872
2022,4,URUGUAY,10
2022,4,UZBEKISTAN,32
2022,4,VANUATU,0
2022,4,VENEZUELA,4
2022,4,VIETNAM,83
2022,4,YEMEN,3
2022,4,ZAMBIA,0
2022,4,ZIMBABWE,6
2022,5,AFGHANISTAN,1
2022,5,ALBANIA,7
2022,5,ALGERIA,15
2022,5,ANDORRA,2
2022,5,ANGOLA,0
2022,5,ANTARCTICA,0
2022,5,ANTIGUA AND BARBUDA,2
2022,5,ARGENTINA,14
2022,5,ARMENIA,26
2022,5,AUSTRALIA,1660
2022,5,AUSTRIA,189
2022,5,AZERBAIJAN,21
2022,5,BAHAMAS,0
2022,5,BAHRAIN,51
2022,5,BANGLADESH,249
2022,5,BARBADOS,1
2022,5,BELARUS,68
2022,5,BELGIUM,212
2022,5,BELIZE,0
2022,5,BENIN,0
2022,5,BHUTAN,1
2022,5,BOLIVIA,2
2022,5,BOSNIA AND HERZEGOVINA,5
2022,5,BOTSWANA,2
2022,5,BRAZIL,42
2022,5,BRUNEI,1
2022,5,BULGARIA,15
2022,5,BURKINA FASO,0
2022,5,CAMBODIA,6
2022,5,CAMEROON,0
2022,5,CANADA,2013
2022,5,CAPE VERDE,0
2022,5,CHAD,1
2022,5,CHILE,16
2022,5,CHINA,242
2022,5,COLOMBIA,37
2022,5,COMOROS,2
2022,5,COSTA RICA,1
2022,5,COTE D IVOIRE,0
2022,5,CROATIA,8
2022,5,CUBA,1
2022,5,CYPRUS,11
2022,5,CZECHIA,83
2022,5,DENMARK,295
2022,5,DJIBOUTI,3
2022,5,DOMINICA,0
2022,5,DOMINICAN REPUBLIC,0
2022,5,ECUADOR,6
2022,5,EGYPT,211
2022,5,EL SALVADOR,0
2022,5,EQUATORIAL GUINEA,2
2022,5,ERITREA,3
2022,5,ESTONIA,12
2022,5,ETHIOPIA,11
2022,5,FIJI,1
2022,5,FINLAND,45
2022,5,FRANCE,1076
2022,5,GABON,0
2022,5,GAMBIA,0
2022,5,GEORGIA,64
2022,5,GERMANY,2208
2022,5,GHANA,1
2022,5,GREECE,25
2022,5,GRENADA,0
2022,5,GUAM,0
2022,5,GUATEMALA,0
2022,5,GUINEA-BISSAU,0
2022,5,GUYANA,0
2022,5,HAITI,0
2022,5,HONDURAS,0
2022,5,HONG KONG,0
2022,5,HUNGARY,33
2022,5,ICELAND,4
2022,5,INDIA,5562
2022,5,INDONESIA,72
2022,5,IRAN,102
2022,5,IRAQ,120
2022,5,IRELAND,191
2022,5,ISRAEL,150
2022,5,ITALY,329
2022,5,JAMAICA,0
2022,5,JAPAN,158
2022,5,JORDAN,207
2022,5,KAZAKHSTAN,28
2022,5,KENYA,12
2022,5,KOSOVAR,0
2022,5,KUWAIT,118
2022,5,KYRGYZSTAN,21
2022,5,LAOS,0
2022,5,LATVIA,11
2022,5,LEBANON,123
2022,5,LESOTHO,2
2022,5,LIBERIA,1
2022,5,LIBYA,0
2022,5,LIECHTENSTEIN,3
2022,5,LITHUANIA,50
2022,5,LUXEMBOURG,6
2022,5,MADAGASCAR,2
2022,5,MALAWI,1
2022,5,MALAYSIA,153
2022,5,MALDIVES,849
2022,5,MALI,0
2022,5,MALTA,10
2022,5,MARSHALL ISLANDS,0
2022,5,MAURITANIA,0
2022,5,MAURITIUS,7
2022,5,MEXICO,18
2022,5,MICRONESIA,0
2022,5,MOLDOVA,6
2022,5,MONACO,0
2022,5,MONGOLIA,1
2022,5,MONTENEGRO,2
2022,5,MOROCCO,44
2022,5,MOZAMBIQUE,2
2022,5,MYANMAR,16
2022,5,NAMIBIA,3
2022,5,NEPAL,39
2022,5,NETHERLANDS,483
2022,5,NEW ZEALAND,181
2022,5,NICARAGUA,0
2022,5,NIGER,1
2022,5,NIGERIA,0
2022,5,NORTH MACEDONIA,1
2022,5,NORWAY,192
2022,5,OMAN,47
2022,5,PAKISTAN,214
2022,5,PALESTINIAN TERRITORIES,29
2022,5,PANAMA,1
2022,5,PAPUA NEW GUINEA,0
2022,5,PARAGUAY,0
2022,5,PERU,10
2022,5,PHILIPPINES,160
2022,5,POLAND,203
2022,5,PORTUGAL,64
2022,5,QATAR,55
2022,5,REPUBLIC OF THE CONGO,0
2022,5,REPUBLIC OF ZIMBABWE,1
2022,5,ROMANIA,50
2022,5,RUSSIA,3202
2022,5,RWANDA,0
2022,5,SAINT KITTS AND NEVIS,6
2022,5,SAINT LUCIA,0
2022,5,SAN MARINO,0
2022,5,SAUDI ARABIA,365
2022,5,SENEGAL,1
2022,5,SERBIA,7
2022,5,SEYCHELLES,14
2022,5,SIERRA LEONE,1
2022,5,SINGAPORE,209
2022,5,SLOVAKIA,66
2022,5,SLOVENIA,3
2022,5,SOLOMON ISLANDS,0
2022,5,SOMALIA,1
2022,5,SOUTH AFRICA-ZUID AFRIKA,64
2022,5,SOUTH KOREA,63
2022,5,SOUTH SUDAN,0
2022,5,SPAIN,692
2022,5,SUDAN,63
2022,5,SURINAME,0
2022,5,SWAZILAND,0
2022,5,SWEDEN,104
2022,5,SWITZERLAND,570
2022,5,SYRIAN ARAB,0
2022,5,TAIWAN,11
2022,5,TAJIKISTAN,2
2022,5,TANZANIA,1
2022,5,THAILAND,84
2022,5,TIMOR-LESTE,0
2022,5,TOGO,1
2022,5,TONGA,0
2022,5,TRINIDAD AND TOBAGO,1
2022,5,TUNISIA,38
2022,5,TURKEY,66
2022,5,TURKMENISTAN,2
2022,5,UGANDA,3
2022,5,UKRAINE,84
2022,5,UNITED ARAB EMIRATES,191
2022,5,UNITED KINGDOM,3723
2022,5,UNITED STATES,1368
2022,5,URUGUAY,1
2022,5,UZBEKISTAN,15
2022,5,VANUATU,0
2022,5,VENEZUELA,1
2022,5,VIETNAM,34
2022,5,YEMEN,17
2022,5,ZAMBIA,2
2022,5,ZIMBABWE,13
2022,6,AFGHANISTAN,0
2022,6,ALBANIA,8
2022,6,ALGERIA,9
2022,6,ANDORRA,1
2022,6,ANGOLA,0
2022,6,ANTARCTICA,0
2022,6,ANTIGUA AND BARBUDA,1
2022,6,ARGENTINA,7
2022,6,ARMENIA,14
2022,6,AUSTRALIA,2511
2022,6,AUSTRIA,109
2022,6,AZERBAIJAN,9
2022,6,BAHAMAS,1
2022,6,BAHRAIN,42
2022,6,BANGLADESH,129
2022,6,BARBADOS,0
2022,6,BELARUS,34
2022,6,BELGIUM,259
2022,6,BELIZE,0
2022,6,BENIN,0
2022,6,BHUTAN,3
2022,6,BOLIVIA,2
2022,6,BOSNIA AND HERZEGOVINA,1
2022,6,BOTSWANA,0
2022,6,BRAZIL,27
2022,6,BRUNEI,0
2022,6,BULGARIA,13
2022,6,BURKINA FASO,0
2022,6,CAMBODIA,2
2022,6,CAMEROON,0
2022,6,CANADA,2308
2022,6,CAPE VERDE,0
2022,6,CHAD,0
2022,6,CHILE,5
2022,6,CHINA,231
2022,6,COLOMBIA,12
2022,6,COMOROS,2
2022,6,COSTA RICA,1
2022,6,COTE D IVOIRE,0
2022,6,CROATIA,8
2022,6,CUBA,1
2022,6,CYPRUS,17
2022,6,CZECHIA,151
2022,6,DENMARK,275
2022,6,DJIBOUTI,0
2022,6,DOMINICA,0
2022,6,DOMINICAN REPUBLIC,0
2022,6,ECUADOR,12
2022,6,EGYPT,84
2022,6,EL SALVADOR,3
2022,6,EQUATORIAL GUINEA,1
2022,6,ERITREA,0
2022,6,ESTONIA,5
2022,6,ETHIOPIA,6
2022,6,FIJI,1
2022,6,FINLAND,95
2022,6,FRANCE,1717
2022,6,GABON,0
2022,6,GAMBIA,0
2022,6,GEORGIA,61
2022,6,GERMANY,2466
2022,6,GHANA,1
2022,6,GREECE,16
2022,6,GRENADA,3
2022,6,GUAM,0
2022,6,GUATEMALA,0
2022,6,GUINEA-BISSAU,0
2022,6,GUYANA,0
2022,6,HAITI,0
2022,6,HONDURAS,0
2022,6,HONG KONG,0
2022,6,HUNGARY,47
2022,6,ICELAND,23
2022,6,INDIA,6810
2022,6,INDONESIA,45
2022,6,IRAN,79
2022,6,IRAQ,40
2022,6,IRELAND,137
2022,6,ISRAEL,212
2022,6,ITALY,506
2022,6,JAMAICA,1
2022,6,JAPAN,148
2022,6,JORDAN,79
2022,6,KAZAKHSTAN,22
2022,6,KENYA,12
2022,6,KOSOVAR,1
2022,6,KUWAIT,45
2022,6,KYRGYZSTAN,0
2022,6,LAOS,1
2022,6,LATVIA,12
2022,6,LEBANON,71
2022,6,LESOTHO,1
2022,6,LIBERIA,0
2022,6,LIBYA,0
2022,6,LIECHTENSTEIN,0
2022,6,LITHUANIA,32
2022,6,LUXEMBOURG,5
2022,6,MADAGASCAR,9
2022,6,MALAWI,5
2022,6,MALAYSIA,161
2022,6,MALDIVES,1130
2022,6,MALI,0
2022,6,MALTA,20
2022,6,MARSHALL ISLANDS,0
2022,6,MAURITANIA,0
2022,6,MAURITIUS,2
2022,6,MEXICO,12
2022,6,MICRONESIA,0
2022,6,MOLDOVA,2
2022,6,MONACO,0
2022,6,MONGOLIA,1
2022,6,MONTENEGRO,1
2022,6,MOROCCO,20
2022,6,MOZAMBIQUE,1
2022,6,MYANMAR,11
2022,6,NAMIBIA,0
2022,6,NEPAL,30
2022,6,NETHERLANDS,423
2022,6,NEW ZEALAND,153
2022,6,NICARAGUA,1
2022,6,NIGER,0
2022,6,NIGERIA,0
2022,6,NORTH MACEDONIA,0
2022,6,NORWAY,1021
2022,6,OMAN,35
2022,6,PAKISTAN,279
2022,6,PALESTINIAN TERRITORIES,21
2022,6,PANAMA,2
2022,6,PAPUA NEW GUINEA,1
2022,6,PARAGUAY,0
2022,6,PERU,1
2022,6,PHILIPPINES,97
2022,6,POLAND,320
2022,6,PORTUGAL,128
2022,6,QATAR,9
2022,6,REPUBLIC OF THE CONGO,0
2022,6,REPUBLIC OF ZIMBABWE,0
2022,6,ROMANIA,46
2022,6,RUSSIA,1610
2022,6,RWANDA,0
2022,6,SAINT KITTS AND NEVIS,2
2022,6,SAINT LUCIA,0
2022,6,SAN MARINO,0
2022,6,SAUDI ARABIA,281
2022,6,SENEGAL,3
2022,6,SERBIA,6
2022,6,SEYCHELLES,9
2022,6,SIERRA LEONE,0
2022,6,SINGAPORE,222
2022,6,SLOVAKIA,47
2022,6,SLOVENIA,24
2022,6,SOLOMON ISLANDS,0
2022,6,SOMALIA,0
2022,6,SOUTH AFRICA-ZUID AFRIKA,76
2022,6,SOUTH KOREA,102
2022,6,SOUTH SUDAN,0
2022,6,SPAIN,1027
2022,6,SUDAN,21
2022,6,SURINAME,0
2022,6,SWAZILAND,0
2022,6,SWEDEN,304
2022,6,SWITZERLAND,665
2022,6,SYRIAN ARAB,1
2022,6,TAIWAN,50
2022,6,TAJIKISTAN,7
2022,6,TANZANIA,3
2022,6,THAILAND,131
2022,6,TIMOR-LESTE,0
2022,6,TOGO,0
2022,6,TONGA,0
2022,6,TRINIDAD AND TOBAGO,0
2022,6,TUNISIA,19
2022,6,TURKEY,57
2022,6,TURKMENISTAN,0
2022,6,UGANDA,9
2022,6,UKRAINE,77
2022,6,UNITED ARAB EMIRATES,69
2022,6,UNITED KINGDOM,3368
2022,6,UNITED STATES,1647
2022,6,URUGUAY,1
2022,6,UZBEKISTAN,21
2022,6,VANUATU,1
2022,6,VENEZUELA,1
2022,6,VIETNAM,43
2022,6,YEMEN,13
2022,6,ZAMBIA,1
2022,6,ZIMBABWE,3
2022,7,AFGHANISTAN,2
2022,7,ALBANIA,4
2022,7,ALGERIA,10
2022,7,ANDORRA,2
2022,7,ANGOLA,1
2022,7,ANTARCTICA,0
2022,7,ANTIGUA AND BARBUDA,1
2022,7,ARGENTINA,8
2022,7,ARMENIA,25
2022,7,AUSTRALIA,1974
2022,7,AUSTRIA,299
2022,7,AZERBAIJAN,11
2022,7,BAHAMAS,0
2022,7,BAHRAIN,36
2022,7,BANGLADESH,176
2022,7,BARBADOS,0
2022,7,BELARUS,35
2022,7,BELGIUM,1115
2022,7,BELIZE,0
2022,7,BENIN,0
2022,7,BHUTAN,3
2022,7,BOLIVIA,0
2022,7,BOSNIA AND HERZEGOVINA,0
2022,7,BOTSWANA,3
2022,7,BRAZIL,34
2022,7,BRUNEI,0
2022,7,BULGARIA,13
2022,7,BURKINA FASO,0
2022,7,CAMBODIA,14
2022,7,CAMEROON,0
2022,7,CANADA,3458
2022,7,CAPE VERDE,0
2022,7,CHAD,0
2022,7,CHILE,7
2022,7,CHINA,266
2022,7,COLOMBIA,8
2022,7,COMOROS,0
2022,7,COSTA RICA,0
2022,7,COTE D IVOIRE,1
2022,7,CROATIA,13
2022,7,CUBA,2
2022,7,CYPRUS,19
2022,7,CZECHIA,217
2022,7,DENMARK,457
2022,7,DJIBOUTI,0
2022,7,DOMINICA,2
2022,7,DOMINICAN REPUBLIC,0
2022,7,ECUADOR,1
2022,7,EGYPT,136
2022,7,EL SALVADOR,1
2022,7,EQUATORIAL GUINEA,0
2022,7,ERITREA,0
2022,7,ESTONIA,8
2022,7,ETHIOPIA,3
2022,7,FIJI,3
2022,7,FINLAND,59
2022,7,FRANCE,3567
2022,7,GABON,0
2022,7,GAMBIA,0
2022,7,GEORGIA,24
2022,7,GERMANY,3666
2022,7,GHANA,3
2022,7,GREECE,40
2022,7,GRENADA,2
2022,7,GUAM,0
2022,7,GUINEA-BISSAU,0
2022,7,GUYANA,0
2022,7,HAITI,0
2022,7,HONDURAS,1
2022,7,HONG KONG,0
2022,7,HUNGARY,42
2022,7,ICELAND,11
2022,7,INDIA,6031
2022,7,INDONESIA,30
2022,7,IRAN,35
2022,7,IRAQ,98
2022,7,IRELAND,172
2022,7,ISRAEL,404
2022,7,ITALY,650
2022,7,JAMAICA,0
2022,7,JAPAN,169
2022,7,JORDAN,242
2022,7,KAZAKHSTAN,12
2022,7,KENYA,5
2022,7,KOSOVAR,1
2022,7,KUWAIT,78
2022,7,KYRGYZSTAN,1
2022,7,LAOS,0
2022,7,LATVIA,12
2022,7,LEBANON,108
2022,7,LESOTHO,0
2022,7,LIBERIA,1
2022,7,LIBYA,2
2022,7,LIECHTENSTEIN,1
2022,7,LITHUANIA,52
2022,7,LUXEMBOURG,16
2022,7,MADAGASCAR,4
2022,7,MALAWI,0
2022,7,MALAYSIA,123
2022,7,MALDIVES,1207
2022,7,MALI,0
2022,7,MALTA,5
2022,7,MARSHALL ISLANDS,0
2022,7,MAURITANIA,1
2022,7,MAURITIUS,7
2022,7,MEXICO,18
2022,7,MICRONESIA,0
2022,7,MOLDOVA,1
2022,7,MONACO,0
2022,7,MONGOLIA,4
2022,7,MONTENEGRO,3
2022,7,MOROCCO,19
2022,7,MOZAMBIQUE,0
2022,7,MYANMAR,16
2022,7,NAMIBIA,2
2022,7,NEPAL,25
2022,7,NETHERLANDS,2053
2022,7,NEW ZEALAND,239
2022,7,NICARAGUA,1
2022,7,NIGER,1
2022,7,NIGERIA,1
2022,7,NORTH MACEDONIA,0
2022,7,NORWAY,757
2022,7,OMAN,75
2022,7,PAKISTAN,241
2022,7,PALESTINIAN TERRITORIES,28
2022,7,PANAMA,4
2022,7,PAPUA NEW GUINEA,2
2022,7,PARAGUAY,0
2022,7,PERU,3
2022,7,PHILIPPINES,149
2022,7,POLAND,344
2022,7,PORTUGAL,86
2022,7,QATAR,38
2022,7,REPUBLIC OF THE CONGO,2
2022,7,REPUBLIC OF ZIMBABWE,0
2022,7,ROMANIA,64
2022,7,RUSSIA,1918
2022,7,RWANDA,0
2022,7,SAINT KITTS AND NEVIS,3
2022,7,SAINT LUCIA,3
2022,7,SAN MARINO,0
2022,7,SAUDI ARABIA,311
2022,7,SENEGAL,0
2022,7,SERBIA,9
2022,7,SEYCHELLES,20
2022,7,SIERRA LEONE,1
2022,7,SINGAPORE,156
2022,7,SLOVAKIA,112
2022,7,SLOVENIA,80
2022,7,SOLOMON ISLANDS,1
2022,7,SOMALIA,0
2022,7,SOUTH AFRICA-ZUID AFRIKA,55
2022,7,SOUTH KOREA,87
2022,7,SOUTH SUDAN,1
2022,7,SPAIN,1499
2022,7,SUDAN,65
2022,7,SURINAME,0
2022,7,SWAZILAND,0
2022,7,SWEDEN,209
2022,7,SWITZERLAND,2207
2022,7,SYRIAN ARAB,0
2022,7,TAIWAN,16
2022,7,TAJIKISTAN,1
2022,7,TANZANIA,3
2022,7,THAILAND,84
2022,7,TIMOR-LESTE,0
2022,7,TOGO,0
2022,7,TONGA,0
2022,7,TRINIDAD AND TOBAGO,0
2022,7,TUNISIA,11
2022,7,TURKEY,57
2022,7,TURKMENISTAN,3
2022,7,UGANDA,3
2022,7,UKRAINE,58
2022,7,UNITED ARAB EMIRATES,112
2022,7,UNITED KINGDOM,9257
2022,7,UNITED STATES,1469
2022,7,URUGUAY,1
2022,7,UZBEKISTAN,13
2022,7,VANUATU,0
2022,7,VENEZUELA,2
2022,7,VIETNAM,22
2022,7,YEMEN,13
2022,7,ZAMBIA,0
2022,7,ZIMBABWE,5
2022,8,AFGHANISTAN,0
2022,8,ALBANIA,2
2022,8,ALGERIA,9
2022,8,ANDORRA,13
2022,8,ANGOLA,0
2022,8,ANTARCTICA,0
2022,8,ANTIGUA AND BARBUDA,2
2022,8,ARGENTINA,4
2022,8,ARMENIA,15
2022,8,AUSTRALIA,1898
2022,8,AUSTRIA,206
2022,8,AZERBAIJAN,37
2022,8,BAHAMAS,0
2022,8,BAHRAIN,22
2022,8,BANGLADESH,168
2022,8,BARBADOS,0
2022,8,BELARUS,46
2022,8,BELGIUM,475
2022,8,BELIZE,0
2022,8,BENIN,0
2022,8,BHUTAN,30
2022,8,BOLIVIA,2
2022,8,BOSNIA AND HERZEGOVINA,4
2022,8,BOTSWANA,0
2022,8,BRAZIL,32
2022,8,BRUNEI,6
2022,8,BULGARIA,25
2022,8,BURKINA FASO,0
2022,8,CAMBODIA,3
2022,8,CAMEROON,2
2022,8,CANADA,2581
2022,8,CAPE VERDE,0
2022,8,CHAD,1
2022,8,CHILE,4
2022,8,CHINA,534
2022,8,COLOMBIA,20
2022,8,COMOROS,0
2022,8,COSTA RICA,2
2022,8,COTE D IVOIRE,0
2022,8,CROATIA,8
2022,8,CUBA,0
2022,8,CYPRUS,73
2022,8,CZECHIA,95
2022,8,DENMARK,235
2022,8,DJIBOUTI,0
2022,8,DOMINICA,3
2022,8,DOMINICAN REPUBLIC,0
2022,8,ECUADOR,3
2022,8,EGYPT,41
2022,8,EL SALVADOR,3
2022,8,EQUATORIAL GUINEA,0
2022,8,ERITREA,1
2022,8,ESTONIA,2
2022,8,ETHIOPIA,0
2022,8,FIJI,3
2022,8,FINLAND,40
2022,8,FRANCE,2784
2022,8,GABON,0
2022,8,GAMBIA,0
2022,8,GEORGIA,70
2022,8,GERMANY,3251
2022,8,GHANA,2
2022,8,GREECE,49
2022,8,GRENADA,1
2022,8,GUAM,0
2022,8,GUATEMALA,0
2022,8,GUINEA-BISSAU,0
2022,8,GUYANA,1
2022,8,HAITI,0
2022,8,HONDURAS,0
2022,8,HONG KONG,0
2022,8,HUNGARY,17
2022,8,ICELAND,1
2022,8,INDIA,5340
2022,8,INDONESIA,36
2022,8,IRAN,88
2022,8,IRAQ,59
2022,8,IRELAND,80
2022,8,ISRAEL,643
2022,8,ITALY,937
2022,8,JAMAICA,1
2022,8,JAPAN,294
2022,8,JORDAN,154
2022,8,KAZAKHSTAN,13
2022,8,KENYA,9
2022,8,KOSOVAR,0
2022,8,KUWAIT,53
2022,8,KYRGYZSTAN,9
2022,8,LAOS,3
2022,8,LATVIA,6
2022,8,LEBANON,58
2022,8,LESOTHO,0
2022,8,LIBERIA,0
2022,8,LIBYA,0
2022,8,LIECHTENSTEIN,0
2022,8,LITHUANIA,29
2022,8,LUXEMBOURG,18
2022,8,MADAGASCAR,8
2022,8,MALAWI,0
2022,8,MALAYSIA,135
2022,8,MALDIVES,957
2022,8,MALI,0
2022,8,MALTA,15
2022,8,MARSHALL ISLANDS,0
2022,8,MAURITANIA,0
2022,8,MAURITIUS,3
2022,8,MEXICO,15
2022,8,MICRONESIA,0
2022,8,MOLDOVA,1
2022,8,MONACO,0
2022,8,MONGOLIA,1
2022,8,MONTENEGRO,1
2022,8,MOROCCO,28
2022,8,MOZAMBIQUE,0
2022,8,MYANMAR,10
2022,8,NAMIBIA,0
2022,8,NEPAL,50
2022,8,NETHERLANDS,1021
2022,8,NEW ZEALAND,166
2022,8,NICARAGUA,0
2022,8,NIGER,0
2022,8,NIGERIA,1
2022,8,NORTH MACEDONIA,0
2022,8,NORWAY,295
2022,8,OMAN,55
2022,8,PAKISTAN,286
2022,8,PALESTINIAN TERRITORIES,20
2022,8,PANAMA,1
2022,8,PAPUA NEW GUINEA,1
2022,8,PARAGUAY,1
2022,8,PERU,5
2022,8,PHILIPPINES,125
2022,8,POLAND,261
2022,8,PORTUGAL,113
2022,8,QATAR,9
2022,8,REPUBLIC OF THE CONGO,0
2022,8,REPUBLIC OF ZIMBABWE,1
2022,8,ROMANIA,117
2022,8,RUSSIA,1426
2022,8,RWANDA,0
2022,8,SAINT KITTS AND NEVIS,1
2022,8,SAINT LUCIA,2
2022,8,SAN MARINO,0
2022,8,SAUDI ARABIA,220
2022,8,SENEGAL,1
2022,8,SERBIA,13
2022,8,SEYCHELLES,29
2022,8,SIERRA LEONE,1
2022,8,SINGAPORE,182
2022,8,SLOVAKIA,50
2022,8,SLOVENIA,9
2022,8,SOLOMON ISLANDS,0
2022,8,SOMALIA,0
2022,8,SOUTH AFRICA-ZUID AFRIKA,51
2022,8,SOUTH KOREA,111
2022,8,SOUTH SUDAN,0
2022,8,SPAIN,2148
2022,8,SUDAN,21
2022,8,SURINAME,1
2022,8,SWAZILAND,0
2022,8,SWEDEN,124
2022,8,SWITZERLAND,695
2022,8,SYRIAN ARAB,1
2022,8,TAIWAN,17
2022,8,TAJIKISTAN,3
2022,8,TANZANIA,2
2022,8,THAILAND,97
2022,8,TIMOR-LESTE,0
2022,8,TOGO,0
2022,8,TONGA,0
2022,8,TRINIDAD AND TOBAGO,1
2022,8,TUNISIA,11
2022,8,TURKEY,42
2022,8,TURKMENISTAN,0
2022,8,UGANDA,2
2022,8,UKRAINE,68
2022,8,UNITED ARAB EMIRATES,110
2022,8,UNITED KINGDOM,6776
2022,8,UNITED STATES,1105
2022,8,URUGUAY,2
2022,8,UZBEKISTAN,12
2022,8,VANUATU,1
2022,8,VENEZUELA,0
2022,8,VIETNAM,46
2022,8,YEMEN,21
2022,8,ZAMBIA,0
2022,8,ZIMBABWE,0
2022,9,AFGHANISTAN,0
2022,9,ALBANIA,2
2022,9,ALGERIA,10
2022,9,ANDORRA,0
2022,9,ANGOLA,3
2022,9,ANTARCTICA,0
2022,9,ANTIGUA AND BARBUDA,0
2022,9,ARGENTINA,4
2022,9,ARMENIA,37
2022,9,AUSTRALIA,2309
2022,9,AUSTRIA,152
2022,9,AZERBAIJAN,9
2022,9,BAHAMAS,0
2022,9,BAHRAIN,14
2022,9,BANGLADESH,338
2022,9,BARBADOS,1
2022,9,BELARUS,54
2022,9,BELGIUM,316
2022,9,BELIZE,0
2022,9,BENIN,0
2022,9,BHUTAN,8
2022,9,BOLIVIA,3
2022,9,BOSNIA AND HERZEGOVINA,0
2022,9,BOTSWANA,0
2022,9,BRAZIL,40
2022,9,BRUNEI,2
2022,9,BULGARIA,22
2022,9,BURKINA FASO,0
2022,9,CAMBODIA,8
2022,9,CAMEROON,0
2022,9,CANADA,1552
2022,9,CAPE VERDE,0
2022,9,CHAD,0
2022,9,CHILE,7
2022,9,CHINA,637
2022,9,COLOMBIA,11
2022,9,COMOROS,1
2022,9,COSTA RICA,0
2022,9,COTE D IVOIRE,0
2022,9,CROATIA,8
2022,9,CUBA,0
2022,9,CYPRUS,19
2022,9,CZECHIA,53
2022,9,DENMARK,164
2022,9,DJIBOUTI,0
2022,9,DOMINICA,0
2022,9,DOMINICAN REPUBLIC,0
2022,9,ECUADOR,5
2022,9,EGYPT,53
2022,9,EL SALVADOR,1
2022,9,EQUATORIAL GUINEA,0
2022,9,ERITREA,0
2022,9,ESTONIA,10
2022,9,ETHIOPIA,2
2022,9,FIJI,8
2022,9,FINLAND,28
2022,9,FRANCE,1201
2022,9,GABON,0
2022,9,GAMBIA,0
2022,9,GEORGIA,28
2022,9,GERMANY,2149
2022,9,GHANA,0
2022,9,GREECE,27
2022,9,GRENADA,3
2022,9,GUAM,0
2022,9,GUATEMALA,0
2022,9,GUINEA-BISSAU,0
2022,9,GUYANA,0
2022,9,HAITI,0
2022,9,HONDURAS,2
2022,9,HONG KONG,0
2022,9,HUNGARY,31
2022,9,ICELAND,2
2022,9,INDIA,6493
2022,9,INDONESIA,71
2022,9,IRAN,214
2022,9,IRAQ,18
2022,9,IRELAND,52
2022,9,ISRAEL,826
2022,9,ITALY,352
2022,9,JAMAICA,1
2022,9,JAPAN,226
2022,9,JORDAN,145
2022,9,KAZAKHSTAN,27
2022,9,KENYA,6
2022,9,KOSOVAR,0
2022,9,KUWAIT,43
2022,9,KYRGYZSTAN,9
2022,9,LAOS,3
2022,9,LATVIA,10
2022,9,LEBANON,58
2022,9,LESOTHO,0
2022,9,LIBERIA,0
2022,9,LIBYA,3
2022,9,LIECHTENSTEIN,0
2022,9,LITHUANIA,21
2022,9,LUXEMBOURG,8
2022,9,MADAGASCAR,3
2022,9,MALAWI,1
2022,9,MALAYSIA,207
2022,9,MALDIVES,1314
2022,9,MALI,0
2022,9,MALTA,41
2022,9,MARSHALL ISLANDS,0
2022,9,MAURITANIA,0
2022,9,MAURITIUS,7
2022,9,MEXICO,13
2022,9,MICRONESIA,0
2022,9,MOLDOVA,6
2022,9,MONACO,0
2022,9,MONGOLIA,4
2022,9,MONTENEGRO,0
2022,9,MOROCCO,10
2022,9,MOZAMBIQUE,3
2022,9,MYANMAR,33
2022,9,NAMIBIA,2
2022,9,NEPAL,47
2022,9,NETHERLANDS,473
2022,9,NEW ZEALAND,186
2022,9,NICARAGUA,0
2022,9,NIGER,0
2022,9,NIGERIA,1
2022,9,NORTH MACEDONIA,2
2022,9,NORWAY,250
2022,9,OMAN,26
2022,9,PAKISTAN,421
2022,9,PALESTINIAN TERRITORIES,15
2022,9,PANAMA,1
2022,9,PAPUA NEW GUINEA,3
2022,9,PARAGUAY,0
2022,9,PERU,3
2022,9,PHILIPPINES,115
2022,9,POLAND,228
2022,9,PORTUGAL,95
2022,9,QATAR,21
2022,9,REPUBLIC OF THE CONGO,1
2022,9,REPUBLIC OF ZIMBABWE,0
2022,9,ROMANIA,77
2022,9,RUSSIA,1553
2022,9,RWANDA,0
2022,9,SAINT KITTS AND NEVIS,1
2022,9,SAINT LUCIA,0
2022,9,SAN MARINO,0
2022,9,SAUDI ARABIA,118
2022,9,SENEGAL,1
2022,9,SERBIA,7
2022,9,SEYCHELLES,27
2022,9,SIERRA LEONE,0
2022,9,SINGAPORE,262
2022,9,SLOVAKIA,38
2022,9,SLOVENIA,6
2022,9,SOLOMON ISLANDS,0
2022,9,SOMALIA,1
2022,9,SOUTH AFRICA-ZUID AFRIKA,34
2022,9,SOUTH KOREA,138
2022,9,SOUTH SUDAN,0
2022,9,SPAIN,1091
2022,9,SUDAN,36
2022,9,SURINAME,0
2022,9,SWAZILAND,0
2022,9,SWEDEN,145
2022,9,SWITZERLAND,583
2022,9,SYRIAN ARAB,0
2022,9,TAIWAN,22
2022,9,TAJIKISTAN,5
2022,9,TANZANIA,2
2022,9,THAILAND,89
2022,9,TIMOR-LESTE,0
2022,9,TOGO,0
2022,9,TONGA,0
2022,9,TRINIDAD AND TOBAGO,1
2022,9,TUNISIA,9
2022,9,TURKEY,47
2022,9,TURKMENISTAN,0
2022,9,UGANDA,9
2022,9,UKRAINE,69
2022,9,UNITED ARAB EMIRATES,53
2022,9,UNITED KINGDOM,2872
2022,9,UNITED STATES,991
2022,9,URUGUAY,1
2022,9,UZBEKISTAN,13
2022,9,VANUATU,0
2022,9,VENEZUELA,1
2022,9,VIETNAM,41
2022,9,YEMEN,6
2022,9,ZAMBIA,1
2022,9,ZIMBABWE,0
2022,10,AFGHANISTAN,0
2022,10,ALBANIA,3
2022,10,ALGERIA,12
2022,10,ANDORRA,0
2022,10,ANGOLA,0
2022,10,ANTARCTICA,0
2022,10,ANTIGUA AND BARBUDA,1
2022,10,ARGENTINA,17
2022,10,ARMENIA,57
2022,10,AUSTRALIA,2106
2022,10,AUSTRIA,239
2022,10,AZERBAIJAN,15
2022,10,BAHAMAS,0
2022,10,BAHRAIN,28
2022,10,BANGLADESH,417
2022,10,BARBADOS,0
2022,10,BELARUS,143
2022,10,BELGIUM,274
2022,10,BELIZE,0
2022,10,BENIN,0
2022,10,BHUTAN,5
2022,10,BOLIVIA,5
2022,10,BOSNIA AND HERZEGOVINA,2
2022,10,BOTSWANA,0
2022,10,BRAZIL,27
2022,10,BRUNEI,1
2022,10,BULGARIA,18
2022,10,BURKINA FASO,0
2022,10,CAMBODIA,12
2022,10,CAMEROON,1
2022,10,CANADA,1625
2022,10,CAPE VERDE,0
2022,10,CHAD,0
2022,10,CHILE,12
2022,10,CHINA,468
2022,10,COLOMBIA,23
2022,10,COMOROS,1
2022,10,COSTA RICA,0
2022,10,COTE D IVOIRE,0
2022,10,CROATIA,8
2022,10,CUBA,0
2022,10,CYPRUS,19
2022,10,CZECHIA,150
2022,10,DENMARK,265
2022,10,DJIBOUTI,0
2022,10,DOMINICA,2
2022,10,DOMINICAN REPUBLIC,1
2022,10,ECUADOR,2
2022,10,EGYPT,173
2022,10,EL SALVADOR,2
2022,10,EQUATORIAL GUINEA,0
2022,10,ERITREA,0
2022,10,ESTONIA,58
2022,10,ETHIOPIA,3
2022,10,FIJI,4
2022,10,FINLAND,78
2022,10,FRANCE,1540
2022,10,GABON,0
2022,10,GAMBIA,0
2022,10,GEORGIA,40
2022,10,GERMANY,2881
2022,10,GHANA,0
2022,10,GREECE,52
2022,10,GRENADA,1
2022,10,GUAM,0
2022,10,GUATEMALA,0
2022,10,GUINEA-BISSAU,0
2022,10,GUYANA,0
2022,10,HAITI,0
2022,10,HONDURAS,0
2022,10,HONG KONG,0
2022,10,HUNGARY,66
2022,10,ICELAND,5
2022,10,INDIA,8862
2022,10,INDONESIA,70
2022,10,IRAN,190
2022,10,IRAQ,44
2022,10,IRELAND,101
2022,10,ISRAEL,557
2022,10,ITALY,480
2022,10,JAMAICA,0
2022,10,JAPAN,318
2022,10,JORDAN,181
2022,10,KAZAKHSTAN,27
2022,10,KENYA,15
2022,10,KOSOVAR,1
2022,10,KUWAIT,58
2022,10,KYRGYZSTAN,30
2022,10,LAOS,4
2022,10,LATVIA,39
2022,10,LEBANON,88
2022,10,LESOTHO,0
2022,10,LIBERIA,1
2022,10,LIBYA,5
2022,10,LIECHTENSTEIN,2
2022,10,LITHUANIA,59
2022,10,LUXEMBOURG,9
2022,10,MADAGASCAR,5
2022,10,MALAWI,0
2022,10,MALAYSIA,264
2022,10,MALDIVES,1943
2022,10,MALI,1
2022,10,MALTA,10
2022,10,MARSHALL ISLANDS,0
2022,10,MAURITANIA,0
2022,10,MAURITIUS,4
2022,10,MEXICO,29
2022,10,MICRONESIA,0
2022,10,MOLDOVA,12
2022,10,MONACO,3
2022,10,MONGOLIA,3
2022,10,MONTENEGRO,0
2022,10,MOROCCO,24
2022,10,MOZAMBIQUE,1
2022,10,MYANMAR,25
2022,10,NAMIBIA,0
2022,10,NEPAL,90
2022,10,NETHERLANDS,559
2022,10,NEW ZEALAND,244
2022,10,NICARAGUA,0
2022,10,NIGER,0
2022,10,NIGERIA,1
2022,10,NORTH MACEDONIA,4
2022,10,NORWAY,257
2022,10,OMAN,58
2022,10,PAKISTAN,443
2022,10,PALESTINIAN TERRITORIES,23
2022,10,PANAMA,0
2022,10,PAPUA NEW GUINEA,1
2022,10,PARAGUAY,0
2022,10,PERU,4
2022,10,PHILIPPINES,162
2022,10,POLAND,307
2022,10,PORTUGAL,120
2022,10,QATAR,15
2022,10,REPUBLIC OF THE CONGO,1
2022,10,REPUBLIC OF ZIMBABWE,0
2022,10,ROMANIA,110
2022,10,RUSSIA,6189
2022,10,RWANDA,0
2022,10,SAINT KITTS AND NEVIS,4
2022,10,SAINT LUCIA,0
2022,10,SAN MARINO,0
2022,10,SAUDI ARABIA,212
2022,10,SENEGAL,1
2022,10,SERBIA,12
2022,10,SEYCHELLES,36
2022,10,SIERRA LEONE,3
2022,10,SINGAPORE,297
2022,10,SLOVAKIA,87
2022,10,SLOVENIA,33
2022,10,SOLOMON ISLANDS,0
2022,10,SOMALIA,5
2022,10,SOUTH AFRICA-ZUID AFRIKA,58
2022,10,SOUTH KOREA,211
2022,10,SOUTH SUDAN,0
2022,10,SPAIN,799
2022,10,SUDAN,66
2022,10,SURINAME,1
2022,10,SWAZILAND,0
2022,10,SWEDEN,220
2022,10,SWITZERLAND,889
2022,10,SYRIAN ARAB,0
2022,10,TAIWAN,24
2022,10,TAJIKISTAN,6
2022,10,TANZANIA,1
2022,10,THAILAND,210
2022,10,TIMOR-LESTE,0
2022,10,TOGO,0
2022,10,TONGA,0
2022,10,TRINIDAD AND TOBAGO,1
2022,10,TUNISIA,23
2022,10,TURKEY,61
2022,10,TURKMENISTAN,4
2022,10,UGANDA,2
2022,10,UKRAINE,136
2022,10,UNITED ARAB EMIRATES,74
2022,10,UNITED KINGDOM,4275
2022,10,UNITED STATES,1253
2022,10,URUGUAY,7
2022,10,UZBEKISTAN,32
2022,10,VANUATU,2
2022,10,VENEZUELA,3
2022,10,VIETNAM,52
2022,10,YEMEN,8
2022,10,ZAMBIA,2
2022,10,ZIMBABWE,1
2022,11,AFGHANISTAN,7
2022,11,ALBANIA,3
2022,11,ALGERIA,11
2022,11,ANDORRA,0
2022,11,ANGOLA,0
2022,11,ANTARCTICA,0
2022,11,ANTIGUA AND BARBUDA,2
2022,11,ARGENTINA,40
2022,11,ARMENIA,86
2022,11,AUSTRALIA,2939
2022,11,AUSTRIA,424
2022,11,AZERBAIJAN,55
2022,11,BAHAMAS,1
2022,11,BAHRAIN,19
2022,11,BANGLADESH,511
2022,11,BARBADOS,2
2022,11,BELARUS,456
2022,11,BELGIUM,279
2022,11,BELIZE,0
2022,11,BENIN,0
2022,11,BHUTAN,31
2022,11,BOLIVIA,3
2022,11,BOSNIA AND HERZEGOVINA,5
2022,11,BOTSWANA,0
2022,11,BRAZIL,51
2022,11,BRUNEI,2
2022,11,BULGARIA,30
2022,11,BURKINA FASO,0
2022,11,CAMBODIA,43
2022,11,CAMEROON,0
2022,11,CANADA,1994
2022,11,CAPE VERDE,0
2022,11,CHAD,0
2022,11,CHILE,23
2022,11,CHINA,591
2022,11,COLOMBIA,17
2022,11,COMOROS,1
2022,11,COSTA RICA,3
2022,11,COTE D IVOIRE,0
2022,11,CROATIA,21
2022,11,CUBA,0
2022,11,CYPRUS,28
2022,11,CZECHIA,355
2022,11,DENMARK,312
2022,11,DJIBOUTI,1
2022,11,DOMINICA,7
2022,11,DOMINICAN REPUBLIC,1
2022,11,ECUADOR,5
2022,11,EGYPT,137
2022,11,EL SALVADOR,2
2022,11,EQUATORIAL GUINEA,0
2022,11,ERITREA,2
2022,11,ESTONIA,28
2022,11,ETHIOPIA,2
2022,11,FIJI,3
2022,11,FINLAND,77
2022,11,FRANCE,1841
2022,11,GABON,1
2022,11,GAMBIA,0
2022,11,GEORGIA,71
2022,11,GERMANY,5169
2022,11,GHANA,10
2022,11,GREECE,41
2022,11,GRENADA,0
2022,11,GUAM,0
2022,11,GUATEMALA,1
2022,11,GUINEA-BISSAU,0
2022,11,GUYANA,1
2022,11,HAITI,0
2022,11,HONDURAS,2
2022,11,HONG KONG,0
2022,11,HUNGARY,136
2022,11,ICELAND,6
2022,11,INDIA,10167
2022,11,INDONESIA,103
2022,11,IRAN,206
2022,11,IRAQ,39
2022,11,IRELAND,139
2022,11,ISRAEL,548
2022,11,ITALY,619
2022,11,JAMAICA,0
2022,11,JAPAN,377
2022,11,JORDAN,177
2022,11,KAZAKHSTAN,95
2022,11,KENYA,29
2022,11,KOSOVAR,1
2022,11,KUWAIT,41
2022,11,KYRGYZSTAN,30
2022,11,LAOS,0
2022,11,LATVIA,237
2022,11,LEBANON,88
2022,11,LESOTHO,0
2022,11,LIBERIA,0
2022,11,LIBYA,0
2022,11,LIECHTENSTEIN,1
2022,11,LITHUANIA,195
2022,11,LUXEMBOURG,13
2022,11,MADAGASCAR,6
2022,11,MALAWI,2
2022,11,MALAYSIA,350
2022,11,MALDIVES,1626
2022,11,MALI,1
2022,11,MALTA,5
2022,11,MARSHALL ISLANDS,0
2022,11,MAURITANIA,1
2022,11,MAURITIUS,17
2022,11,MEXICO,33
2022,11,MICRONESIA,0
2022,11,MOLDOVA,20
2022,11,MONACO,0
2022,11,MONGOLIA,1
2022,11,MONTENEGRO,7
2022,11,MOROCCO,42
2022,11,MOZAMBIQUE,2
2022,11,MYANMAR,14
2022,11,NAMIBIA,1
2022,11,NEPAL,126
2022,11,NETHERLANDS,649
2022,11,NEW ZEALAND,307
2022,11,NICARAGUA,1
2022,11,NIGER,0
2022,11,NIGERIA,1
2022,11,NORTH MACEDONIA,3
2022,11,NORWAY,332
2022,11,OMAN,84
2022,11,PAKISTAN,783
2022,11,PALESTINIAN TERRITORIES,39
2022,11,PANAMA,0
2022,11,PAPUA NEW GUINEA,1
2022,11,PARAGUAY,2
2022,11,PERU,2
2022,11,PHILIPPINES,149
2022,11,POLAND,802
2022,11,PORTUGAL,145
2022,11,QATAR,18
2022,11,REPUBLIC OF THE CONGO,2
2022,11,REPUBLIC OF ZIMBABWE,1
2022,11,ROMANIA,146
2022,11,RUSSIA,13820
2022,11,RWANDA,1
2022,11,SAINT KITTS AND NEVIS,1
2022,11,SAINT LUCIA,1
2022,11,SAN MARINO,0
2022,11,SAUDI ARABIA,471
2022,11,SENEGAL,1
2022,11,SERBIA,27
2022,11,SEYCHELLES,31
2022,11,SIERRA LEONE,0
2022,11,SINGAPORE,432
2022,11,SLOVAKIA,199
2022,11,SLOVENIA,21
2022,11,SOLOMON ISLANDS,0
2022,11,SOMALIA,0
2022,11,SOUTH AFRICA-ZUID AFRIKA,125
2022,11,SOUTH KOREA,237
2022,11,SOUTH SUDAN,0
2022,11,SPAIN,748
2022,11,SUDAN,32
2022,11,SURINAME,0
2022,11,SWAZILAND,0
2022,11,SWEDEN,409
2022,11,SWITZERLAND,832
2022,11,SYRIAN ARAB,0
2022,11,TAIWAN,59
2022,11,TAJIKISTAN,11
2022,11,TANZANIA,22
2022,11,THAILAND,282
2022,11,TIMOR-LESTE,0
2022,11,TOGO,0
2022,11,TONGA,0
2022,11,TRINIDAD AND TOBAGO,2
2022,11,TUNISIA,23
2022,11,TURKEY,154
2022,11,TURKMENISTAN,0
2022,11,UGANDA,4
2022,11,UKRAINE,260
2022,11,UNITED ARAB EMIRATES,123
2022,11,UNITED KINGDOM,4506
2022,11,UNITED STATES,2089
2022,11,URUGUAY,3
2022,11,UZBEKISTAN,30
2022,11,VANUATU,2
2022,11,VENEZUELA,2
2022,11,VIETNAM,37
2022,11,YEMEN,41
2022,11,ZAMBIA,1
2022,11,ZIMBABWE,5
2022,12,AFGHANISTAN,11
2022,12,ALBANIA,10
2022,12,ALGERIA,29
2022,12,ANDORRA,3
2022,12,ANGOLA,0
2022,12,ANTARCTICA,1
2022,12,ANTIGUA AND BARBUDA,1
2022,12,ARGENTINA,55
2022,12,ARMENIA,244
2022,12,AUSTRALIA,5158
2022,12,AUSTRIA,619
2022,12,AZERBAIJAN,89
2022,12,BAHAMAS,0
2022,12,BAHRAIN,88
2022,12,BANGLADESH,662
2022,12,BARBADOS,6
2022,12,BELARUS,582
2022,12,BELGIUM,512
2022,12,BELIZE,0
2022,12,BENIN,0
2022,12,BHUTAN,9
2022,12,BOLIVIA,2
2022,12,BOSNIA AND HERZEGOVINA,6
2022,12,BOTSWANA,4
2022,12,BRAZIL,97
2022,12,BRUNEI,4
2022,12,BULGARIA,113
2022,12,BURKINA FASO,0
2022,12,CAMBODIA,20
2022,12,CAMEROON,0
2022,12,CANADA,2618
2022,12,CAPE VERDE,0
2022,12,CHAD,1
2022,12,CHILE,23
2022,12,CHINA,635
2022,12,COLOMBIA,27
2022,12,COMOROS,3
2022,12,COSTA RICA,6
2022,12,COTE D IVOIRE,0
2022,12,CROATIA,41
2022,12,CUBA,2
2022,12,CYPRUS,38
2022,12,CZECHIA,529
2022,12,DENMARK,551
2022,12,DJIBOUTI,0
2022,12,DOMINICA,6
2022,12,DOMINICAN REPUBLIC,1
2022,12,ECUADOR,8
2022,12,EGYPT,220
2022,12,EL SALVADOR,3
2022,12,EQUATORIAL GUINEA,0
2022,12,ERITREA,1
2022,12,ESTONIA,111
2022,12,ETHIOPIA,14
2022,12,FIJI,19
2022,12,FINLAND,159
2022,12,FRANCE,2665
2022,12,GABON,0
2022,12,GAMBIA,0
2022,12,GEORGIA,65
2022,12,GERMANY,4984
2022,12,GHANA,7
2022,12,GREECE,174
2022,12,GRENADA,1
2022,12,GUAM,0
2022,12,GUATEMALA,2
2022,12,GUINEA-BISSAU,1
2022,12,GUYANA,1
2022,12,HAITI,0
2022,12,HONDURAS,2
2022,12,HONG KONG,1
2022,12,HUNGARY,300
2022,12,ICELAND,29
2022,12,INDIA,17350
2022,12,INDONESIA,134
2022,12,IRAN,362
2022,12,IRAQ,145
2022,12,IRELAND,243
2022,12,ISRAEL,1457
2022,12,ITALY,1206
2022,12,JAMAICA,2
2022,12,JAPAN,708
2022,12,JORDAN,335
2022,12,KAZAKHSTAN,262
2022,12,KENYA,42
2022,12,KOSOVAR,1
2022,12,KUWAIT,96
2022,12,KYRGYZSTAN,94
2022,12,LAOS,3
2022,12,LATVIA,135
2022,12,LEBANON,267
2022,12,LESOTHO,0
2022,12,LIBERIA,0
2022,12,LIBYA,8
2022,12,LIECHTENSTEIN,8
2022,12,LITHUANIA,158
2022,12,LUXEMBOURG,27
2022,12,MADAGASCAR,10
2022,12,MALAWI,3
2022,12,MALAYSIA,519
2022,12,MALDIVES,3444
2022,12,MALI,0
2022,12,MALTA,98
2022,12,MARSHALL ISLANDS,0
2022,12,MAURITANIA,0
2022,12,MAURITIUS,41
2022,12,MEXICO,64
2022,12,MICRONESIA,1
2022,12,MOLDOVA,37
2022,12,MONACO,31
2022,12,MONGOLIA,0
2022,12,MONTENEGRO,6
2022,12,MOROCCO,56
2022,12,MOZAMBIQUE,2
2022,12,MYANMAR,27
2022,12,NAMIBIA,3
2022,12,NEPAL,181
2022,12,NETHERLANDS,956
2022,12,NEW ZEALAND,572
2022,12,NICARAGUA,0
2022,12,NIGER,0
2022,12,NIGERIA,6
2022,12,NORTH MACEDONIA,6
2022,12,NORWAY,408
2022,12,OMAN,157
2022,12,PAKISTAN,898
2022,12,PALESTINIAN TERRITORIES,76
2022,12,PANAMA,0
2022,12,PAPUA NEW GUINEA,8
2022,12,PARAGUAY,1
2022,12,PERU,14
2022,12,PHILIPPINES,236
2022,12,POLAND,524
2022,12,PORTUGAL,156
2022,12,QATAR,57
2022,12,REPUBLIC OF THE CONGO,0
2022,12,REPUBLIC OF ZIMBABWE,0
2022,12,ROMANIA,407
2022,12,RUSSIA,19963
2022,12,RWANDA,2
2022,12,SAINT KITTS AND NEVIS,10
2022,12,SAINT LUCIA,0
2022,12,SAN MARINO,1
2022,12,SAUDI ARABIA,324
2022,12,SENEGAL,1
2022,12,SERBIA,54
2022,12,SEYCHELLES,66
2022,12,SIERRA LEONE,0
2022,12,SINGAPORE,720
2022,12,SLOVAKIA,206
2022,12,SLOVENIA,82
2022,12,SOLOMON ISLANDS,0
2022,12,SOMALIA,3
2022,12,SOUTH AFRICA-ZUID AFRIKA,258
2022,12,SOUTH KOREA,322
2022,12,SOUTH SUDAN,0
2022,12,SPAIN,991
2022,12,SUDAN,45
2022,12,SURINAME,0
2022,12,SWAZILAND,1
2022,12,SWEDEN,892
2022,12,SWITZERLAND,1248
2022,12,SYRIAN ARAB,1
2022,12,TAIWAN,77
2022,12,TAJIKISTAN,6
2022,12,TANZANIA,24
2022,12,THAILAND,311
2022,12,TIMOR-LESTE,2
2022,12,TOGO,0
2022,12,TONGA,0
2022,12,TRINIDAD AND TOBAGO,8
2022,12,TUNISIA,57
2022,12,TURKEY,224
2022,12,TURKMENISTAN,9
2022,12,UGANDA,6
2022,12,UKRAINE,544
2022,12,UNITED ARAB EMIRATES,207
2022,12,UNITED KINGDOM,7879
2022,12,UNITED STATES,3638
2022,12,URUGUAY,7
2022,12,UZBEKISTAN,44
2022,12,VANUATU,3
2022,12,VENEZUELA,2
2022,12,VIETNAM,58
2022,12,YEMEN,21
2022,12,ZAMBIA,16
2022,12,ZIMBABWE,7
2023,1,AFGHANISTAN,9
2023,1,ALBANIA,6
2023,1,ALGERIA,21
2023,1,ANDORRA,4
2023,1,ANGOLA,0
2023,1,ANTIGUA AND BARBUDA,4
2023,1,ARGENTINA,76
2023,1,ARMENIA,258
2023,1,ARUBA,0
2023,1,AUSTRALIA,3668
2023,1,AUSTRIA,956
2023,1,AZERBAIJAN,115
2023,1,BAHAMAS,0
2023,1,BAHRAIN,134
2023,1,BANGLADESH,717
2023,1,BARBADOS,0
2023,1,BELARUS,1204
2023,1,BELGIUM,646
2023,1,BELIZE,1
2023,1,BENIN,1
2023,1,BHUTAN,32
2023,1,BOLIVIA,0
2023,1,BOSNIA AND HERZEGOVINA,10
2023,1,BOTSWANA,4
2023,1,BRAZIL,101
2023,1,BRUNEI,0
2023,1,BULGARIA,134
2023,1,BURKINA FASO,0
2023,1,BURUNDI,0
2023,1,CAMBODIA,31
2023,1,CAMEROON,8
2023,1,CANADA,3681
2023,1,CAPE VERDE,0
2023,1,CENTRAL AFRICAN,0
2023,1,CHAD,0
2023,1,CHILE,26
2023,1,CHINA,835
2023,1,COLOMBIA,36
2023,1,COMOROS,3
2023,1,COSTA RICA,6
2023,1,COTE D IVOIRE,2
2023,1,CROATIA,84
2023,1,CUBA,5
2023,1,CYPRUS,51
2023,1,CZECHIA,960
2023,1,DEMOCRATIC REPUBLIC OF THE CONGO,0
2023,1,DENMARK,1081
2023,1,DJIBOUTI,0
2023,1,DOMINICA,8
2023,1,DOMINICAN REPUBLIC,2
2023,1,ECUADOR,10
2023,1,EGYPT,127
2023,1,EL SALVADOR,3
2023,1,ERITREA,2
2023,1,ESTONIA,182
2023,1,ETHIOPIA,8
2023,1,FIJI,6
2023,1,FINLAND,257
2023,1,FRANCE,4840
2023,1,GABON,1
2023,1,GAMBIA,0
2023,1,GEORGIA,164
2023,1,GERMANY,8217
2023,1,GHANA,1
2023,1,GREECE,151
2023,1,GRENADA,0
2023,1,GUATEMALA,1
2023,1,GUINEA,1
2023,1,GUYANA,0
2023,1,HAITI,3
2023,1,HONDURAS,3
2023,1,HUNGARY,400
2023,1,ICELAND,33
2023,1,INDIA,13759
2023,1,INDONESIA,138
2023,1,IRAN,435
2023,1,IRAQ,63
2023,1,IRELAND,244
2023,1,ISRAEL,1868
2023,1,ITALY,1477
2023,1,JAMAICA,1
2023,1,JAPAN,744
2023,1,JORDAN,261
2023,1,KAZAKHSTAN,470
2023,1,KENYA,23
2023,1,KIRIBATI,0
2023,1,KOSOVAR,1
2023,1,KUWAIT,162
2023,1,KYRGYZSTAN,79
2023,1,LAOS,17
2023,1,LATVIA,171
2023,1,LEBANON,111
2023,1,LESOTHO,0
2023,1,LIBERIA,1
2023,1,LIBYA,4
2023,1,LIECHTENSTEIN,5
2023,1,LITHUANIA,278
2023,1,LUXEMBOURG,35
2023,1,MADAGASCAR,7
2023,1,MALAWI,2
2023,1,MALAYSIA,496
2023,1,MALDIVES,2203
2023,1,MALI,2
2023,1,MALTA,45
2023,1,MARSHALL ISLANDS,0
2023,1,MAURITANIA,1
2023,1,MAURITIUS,19
2023,1,MEXICO,19
2023,1,MOLDOVA,66
2023,1,MONACO,2
2023,1,MONGOLIA,2
2023,1,MONTENEGRO,20
2023,1,MOROCCO,47
2023,1,MOZAMBIQUE,5
2023,1,MYANMAR,35
2023,1,NAMIBIA,1
2023,1,NAURU,0
2023,1,NEPAL,292
2023,1,NETHERLANDS,1514
2023,1,NEW ZEALAND,394
2023,1,NICARAGUA,2
2023,1,NIGER,0
2023,1,NIGERIA,10
2023,1,NORTH MACEDONIA,9
2023,1,NORWAY,698
2023,1,OMAN,183
2023,1,PAKISTAN,595
2023,1,PALAU,0
2023,1,PALESTINIAN TERRITORIES,28
2023,1,PANAMA,1
2023,1,PAPUA NEW GUINEA,1
2023,1,PARAGUAY,2
2023,1,PERU,8
2023,1,PHILIPPINES,188
2023,1,POLAND,1269
2023,1,PORTUGAL,230
2023,1,QATAR,34
2023,1,ROMANIA,316
2023,1,RUSSIA,25254
2023,1,RWANDA,2
2023,1,SAINT KITTS AND NEVIS,3
2023,1,SAINT LUCIA,3
2023,1,SAINT VINCENT THE GRENADI,0
2023,1,SAMOA,0
2023,1,SAN MARINO,1
2023,1,SAUDI ARABIA,340
2023,1,SENEGAL,2
2023,1,SERBIA,144
2023,1,SEYCHELLES,21
2023,1,SIERRA LEONE,0
2023,1,SINGAPORE,414
2023,1,SLOVAKIA,351
2023,1,SLOVENIA,146
2023,1,SOLOMON ISLANDS,0
2023,1,SOMALIA,3
2023,1,SOUTH AFRICA-ZUID AFRIKA,125
2023,1,SOUTH KOREA,450
2023,1,SOUTH SUDAN,0
2023,1,SPAIN,857
2023,1,SUDAN,61
2023,1,SURINAME,0
2023,1,SWAZILAND,0
2023,1,SWEDEN,871
2023,1,SWITZERLAND,1769
2023,1,SYRIAN ARAB,0
2023,1,TAIWAN,151
2023,1,TAJIKISTAN,27
2023,1,TANZANIA,9
2023,1,THAILAND,279
2023,1,TIMOR-LESTE,0
2023,1,TOGO,1
2023,1,TONGA,0
2023,1,TRINIDAD AND TOBAGO,2
2023,1,TUNISIA,43
2023,1,TURKEY,362
2023,1,TURKMENISTAN,4
2023,1,TUVALU,0
2023,1,UGANDA,9
2023,1,UKRAINE,884
2023,1,UNITED ARAB EMIRATES,101
2023,1,UNITED KINGDOM,8483
2023,1,UNITED STATES,2636
2023,1,URUGUAY,5
2023,1,UZBEKISTAN,152
2023,1,VANUATU,1
2023,1,VENEZUELA,4
2023,1,VIETNAM,117
2023,1,YEMEN,22
2023,1,ZAMBIA,6
2023,1,ZIMBABWE,7
2023,2,AFGHANISTAN,2
2023,2,ALBANIA,8
2023,2,ALGERIA,16
2023,2,ANDORRA,1
2023,2,ANGOLA,0
2023,2,ANTIGUA AND BARBUDA,2
2023,2,ARGENTINA,43
2023,2,ARMENIA,145
2023,2,ARUBA,0
2023,2,AUSTRALIA,3113
2023,2,AUSTRIA,934
2023,2,AZERBAIJAN,64
2023,2,BAHAMAS,1
2023,2,BAHRAIN,35
2023,2,BANGLADESH,531
2023,2,BARBADOS,1
2023,2,BELARUS,1244
2023,2,BELGIUM,725
2023,2,BELIZE,0
2023,2,BENIN,0
2023,2,BHUTAN,19
2023,2,BOLIVIA,1
2023,2,BOSNIA AND HERZEGOVINA,7
2023,2,BOTSWANA,1
2023,2,BRAZIL,83
2023,2,BRUNEI,6
2023,2,BULGARIA,325
2023,2,BURKINA FASO,1
2023,2,BURUNDI,2
2023,2,CAMBODIA,57
2023,2,CAMEROON,3
2023,2,CANADA,3107
2023,2,CAPE VERDE,0
2023,2,CENTRAL AFRICAN,0
2023,2,CHAD,0
2023,2,CHILE,45
2023,2,CHINA,1535
2023,2,COLOMBIA,38
2023,2,COMOROS,3
2023,2,COSTA RICA,4
2023,2,COTE D IVOIRE,2
2023,2,CROATIA,84
2023,2,CUBA,1
2023,2,CYPRUS,41
2023,2,CZECHIA,1206
2023,2,DEMOCRATIC REPUBLIC OF THE CONGO,3
2023,2,DENMARK,1110
2023,2,DJIBOUTI,3
2023,2,DOMINICA,3
2023,2,DOMINICAN REPUBLIC,0
2023,2,ECUADOR,6
2023,2,EGYPT,241
2023,2,EL SALVADOR,2
2023,2,ERITREA,0
2023,2,ESTONIA,193
2023,2,ETHIOPIA,6
2023,2,FIJI,5
2023,2,FINLAND,204
2023,2,FRANCE,6118
2023,2,GABON,0
2023,2,GAMBIA,1
2023,2,GEORGIA,128
2023,2,GERMANY,7930
2023,2,GHANA,5
2023,2,GREECE,163
2023,2,GRENADA,2
2023,2,GUATEMALA,4
2023,2,GUINEA,0
2023,2,GUYANA,0
2023,2,HAITI,1
2023,2,HONDURAS,1
2023,2,HUNGARY,405
2023,2,ICELAND,25
2023,2,INDIA,13714
2023,2,INDONESIA,175
2023,2,IRAN,791
2023,2,IRAQ,92
2023,2,IRELAND,287
2023,2,ISRAEL,2188
2023,2,ITALY,1409
2023,2,JAMAICA,1
2023,2,JAPAN,974
2023,2,JORDAN,227
2023,2,KAZAKHSTAN,328
2023,2,KENYA,40
2023,2,KIRIBATI,0
2023,2,KOSOVAR,0
2023,2,KUWAIT,219
2023,2,KYRGYZSTAN,74
2023,2,LAOS,4
2023,2,LATVIA,176
2023,2,LEBANON,188
2023,2,LESOTHO,0
2023,2,LIBERIA,0
2023,2,LIBYA,6
2023,2,LIECHTENSTEIN,6
2023,2,LITHUANIA,296
2023,2,LUXEMBOURG,40
2023,2,MADAGASCAR,7
2023,2,MALAWI,2
2023,2,MALAYSIA,657
2023,2,MALDIVES,1818
2023,2,MALI,0
2023,2,MALTA,28
2023,2,MARSHALL ISLANDS,0
2023,2,MAURITANIA,0
2023,2,MAURITIUS,21
2023,2,MEXICO,40
2023,2,MOLDOVA,47
2023,2,MONACO,0
2023,2,MONGOLIA,12
2023,2,MONTENEGRO,9
2023,2,MOROCCO,38
2023,2,MOZAMBIQUE,3
2023,2,MYANMAR,36
2023,2,NAMIBIA,0
2023,2,NAURU,0
2023,2,NEPAL,247
2023,2,NETHERLANDS,1485
2023,2,NEW ZEALAND,346
2023,2,NICARAGUA,1
2023,2,NIGER,2
2023,2,NIGERIA,2
2023,2,NORTH MACEDONIA,15
2023,2,NORWAY,567
2023,2,OMAN,229
2023,2,PAKISTAN,724
2023,2,PALAU,0
2023,2,PALESTINIAN TERRITORIES,43
2023,2,PANAMA,4
2023,2,PAPUA NEW GUINEA,3
2023,2,PARAGUAY,3
2023,2,PERU,10
2023,2,PHILIPPINES,262
2023,2,POLAND,1118
2023,2,PORTUGAL,268
2023,2,QATAR,46
2023,2,ROMANIA,398
2023,2,RUSSIA,29084
2023,2,RWANDA,0
2023,2,SAINT KITTS AND NEVIS,10
2023,2,SAINT LUCIA,0
2023,2,SAINT VINCENT THE GRENADI,0
2023,2,SAMOA,0
2023,2,SAN MARINO,1
2023,2,SAUDI ARABIA,365
2023,2,SENEGAL,5
2023,2,SERBIA,153
2023,2,SEYCHELLES,7
2023,2,SIERRA LEONE,2
2023,2,SINGAPORE,486
2023,2,SLOVAKIA,515
2023,2,SLOVENIA,184
2023,2,SOLOMON ISLANDS,2
2023,2,SOMALIA,3
2023,2,SOUTH AFRICA-ZUID AFRIKA,141
2023,2,SOUTH KOREA,508
2023,2,SOUTH SUDAN,0
2023,2,SPAIN,770
2023,2,SUDAN,37
2023,2,SURINAME,0
2023,2,SWAZILAND,0
2023,2,SWEDEN,836
2023,2,SWITZERLAND,1812
2023,2,SYRIAN ARAB,1
2023,2,TAIWAN,193
2023,2,TAJIKISTAN,19
2023,2,TANZANIA,10
2023,2,THAILAND,210
2023,2,TIMOR-LESTE,0
2023,2,TOGO,1
2023,2,TONGA,0
2023,2,TRINIDAD AND TOBAGO,7
2023,2,TUNISIA,39
2023,2,TURKEY,246
2023,2,TURKMENISTAN,18
2023,2,TUVALU,0
2023,2,UGANDA,1
2023,2,UKRAINE,562
2023,2,UNITED ARAB EMIRATES,138
2023,2,UNITED KINGDOM,8575
2023,2,UNITED STATES,2443
2023,2,URUGUAY,4
2023,2,UZBEKISTAN,383
2023,2,VANUATU,2
2023,2,VENEZUELA,5
2023,2,VIETNAM,103
2023,2,YEMEN,26
2023,2,ZAMBIA,7
2023,2,ZIMBABWE,4
2023,3,AFGHANISTAN,1
2023,3,ALBANIA,4
2023,3,ALGERIA,15
2023,3,ANDORRA,1
2023,3,ANGOLA,1
2023,3,ANTIGUA AND BARBUDA,2
2023,3,ARGENTINA,94
2023,3,ARMENIA,124
2023,3,ARUBA,0
2023,3,AUSTRALIA,4725
2023,3,AUSTRIA,872
2023,3,AZERBAIJAN,343
2023,3,BAHAMAS,3
2023,3,BAHRAIN,56
2023,3,BANGLADESH,612
2023,3,BARBADOS,3
2023,3,BELARUS,1399
2023,3,BELGIUM,722
2023,3,BELIZE,1
2023,3,BENIN,0
2023,3,BHUTAN,24
2023,3,BOLIVIA,6
2023,3,BOSNIA AND HERZEGOVINA,15
2023,3,BOTSWANA,2
2023,3,BRAZIL,112
2023,3,BRUNEI,1
2023,3,BULGARIA,283
2023,3,BURKINA FASO,0
2023,3,BURUNDI,0
2023,3,CAMBODIA,47
2023,3,CAMEROON,0
2023,3,CANADA,4066
2023,3,CAPE VERDE,0
2023,3,CENTRAL AFRICAN,0
2023,3,CHAD,0
2023,3,CHILE,27
2023,3,CHINA,3096
2023,3,COLOMBIA,46
2023,3,COMOROS,3
2023,3,COSTA RICA,8
2023,3,COTE D IVOIRE,0
2023,3,CROATIA,91
2023,3,CUBA,12
2023,3,CYPRUS,67
2023,3,CZECHIA,1287
2023,3,DEMOCRATIC REPUBLIC OF THE CONGO,1
2023,3,DENMARK,895
2023,3,DJIBOUTI,0
2023,3,DOMINICA,14
2023,3,DOMINICAN REPUBLIC,2
2023,3,ECUADOR,7
2023,3,EGYPT,185
2023,3,EL SALVADOR,1
2023,3,ERITREA,3
2023,3,ESTONIA,197
2023,3,ETHIOPIA,1
2023,3,FIJI,17
2023,3,FINLAND,173
2023,3,FRANCE,5786
2023,3,GABON,0
2023,3,GAMBIA,0
2023,3,GEORGIA,102
2023,3,GERMANY,9702
2023,3,GHANA,3
2023,3,GREECE,143
2023,3,GRENADA,0
2023,3,GUATEMALA,8
2023,3,GUINEA,1
2023,3,GUYANA,2
2023,3,HAITI,1
2023,3,HONDURAS,6
2023,3,HUNGARY,403
2023,3,ICELAND,16
2023,3,INDIA,18959
2023,3,INDONESIA,133
2023,3,IRAN,3738
2023,3,IRAQ,64
2023,3,IRELAND,463
2023,3,ISRAEL,1765
2023,3,ITALY,1272
2023,3,JAMAICA,4
2023,3,JAPAN,1042
2023,3,JORDAN,245
2023,3,KAZAKHSTAN,972
2023,3,KENYA,51
2023,3,KIRIBATI,0
2023,3,KOSOVAR,3
2023,3,KUWAIT,101
2023,3,KYRGYZSTAN,83
2023,3,LAOS,16
2023,3,LATVIA,172
2023,3,LEBANON,206
2023,3,LESOTHO,0
2023,3,LIBERIA,2
2023,3,LIBYA,1
2023,3,LIECHTENSTEIN,3
2023,3,LITHUANIA,360
2023,3,LUXEMBOURG,39
2023,3,MADAGASCAR,15
2023,3,MALAWI,3
2023,3,MALAYSIA,676
2023,3,MALDIVES,1774
2023,3,MALI,0
2023,3,MALTA,32
2023,3,MARSHALL ISLANDS,1
2023,3,MAURITANIA,1
2023,3,MAURITIUS,28
2023,3,MEXICO,80
2023,3,MOLDOVA,56
2023,3,MONACO,5
2023,3,MONGOLIA,7
2023,3,MONTENEGRO,6
2023,3,MOROCCO,58
2023,3,MOZAMBIQUE,3
2023,3,MYANMAR,73
2023,3,NAMIBIA,0
2023,3,NAURU,0
2023,3,NEPAL,295
2023,3,NETHERLANDS,1573
2023,3,NEW ZEALAND,543
2023,3,NICARAGUA,0
2023,3,NIGER,0
2023,3,NIGERIA,3
2023,3,NORTH MACEDONIA,17
2023,3,NORWAY,648
2023,3,OMAN,63
2023,3,PAKISTAN,824
2023,3,PALAU,0
2023,3,PALESTINIAN TERRITORIES,25
2023,3,PANAMA,3
2023,3,PAPUA NEW GUINEA,2
2023,3,PARAGUAY,2
2023,3,PERU,10
2023,3,PHILIPPINES,329
2023,3,POLAND,1507
2023,3,PORTUGAL,299
2023,3,QATAR,67
2023,3,ROMANIA,340
2023,3,RUSSIA,25553
2023,3,RWANDA,1
2023,3,SAINT KITTS AND NEVIS,9
2023,3,SAINT LUCIA,0
2023,3,SAINT VINCENT THE GRENADI,0
2023,3,SAMOA,0
2023,3,SAN MARINO,0
2023,3,SAUDI ARABIA,653
2023,3,SENEGAL,2
2023,3,SERBIA,136
2023,3,SEYCHELLES,23
2023,3,SIERRA LEONE,1
2023,3,SINGAPORE,636
2023,3,SLOVAKIA,610
2023,3,SLOVENIA,88
2023,3,SOLOMON ISLANDS,0
2023,3,SOMALIA,4
2023,3,SOUTH AFRICA-ZUID AFRIKA,265
2023,3,SOUTH KOREA,479
2023,3,SOUTH SUDAN,0
2023,3,SPAIN,1125
2023,3,SUDAN,52
2023,3,SURINAME,1
2023,3,SWAZILAND,0
2023,3,SWEDEN,631
2023,3,SWITZERLAND,1660
2023,3,SYRIAN ARAB,1
2023,3,TAIWAN,237
2023,3,TAJIKISTAN,14
2023,3,TANZANIA,9
2023,3,THAILAND,308
2023,3,TIMOR-LESTE,0
2023,3,TOGO,0
2023,3,TONGA,0
2023,3,TRINIDAD AND TOBAGO,6
2023,3,TUNISIA,48
2023,3,TURKEY,227
2023,3,TURKMENISTAN,11
2023,3,TUVALU,0
2023,3,UGANDA,9
2023,3,UKRAINE,516
2023,3,UNITED ARAB EMIRATES,115
2023,3,UNITED KINGDOM,11053
2023,3,UNITED STATES,5701
2023,3,URUGUAY,5
2023,3,UZBEKISTAN,58
2023,3,VANUATU,6
2023,3,VENEZUELA,14
2023,3,VIETNAM,284
2023,3,YEMEN,28
2023,3,ZAMBIA,4
2023,3,ZIMBABWE,10
2023,4,AFGHANISTAN,1
2023,4,ALBANIA,6
2023,4,ALGERIA,33
2023,4,ANDORRA,3
2023,4,ANGOLA,1
2023,4,ANTIGUA AND BARBUDA,3
2023,4,ARGENTINA,71
2023,4,ARMENIA,158
2023,4,ARUBA,0
2023,4,AUSTRALIA,4996
2023,4,AUSTRIA,649
2023,4,AZERBAIJAN,120
2023,4,BAHAMAS,3
2023,4,BAHRAIN,86
2023,4,BANGLADESH,960
2023,4,BARBADOS,0
2023,4,BELARUS,627
2023,4,BELGIUM,636
2023,4,BELIZE,2
2023,4,BENIN,1
2023,4,BHUTAN,25
2023,4,BOLIVIA,4
2023,4,BOSNIA AND HERZEGOVINA,16
2023,4,BOTSWANA,3
2023,4,BRAZIL,208
2023,4,BRUNEI,2
2023,4,BULGARIA,150
2023,4,BURKINA FASO,1
2023,4,BURUNDI,0
2023,4,CAMBODIA,12
2023,4,CAMEROON,0
2023,4,CANADA,3310
2023,4,CAPE VERDE,1
2023,4,CENTRAL AFRICAN,0
2023,4,CHAD,0
2023,4,CHILE,45
2023,4,CHINA,5118
2023,4,COLOMBIA,56
2023,4,COMOROS,3
2023,4,COSTA RICA,0
2023,4,COTE D IVOIRE,0
2023,4,CROATIA,57
2023,4,CUBA,2
2023,4,CYPRUS,81
2023,4,CZECHIA,820
2023,4,DEMOCRATIC REPUBLIC OF THE CONGO,2
2023,4,DENMARK,727
2023,4,DJIBOUTI,1
2023,4,DOMINICA,4
2023,4,DOMINICAN REPUBLIC,2
2023,4,ECUADOR,10
2023,4,EGYPT,309
2023,4,EL SALVADOR,8
2023,4,ERITREA,2
2023,4,ESTONIA,60
2023,4,ETHIOPIA,9
2023,4,FIJI,4
2023,4,FINLAND,123
2023,4,FRANCE,5535
2023,4,GABON,0
2023,4,GAMBIA,1
2023,4,GEORGIA,87
2023,4,GERMANY,7404
2023,4,GHANA,1
2023,4,GREECE,148
2023,4,GRENADA,0
2023,4,GUATEMALA,1
2023,4,GUINEA,0
2023,4,GUYANA,0
2023,4,HAITI,0
2023,4,HONDURAS,1
2023,4,HUNGARY,189
2023,4,ICELAND,14
2023,4,INDIA,19915
2023,4,INDONESIA,173
2023,4,IRAN,420
2023,4,IRAQ,84
2023,4,IRELAND,490
2023,4,ISRAEL,1432
2023,4,ITALY,1384
2023,4,JAMAICA,6
2023,4,JAPAN,2318
2023,4,JORDAN,376
2023,4,KAZAKHSTAN,159
2023,4,KENYA,52
2023,4,KIRIBATI,0
2023,4,KOSOVAR,6
2023,4,KUWAIT,191
2023,4,KYRGYZSTAN,38
2023,4,LAOS,2
2023,4,LATVIA,59
2023,4,LEBANON,616
2023,4,LESOTHO,0
2023,4,LIBERIA,0
2023,4,LIBYA,4
2023,4,LIECHTENSTEIN,9
2023,4,LITHUANIA,223
2023,4,LUXEMBOURG,93
2023,4,MADAGASCAR,7
2023,4,MALAWI,5
2023,4,MALAYSIA,735
2023,4,MALDIVES,1596
2023,4,MALI,0
2023,4,MALTA,33
2023,4,MARSHALL ISLANDS,1
2023,4,MAURITANIA,0
2023,4,MAURITIUS,20
2023,4,MEXICO,82
2023,4,MOLDOVA,25
2023,4,MONACO,6
2023,4,MONGOLIA,20
2023,4,MONTENEGRO,10
2023,4,MOROCCO,65
2023,4,MOZAMBIQUE,0
2023,4,MYANMAR,44
2023,4,NAMIBIA,0
2023,4,NAURU,0
2023,4,NEPAL,226
2023,4,NETHERLANDS,1593
2023,4,NEW ZEALAND,627
2023,4,NICARAGUA,1
2023,4,NIGER,0
2023,4,NIGERIA,3
2023,4,NORTH MACEDONIA,28
2023,4,NORWAY,487
2023,4,OMAN,64
2023,4,PAKISTAN,399
2023,4,PALAU,0
2023,4,PALESTINIAN TERRITORIES,41
2023,4,PANAMA,0
2023,4,PAPUA NEW GUINEA,0
2023,4,PARAGUAY,3
2023,4,PERU,14
2023,4,PHILIPPINES,369
2023,4,POLAND,1129
2023,4,PORTUGAL,486
2023,4,QATAR,62
2023,4,ROMANIA,315
2023,4,RUSSIA,14656
2023,4,RWANDA,2
2023,4,SAINT KITTS AND NEVIS,11
2023,4,SAINT LUCIA,1
2023,4,SAINT VINCENT THE GRENADI,0
2023,4,SAMOA,0
2023,4,SAN MARINO,0
2023,4,SAUDI ARABIA,414
2023,4,SENEGAL,3
2023,4,SERBIA,172
2023,4,SEYCHELLES,33
2023,4,SIERRA LEONE,4
2023,4,SINGAPORE,500
2023,4,SLOVAKIA,475
2023,4,SLOVENIA,197
2023,4,SOLOMON ISLANDS,0
2023,4,SOMALIA,3
2023,4,SOUTH AFRICA-ZUID AFRIKA,315
2023,4,SOUTH KOREA,469
2023,4,SOUTH SUDAN,0
2023,4,SPAIN,1619
2023,4,SUDAN,44
2023,4,SURINAME,1
2023,4,SWAZILAND,0
2023,4,SWEDEN,509
2023,4,SWITZERLAND,2091
2023,4,SYRIAN ARAB,0
2023,4,TAIWAN,244
2023,4,TAJIKISTAN,9
2023,4,TANZANIA,11
2023,4,THAILAND,406
2023,4,TIMOR-LESTE,6
2023,4,TOGO,3
2023,4,TONGA,0
2023,4,TRINIDAD AND TOBAGO,5
2023,4,TUNISIA,106
2023,4,TURKEY,289
2023,4,TURKMENISTAN,13
2023,4,TUVALU,0
2023,4,UGANDA,4
2023,4,UKRAINE,326
2023,4,UNITED ARAB EMIRATES,169
2023,4,UNITED KINGDOM,8743
2023,4,UNITED STATES,3940
2023,4,URUGUAY,14
2023,4,UZBEKISTAN,25
2023,4,VANUATU,5
2023,4,VENEZUELA,18
2023,4,VIETNAM,141
2023,4,YEMEN,22
2023,4,ZAMBIA,6
2023,4,ZIMBABWE,16
2023,5,AFGHANISTAN,24
2023,5,ALBANIA,7
2023,5,ALGERIA,22
2023,5,ANDORRA,2
2023,5,ANGOLA,0
2023,5,ANTIGUA AND BARBUDA,1
2023,5,ARGENTINA,66
2023,5,ARMENIA,74
2023,5,ARUBA,1
2023,5,AUSTRALIA,4201
2023,5,AUSTRIA,440
2023,5,AZERBAIJAN,54
2023,5,BAHAMAS,0
2023,5,BAHRAIN,78
2023,5,BANGLADESH,1145
2023,5,BARBADOS,1
2023,5,BELARUS,428
2023,5,BELGIUM,420
2023,5,BELIZE,0
2023,5,BENIN,0
2023,5,BHUTAN,21
2023,5,BOLIVIA,5
2023,5,BOSNIA AND HERZEGOVINA,18
2023,5,BOTSWANA,7
2023,5,BRAZIL,74
2023,5,BRUNEI,0
2023,5,BULGARIA,18
2023,5,BURKINA FASO,4
2023,5,BURUNDI,0
2023,5,CAMBODIA,75
2023,5,CAMEROON,2
2023,5,CANADA,3753
2023,5,CAPE VERDE,0
2023,5,CENTRAL AFRICAN,0
2023,5,CHAD,0
2023,5,CHILE,33
2023,5,CHINA,4173
2023,5,COLOMBIA,33
2023,5,COMOROS,5
2023,5,COSTA RICA,3
2023,5,COTE D IVOIRE,0
2023,5,CROATIA,24
2023,5,CUBA,6
2023,5,CYPRUS,28
2023,5,CZECHIA,259
2023,5,DEMOCRATIC REPUBLIC OF THE CONGO,2
2023,5,DENMARK,348
2023,5,DJIBOUTI,0
2023,5,DOMINICA,4
2023,5,DOMINICAN REPUBLIC,1
2023,5,ECUADOR,6
2023,5,EGYPT,164
2023,5,EL SALVADOR,4
2023,5,ERITREA,4
2023,5,ESTONIA,35
2023,5,ETHIOPIA,5
2023,5,FIJI,8
2023,5,FINLAND,93
2023,5,FRANCE,2414
2023,5,GABON,0
2023,5,GAMBIA,0
2023,5,GEORGIA,51
2023,5,GERMANY,6854
2023,5,GHANA,5
2023,5,GREECE,48
2023,5,GRENADA,1
2023,5,GUATEMALA,1
2023,5,GUINEA,0
2023,5,GUYANA,1
2023,5,HAITI,0
2023,5,HONDURAS,2
2023,5,HUNGARY,72
2023,5,ICELAND,16
2023,5,INDIA,23016
2023,5,INDONESIA,142
2023,5,IRAN,259
2023,5,IRAQ,58
2023,5,IRELAND,186
2023,5,ISRAEL,863
2023,5,ITALY,680
2023,5,JAMAICA,3
2023,5,JAPAN,876
2023,5,JORDAN,249
2023,5,KAZAKHSTAN,75
2023,5,KENYA,24
2023,5,KIRIBATI,0
2023,5,KOSOVAR,9
2023,5,KUWAIT,99
2023,5,KYRGYZSTAN,36
2023,5,LAOS,8
2023,5,LATVIA,39
2023,5,LEBANON,161
2023,5,LESOTHO,0
2023,5,LIBERIA,0
2023,5,LIBYA,5
2023,5,LIECHTENSTEIN,10
2023,5,LITHUANIA,59
2023,5,LUXEMBOURG,33
2023,5,MADAGASCAR,9
2023,5,MALAWI,4
2023,5,MALAYSIA,895
2023,5,MALDIVES,2438
2023,5,MALI,1
2023,5,MALTA,17
2023,5,MARSHALL ISLANDS,0
2023,5,MAURITANIA,0
2023,5,MAURITIUS,25
2023,5,MEXICO,46
2023,5,MOLDOVA,14
2023,5,MONACO,0
2023,5,MONGOLIA,2
2023,5,MONTENEGRO,2
2023,5,MOROCCO,40
2023,5,MOZAMBIQUE,0
2023,5,MYANMAR,90
2023,5,NAMIBIA,4
2023,5,NAURU,0
2023,5,NEPAL,361
2023,5,NETHERLANDS,1072
2023,5,NEW ZEALAND,540
2023,5,NICARAGUA,1
2023,5,NIGER,1
2023,5,NIGERIA,4
2023,5,NORTH MACEDONIA,4
2023,5,NORWAY,344
2023,5,OMAN,93
2023,5,PAKISTAN,580
2023,5,PALAU,0
2023,5,PALESTINIAN TERRITORIES,41
2023,5,PANAMA,1
2023,5,PARAGUAY,2
2023,5,PERU,6
2023,5,PHILIPPINES,300
2023,5,POLAND,616
2023,5,PORTUGAL,155
2023,5,QATAR,25
2023,5,ROMANIA,163
2023,5,RUSSIA,7760
2023,5,RWANDA,3
2023,5,SAINT KITTS AND NEVIS,7
2023,5,SAINT LUCIA,0
2023,5,SAINT VINCENT THE GRENADI,0
2023,5,SAMOA,0
2023,5,SAN MARINO,1
2023,5,SAUDI ARABIA,372
2023,5,SENEGAL,0
2023,5,SERBIA,41
2023,5,SEYCHELLES,30
2023,5,SIERRA LEONE,0
2023,5,SINGAPORE,691
2023,5,SLOVAKIA,172
2023,5,SLOVENIA,25
2023,5,SOLOMON ISLANDS,0
2023,5,SOMALIA,4
2023,5,SOUTH AFRICA-ZUID AFRIKA,145
2023,5,SOUTH KOREA,498
2023,5,SOUTH SUDAN,8
2023,5,SPAIN,857
2023,5,SUDAN,31
2023,5,SURINAME,0
2023,5,SWAZILAND,2
2023,5,SWEDEN,287
2023,5,SWITZERLAND,1208
2023,5,SYRIAN ARAB,2
2023,5,TAIWAN,211
2023,5,TAJIKISTAN,11
2023,5,TANZANIA,9
2023,5,THAILAND,455
2023,5,TIMOR-LESTE,0
2023,5,TOGO,1
2023,5,TONGA,4
2023,5,TRINIDAD AND TOBAGO,5
2023,5,TUNISIA,27
2023,5,TURKEY,141
2023,5,TURKMENISTAN,7
2023,5,TUVALU,0
2023,5,UGANDA,7
2023,5,UKRAINE,167
2023,5,UNITED ARAB EMIRATES,155
2023,5,UNITED KINGDOM,5987
2023,5,UNITED STATES,3240
2023,5,URUGUAY,5
2023,5,UZBEKISTAN,26
2023,5,VANUATU,3
2023,5,VENEZUELA,3
2023,5,VIETNAM,233
2023,5,YEMEN,25
2023,5,ZAMBIA,3
2023,5,ZIMBABWE,10
2023,6,AFGHANISTAN,6
2023,6,ALBANIA,9
2023,6,ALGERIA,25
2023,6,ANDORRA,2
2023,6,ANGOLA,0
2023,6,ANTIGUA AND BARBUDA,0
2023,6,ARGENTINA,37
2023,6,ARMENIA,85
2023,6,ARUBA,0
2023,6,AUSTRALIA,6195
2023,6,AUSTRIA,299
2023,6,AZERBAIJAN,71
2023,6,BAHAMAS,2
2023,6,BAHRAIN,171
2023,6,BANGLADESH,1072
2023,6,BARBADOS,1
2023,6,BELARUS,441
2023,6,BELGIUM,438
2023,6,BELIZE,1
2023,6,BENIN,0
2023,6,BHUTAN,39
2023,6,BOLIVIA,2
2023,6,BOSNIA AND HERZEGOVINA,3
2023,6,BOTSWANA,3
2023,6,BRAZIL,84
2023,6,BRUNEI,3
2023,6,BULGARIA,16
2023,6,BURKINA FASO,0
2023,6,BURUNDI,0
2023,6,CAMBODIA,75
2023,6,CAMEROON,2
2023,6,CANADA,4509
2023,6,CAPE VERDE,0
2023,6,CENTRAL AFRICAN,0
2023,6,CHAD,0
2023,6,CHILE,42
2023,6,CHINA,5105
2023,6,COLOMBIA,42
2023,6,COMOROS,12
2023,6,COSTA RICA,7
2023,6,COTE D IVOIRE,1
2023,6,CROATIA,23
2023,6,CUBA,2
2023,6,CYPRUS,49
2023,6,CZECHIA,277
2023,6,DEMOCRATIC REPUBLIC OF THE CONGO,3
2023,6,DENMARK,680
2023,6,DJIBOUTI,1
2023,6,DOMINICA,7
2023,6,DOMINICAN REPUBLIC,3
2023,6,ECUADOR,8
2023,6,EGYPT,260
2023,6,EL SALVADOR,2
2023,6,ERITREA,3
2023,6,ESTONIA,19
2023,6,ETHIOPIA,12
2023,6,FIJI,9
2023,6,FINLAND,116
2023,6,FRANCE,2895
2023,6,GABON,1
2023,6,GAMBIA,0
2023,6,GEORGIA,44
2023,6,GERMANY,5090
2023,6,GHANA,3
2023,6,GREECE,38
2023,6,GRENADA,0
2023,6,GUATEMALA,0
2023,6,GUINEA,1
2023,6,GUYANA,1
2023,6,HAITI,1
2023,6,HONDURAS,2
2023,6,HUNGARY,98
2023,6,ICELAND,11
2023,6,INDIA,26830
2023,6,INDONESIA,200
2023,6,IRAN,330
2023,6,IRAQ,85
2023,6,IRELAND,423
2023,6,ISRAEL,856
2023,6,ITALY,1265
2023,6,JAMAICA,7
2023,6,JAPAN,1017
2023,6,JORDAN,396
2023,6,KAZAKHSTAN,96
2023,6,KENYA,35
2023,6,KIRIBATI,2
2023,6,KOSOVAR,0
2023,6,KUWAIT,183
2023,6,KYRGYZSTAN,30
2023,6,LAOS,7
2023,6,LATVIA,31
2023,6,LEBANON,279
2023,6,LESOTHO,2
2023,6,LIBERIA,1
2023,6,LIBYA,3
2023,6,LIECHTENSTEIN,3
2023,6,LITHUANIA,77
2023,6,LUXEMBOURG,14
2023,6,MADAGASCAR,10
2023,6,MALAWI,2
2023,6,MALAYSIA,779
2023,6,MALDIVES,4080
2023,6,MALI,1
2023,6,MALTA,32
2023,6,MARSHALL ISLANDS,0
2023,6,MAURITANIA,0
2023,6,MAURITIUS,29
2023,6,MEXICO,34
2023,6,MOLDOVA,17
2023,6,MONACO,1
2023,6,MONGOLIA,7
2023,6,MONTENEGRO,1
2023,6,MOROCCO,86
2023,6,MOZAMBIQUE,1
2023,6,MYANMAR,53
2023,6,NAMIBIA,1
2023,6,NAURU,5
2023,6,NEPAL,374
2023,6,NETHERLANDS,1258
2023,6,NEW ZEALAND,853
2023,6,NICARAGUA,1
2023,6,NIGER,0
2023,6,NIGERIA,15
2023,6,NORTH MACEDONIA,15
2023,6,NORWAY,1281
2023,6,OMAN,212
2023,6,PAKISTAN,711
2023,6,PALAU,0
2023,6,PALESTINIAN TERRITORIES,65
2023,6,PANAMA,2
2023,6,PAPUA NEW GUINEA,8
2023,6,PARAGUAY,2
2023,6,PERU,8
2023,6,PHILIPPINES,410
2023,6,POLAND,702
2023,6,PORTUGAL,181
2023,6,QATAR,145
2023,6,ROMANIA,148
2023,6,RUSSIA,7968
2023,6,RWANDA,3
2023,6,SAINT KITTS AND NEVIS,12
2023,6,SAINT LUCIA,0
2023,6,SAINT VINCENT THE GRENADI,0
2023,6,SAMOA,0
2023,6,SAN MARINO,0
2023,6,SAUDI ARABIA,595
2023,6,SENEGAL,1
2023,6,SERBIA,31
2023,6,SEYCHELLES,110
2023,6,SIERRA LEONE,0
2023,6,SINGAPORE,1164
2023,6,SLOVAKIA,129
2023,6,SLOVENIA,49
2023,6,SOLOMON ISLANDS,1
2023,6,SOMALIA,4
2023,6,SOUTH AFRICA-ZUID AFRIKA,291
2023,6,SOUTH KOREA,516
2023,6,SOUTH SUDAN,1
2023,6,SPAIN,1229
2023,6,SUDAN,73
2023,6,SURINAME,2
2023,6,SWAZILAND,0
2023,6,SWEDEN,622
2023,6,SWITZERLAND,1334
2023,6,SYRIAN ARAB,1
2023,6,TAIWAN,637
2023,6,TAJIKISTAN,11
2023,6,TANZANIA,8
2023,6,THAILAND,414
2023,6,TIMOR-LESTE,6
2023,6,TOGO,1
2023,6,TONGA,0
2023,6,TRINIDAD AND TOBAGO,4
2023,6,TUNISIA,50
2023,6,TURKEY,275
2023,6,TURKMENISTAN,5
2023,6,TUVALU,0
2023,6,UGANDA,15
2023,6,UKRAINE,200
2023,6,UNITED ARAB EMIRATES,404
2023,6,UNITED KINGDOM,7981
2023,6,UNITED STATES,3806
2023,6,URUGUAY,5
2023,6,UZBEKISTAN,33
2023,6,VANUATU,2
2023,6,VENEZUELA,8
2023,6,VIETNAM,192
2023,6,YEMEN,23
2023,6,ZAMBIA,2
2023,6,ZIMBABWE,9
2023,7,AFGHANISTAN,30
2023,7,ALBANIA,12
2023,7,ALGERIA,29
2023,7,ANDORRA,7
2023,7,ANGOLA,1
2023,7,ANTIGUA AND BARBUDA,1
2023,7,ARGENTINA,34
2023,7,ARMENIA,123
2023,7,ARUBA,0
2023,7,AUSTRALIA,5323
2023,7,AUSTRIA,979
2023,7,AZERBAIJAN,191
2023,7,BAHAMAS,3
2023,7,BAHRAIN,204
2023,7,BANGLADESH,1520
2023,7,BARBADOS,1
2023,7,BELARUS,453
2023,7,BELGIUM,2259
2023,7,BELIZE,0
2023,7,BENIN,0
2023,7,BHUTAN,41
2023,7,BOLIVIA,2
2023,7,BOSNIA AND HERZEGOVINA,10
2023,7,BOTSWANA,11
2023,7,BRAZIL,69
2023,7,BRUNEI,5
2023,7,BULGARIA,45
2023,7,BURKINA FASO,0
2023,7,BURUNDI,1
2023,7,CAMBODIA,47
2023,7,CAMEROON,2
2023,7,CANADA,5737
2023,7,CAPE VERDE,1
2023,7,CENTRAL AFRICAN,0
2023,7,CHAD,0
2023,7,CHILE,27
2023,7,CHINA,10062
2023,7,COLOMBIA,22
2023,7,COMOROS,16
2023,7,COSTA RICA,3
2023,7,COTE D IVOIRE,0
2023,7,CROATIA,59
2023,7,CUBA,2
2023,7,CYPRUS,112
2023,7,CZECHIA,789
2023,7,DEMOCRATIC REPUBLIC OF THE CONGO,2
2023,7,DENMARK,1721
2023,7,DJIBOUTI,2
2023,7,DOMINICA,6
2023,7,DOMINICAN REPUBLIC,1
2023,7,ECUADOR,6
2023,7,EGYPT,292
2023,7,EL SALVADOR,5
2023,7,ERITREA,1
2023,7,ESTONIA,15
2023,7,ETHIOPIA,19
2023,7,FIJI,18
2023,7,FINLAND,106
2023,7,FRANCE,7432
2023,7,GABON,0
2023,7,GAMBIA,0
2023,7,GEORGIA,24
2023,7,GERMANY,8013
2023,7,GHANA,1
2023,7,GREECE,101
2023,7,GRENADA,0
2023,7,GUATEMALA,4
2023,7,GUINEA,2
2023,7,GUYANA,0
2023,7,HAITI,1
2023,7,HONDURAS,1
2023,7,HUNGARY,200
2023,7,ICELAND,27
2023,7,INDIA,23461
2023,7,INDONESIA,249
2023,7,IRAN,264
2023,7,IRAQ,100
2023,7,IRELAND,517
2023,7,ISRAEL,1919
2023,7,ITALY,2370
2023,7,JAMAICA,3
2023,7,JAPAN,1454
2023,7,JORDAN,545
2023,7,KAZAKHSTAN,106
2023,7,KENYA,44
2023,7,KIRIBATI,0
2023,7,KOSOVAR,5
2023,7,KUWAIT,259
2023,7,KYRGYZSTAN,61
2023,7,LAOS,6
2023,7,LATVIA,31
2023,7,LEBANON,321
2023,7,LESOTHO,2
2023,7,LIBERIA,0
2023,7,LIBYA,3
2023,7,LIECHTENSTEIN,10
2023,7,LITHUANIA,113
2023,7,LUXEMBOURG,61
2023,7,MADAGASCAR,9
2023,7,MALAWI,1
2023,7,MALAYSIA,915
2023,7,MALDIVES,6286
2023,7,MALI,1
2023,7,MALTA,39
2023,7,MARSHALL ISLANDS,0
2023,7,MAURITANIA,0
2023,7,MAURITIUS,21
2023,7,MEXICO,44
2023,7,MOLDOVA,13
2023,7,MONACO,0
2023,7,MONGOLIA,11
2023,7,MONTENEGRO,1
2023,7,MOROCCO,81
2023,7,MOZAMBIQUE,7
2023,7,MYANMAR,93
2023,7,NAMIBIA,1
2023,7,NAURU,0
2023,7,NEPAL,375
2023,7,NETHERLANDS,6796
2023,7,NEW ZEALAND,734
2023,7,NICARAGUA,0
2023,7,NIGER,0
2023,7,NIGERIA,9
2023,7,NORTH MACEDONIA,13
2023,7,NORWAY,1643
2023,7,OMAN,427
2023,7,PAKISTAN,1223
2023,7,PALAU,0
2023,7,PALESTINIAN TERRITORIES,76
2023,7,PANAMA,1
2023,7,PAPUA NEW GUINEA,1
2023,7,PARAGUAY,4
2023,7,PERU,21
2023,7,PHILIPPINES,448
2023,7,POLAND,999
2023,7,PORTUGAL,282
2023,7,QATAR,179
2023,7,ROMANIA,172
2023,7,RUSSIA,8009
2023,7,RWANDA,1
2023,7,SAINT KITTS AND NEVIS,3
2023,7,SAINT LUCIA,0
2023,7,SAINT VINCENT THE GRENADI,0
2023,7,SAMOA,0
2023,7,SAN MARINO,0
2023,7,SAUDI ARABIA,1564
2023,7,SENEGAL,0
2023,7,SERBIA,63
2023,7,SEYCHELLES,267
2023,7,SIERRA LEONE,2
2023,7,SINGAPORE,656
2023,7,SLOVAKIA,254
2023,7,SLOVENIA,351
2023,7,SOLOMON ISLANDS,0
2023,7,SOMALIA,6
2023,7,SOUTH AFRICA-ZUID AFRIKA,232
2023,7,SOUTH KOREA,628
2023,7,SOUTH SUDAN,3
2023,7,SPAIN,2751
2023,7,SUDAN,154
2023,7,SURINAME,4
2023,7,SWAZILAND,1
2023,7,SWEDEN,560
2023,7,SWITZERLAND,4329
2023,7,SYRIAN ARAB,0
2023,7,TAIWAN,411
2023,7,TAJIKISTAN,11
2023,7,TANZANIA,9
2023,7,THAILAND,633
2023,7,TIMOR-LESTE,7
2023,7,TOGO,1
2023,7,TONGA,1
2023,7,TRINIDAD AND TOBAGO,2
2023,7,TUNISIA,71
2023,7,TURKEY,251
2023,7,TURKMENISTAN,11
2023,7,TUVALU,1
2023,7,UGANDA,27
2023,7,UKRAINE,185
2023,7,UNITED ARAB EMIRATES,576
2023,7,UNITED KINGDOM,17482
2023,7,UNITED STATES,4120
2023,7,URUGUAY,7
2023,7,UZBEKISTAN,48
2023,7,VANUATU,4
2023,7,VENEZUELA,9
2023,7,VIETNAM,195
2023,7,YEMEN,55
2023,7,ZAMBIA,5
2023,7,ZIMBABWE,16
2023,8,AFGHANISTAN,41
2023,8,ALBANIA,9
2023,8,ALGERIA,36
2023,8,ANDORRA,15
2023,8,ANGOLA,1
2023,8,ANTIGUA AND BARBUDA,6
2023,8,ARGENTINA,52
2023,8,ARMENIA,144
2023,8,ARUBA,0
2023,8,AUSTRALIA,5522
2023,8,AUSTRIA,866
2023,8,AZERBAIJAN,156
2023,8,BAHAMAS,0
2023,8,BAHRAIN,176
2023,8,BANGLADESH,1533
2023,8,BARBADOS,5
2023,8,BELARUS,497
2023,8,BELGIUM,1330
2023,8,BELIZE,1
2023,8,BENIN,1
2023,8,BHUTAN,60
2023,8,BOLIVIA,2
2023,8,BOSNIA AND HERZEGOVINA,15
2023,8,BOTSWANA,2
2023,8,BRAZIL,77
2023,8,BRUNEI,2
2023,8,BULGARIA,46
2023,8,BURKINA FASO,1
2023,8,BURUNDI,2
2023,8,CAMBODIA,9
2023,8,CAMEROON,2
2023,8,CANADA,4735
2023,8,CAPE VERDE,0
2023,8,CENTRAL AFRICAN,0
2023,8,CHAD,0
2023,8,CHILE,28
2023,8,CHINA,9262
2023,8,COLOMBIA,52
2023,8,COMOROS,6
2023,8,COSTA RICA,2
2023,8,COTE D IVOIRE,1
2023,8,CROATIA,73
2023,8,CUBA,2
2023,8,CYPRUS,282
2023,8,CZECHIA,525
2023,8,DEMOCRATIC REPUBLIC OF THE CONGO,2
2023,8,DENMARK,552
2023,8,DJIBOUTI,0
2023,8,DOMINICA,4
2023,8,DOMINICAN REPUBLIC,1
2023,8,ECUADOR,4
2023,8,EGYPT,239
2023,8,EL SALVADOR,4
2023,8,ERITREA,4
2023,8,ESTONIA,26
2023,8,ETHIOPIA,6
2023,8,FIJI,18
2023,8,FINLAND,61
2023,8,FRANCE,6223
2023,8,GABON,0
2023,8,GAMBIA,2
2023,8,GEORGIA,45
2023,8,GERMANY,8472
2023,8,GHANA,0
2023,8,GREECE,307
2023,8,GRENADA,2
2023,8,GUATEMALA,2
2023,8,GUINEA,0
2023,8,GUYANA,3
2023,8,HAITI,0
2023,8,HONDURAS,1
2023,8,HUNGARY,166
2023,8,ICELAND,5
2023,8,INDIA,30593
2023,8,INDONESIA,208
2023,8,IRAN,279
2023,8,IRAQ,103
2023,8,IRELAND,380
2023,8,ISRAEL,3396
2023,8,ITALY,5110
2023,8,JAMAICA,7
2023,8,JAPAN,2604
2023,8,JORDAN,389
2023,8,KAZAKHSTAN,75
2023,8,KENYA,106
2023,8,KIRIBATI,0
2023,8,KOSOVAR,2
2023,8,KUWAIT,293
2023,8,KYRGYZSTAN,44
2023,8,LAOS,9
2023,8,LATVIA,31
2023,8,LEBANON,250
2023,8,LESOTHO,0
2023,8,LIBERIA,0
2023,8,LIBYA,11
2023,8,LIECHTENSTEIN,2
2023,8,LITHUANIA,91
2023,8,LUXEMBOURG,78
2023,8,MADAGASCAR,8
2023,8,MALAWI,1
2023,8,MALAYSIA,1207
2023,8,MALDIVES,2596
2023,8,MALI,2
2023,8,MALTA,77
2023,8,MARSHALL ISLANDS,5
2023,8,MAURITANIA,0
2023,8,MAURITIUS,23
2023,8,MEXICO,45
2023,8,MOLDOVA,8
2023,8,MONACO,1
2023,8,MONGOLIA,8
2023,8,MONTENEGRO,9
2023,8,MOROCCO,82
2023,8,MOZAMBIQUE,2
2023,8,MYANMAR,355
2023,8,NAMIBIA,1
2023,8,NAURU,3
2023,8,NEPAL,476
2023,8,NETHERLANDS,3429
2023,8,NEW ZEALAND,575
2023,8,NICARAGUA,0
2023,8,NIGER,1
2023,8,NIGERIA,7
2023,8,NORTH MACEDONIA,9
2023,8,NORWAY,481
2023,8,OMAN,386
2023,8,PAKISTAN,1264
2023,8,PALAU,2
2023,8,PALESTINIAN TERRITORIES,133
2023,8,PANAMA,0
2023,8,PAPUA NEW GUINEA,2
2023,8,PARAGUAY,4
2023,8,PERU,10
2023,8,PHILIPPINES,468
2023,8,POLAND,1029
2023,8,PORTUGAL,368
2023,8,QATAR,134
2023,8,ROMANIA,304
2023,8,RUSSIA,6853
2023,8,RWANDA,1
2023,8,SAINT KITTS AND NEVIS,12
2023,8,SAINT LUCIA,1
2023,8,SAINT VINCENT THE GRENADI,7
2023,8,SAMOA,1
2023,8,SAN MARINO,3
2023,8,SAUDI ARABIA,708
2023,8,SENEGAL,3
2023,8,SERBIA,88
2023,8,SEYCHELLES,243
2023,8,SIERRA LEONE,1
2023,8,SINGAPORE,904
2023,8,SLOVAKIA,227
2023,8,SLOVENIA,154
2023,8,SOLOMON ISLANDS,0
2023,8,SOMALIA,2
2023,8,SOUTH AFRICA-ZUID AFRIKA,338
2023,8,SOUTH KOREA,666
2023,8,SOUTH SUDAN,0
2023,8,SPAIN,4455
2023,8,SUDAN,88
2023,8,SURINAME,5
2023,8,SWAZILAND,0
2023,8,SWEDEN,317
2023,8,SWITZERLAND,1483
2023,8,SYRIAN ARAB,0
2023,8,TAIWAN,611
2023,8,TAJIKISTAN,8
2023,8,TANZANIA,10
2023,8,THAILAND,480
2023,8,TIMOR-LESTE,0
2023,8,TOGO,0
2023,8,TONGA,0
2023,8,TRINIDAD AND TOBAGO,3
2023,8,TUNISIA,46
2023,8,TURKEY,262
2023,8,TURKMENISTAN,2
2023,8,TUVALU,2
2023,8,UGANDA,12
2023,8,UKRAINE,183
2023,8,UNITED ARAB EMIRATES,379
2023,8,UNITED KINGDOM,15035
2023,8,UNITED STATES,3107
2023,8,URUGUAY,7
2023,8,UZBEKISTAN,39
2023,8,VANUATU,3
2023,8,VENEZUELA,15
2023,8,VIETNAM,238
2023,8,YEMEN,83
2023,8,ZAMBIA,4
2023,8,ZIMBABWE,14
2023,9,AFGHANISTAN,21
2023,9,ALBANIA,3
2023,9,ALGERIA,39
2023,9,ANDORRA,4
2023,9,ANGOLA,0
2023,9,ANTIGUA AND BARBUDA,3
2023,9,ARGENTINA,42
2023,9,ARMENIA,101
2023,9,ARUBA,0
2023,9,AUSTRALIA,5969
2023,9,AUSTRIA,726
2023,9,AZERBAIJAN,82
2023,9,BAHAMAS,2
2023,9,BAHRAIN,52
2023,9,BANGLADESH,1441
2023,9,BARBADOS,1
2023,9,BELARUS,778
2023,9,BELGIUM,1061
2023,9,BELIZE,1
2023,9,BENIN,3
2023,9,BHUTAN,32
2023,9,BOLIVIA,0
2023,9,BOSNIA AND HERZEGOVINA,8
2023,9,BOTSWANA,2
2023,9,BRAZIL,82
2023,9,BRUNEI,4
2023,9,BULGARIA,60
2023,9,BURKINA FASO,0
2023,9,BURUNDI,2
2023,9,CAMBODIA,26
2023,9,CAMEROON,1
2023,9,CANADA,2426
2023,9,CAPE VERDE,0
2023,9,CENTRAL AFRICAN,0
2023,9,CHAD,1
2023,9,CHILE,19
2023,9,CHINA,8445
2023,9,COLOMBIA,49
2023,9,COMOROS,7
2023,9,COSTA RICA,5
2023,9,COTE D IVOIRE,0
2023,9,CROATIA,48
2023,9,CUBA,1
2023,9,CYPRUS,15
2023,9,CZECHIA,413
2023,9,DEMOCRATIC REPUBLIC OF THE CONGO,2
2023,9,DENMARK,472
2023,9,DJIBOUTI,1
2023,9,DOMINICA,8
2023,9,DOMINICAN REPUBLIC,5
2023,9,ECUADOR,6
2023,9,EGYPT,189
2023,9,EL SALVADOR,2
2023,9,ERITREA,1
2023,9,ESTONIA,47
2023,9,ETHIOPIA,13
2023,9,FIJI,6
2023,9,FINLAND,132
2023,9,FRANCE,2661
2023,9,GABON,0
2023,9,GAMBIA,2
2023,9,GEORGIA,19
2023,9,GERMANY,7231
2023,9,GHANA,5
2023,9,GREECE,51
2023,9,GRENADA,2
2023,9,GUATEMALA,6
2023,9,GUINEA,0
2023,9,GUYANA,1
2023,9,HAITI,0
2023,9,HONDURAS,3
2023,9,HUNGARY,97
2023,9,ICELAND,16
2023,9,INDIA,30063
2023,9,INDONESIA,184
2023,9,IRAN,1593
2023,9,IRAQ,73
2023,9,IRELAND,293
2023,9,ISRAEL,4162
2023,9,ITALY,1257
2023,9,JAMAICA,3
2023,9,JAPAN,1830
2023,9,JORDAN,242
2023,9,KAZAKHSTAN,91
2023,9,KENYA,40
2023,9,KIRIBATI,0
2023,9,KOSOVAR,3
2023,9,KUWAIT,147
2023,9,KYRGYZSTAN,37
2023,9,LAOS,13
2023,9,LATVIA,28
2023,9,LEBANON,292
2023,9,LESOTHO,0
2023,9,LIBERIA,0
2023,9,LIBYA,6
2023,9,LIECHTENSTEIN,1
2023,9,LITHUANIA,113
2023,9,LUXEMBOURG,35
2023,9,MADAGASCAR,17
2023,9,MALAWI,2
2023,9,MALAYSIA,924
2023,9,MALDIVES,2287
2023,9,MALI,2
2023,9,MALTA,105
2023,9,MARSHALL ISLANDS,0
2023,9,MAURITANIA,0
2023,9,MAURITIUS,29
2023,9,MEXICO,119
2023,9,MOLDOVA,14
2023,9,MONACO,4
2023,9,MONGOLIA,15
2023,9,MONTENEGRO,2
2023,9,MOROCCO,49
2023,9,MOZAMBIQUE,1
2023,9,MYANMAR,47
2023,9,NAMIBIA,2
2023,9,NAURU,0
2023,9,NEPAL,593
2023,9,NETHERLANDS,3177
2023,9,NEW ZEALAND,648
2023,9,NICARAGUA,3
2023,9,NIGER,1
2023,9,NIGERIA,6
2023,9,NORTH MACEDONIA,9
2023,9,NORWAY,547
2023,9,OMAN,74
2023,9,PAKISTAN,1391
2023,9,PALAU,1
2023,9,PALESTINIAN TERRITORIES,40
2023,9,PANAMA,2
2023,9,PAPUA NEW GUINEA,5
2023,9,PARAGUAY,0
2023,9,PERU,9
2023,9,PHILIPPINES,328
2023,9,POLAND,1599
2023,9,PORTUGAL,286
2023,9,QATAR,23
2023,9,ROMANIA,166
2023,9,RUSSIA,7163
2023,9,RWANDA,0
2023,9,SAINT KITTS AND NEVIS,3
2023,9,SAINT LUCIA,4
2023,9,SAINT VINCENT THE GRENADI,1
2023,9,SAMOA,0
2023,9,SAN MARINO,0
2023,9,SAUDI ARABIA,331
2023,9,SENEGAL,4
2023,9,SERBIA,76
2023,9,SEYCHELLES,103
2023,9,SIERRA LEONE,0
2023,9,SINGAPORE,759
2023,9,SLOVAKIA,258
2023,9,SLOVENIA,108
2023,9,SOLOMON ISLANDS,0
2023,9,SOMALIA,1
2023,9,SOUTH AFRICA-ZUID AFRIKA,185
2023,9,SOUTH KOREA,656
2023,9,SOUTH SUDAN,0
2023,9,SPAIN,2414
2023,9,SUDAN,33
2023,9,SURINAME,12
2023,9,SWAZILAND,0
2023,9,SWEDEN,327
2023,9,SWITZERLAND,1638
2023,9,SYRIAN ARAB,0
2023,9,TAIWAN,616
2023,9,TAJIKISTAN,8
2023,9,TANZANIA,18
2023,9,THAILAND,326
2023,9,TIMOR-LESTE,11
2023,9,TOGO,0
2023,9,TONGA,1
2023,9,TRINIDAD AND TOBAGO,2
2023,9,TUNISIA,40
2023,9,TURKEY,256
2023,9,TURKMENISTAN,5
2023,9,TUVALU,0
2023,9,UGANDA,11
2023,9,UKRAINE,233
2023,9,UNITED ARAB EMIRATES,228
2023,9,UNITED KINGDOM,7504
2023,9,UNITED STATES,2357
2023,9,URUGUAY,7
2023,9,UZBEKISTAN,52
2023,9,VANUATU,2
2023,9,VENEZUELA,1
2023,9,VIETNAM,154
2023,9,YEMEN,31
2023,9,ZAMBIA,3
2023,9,ZIMBABWE,10
2023,10,AFGHANISTAN,5
2023,10,ALBANIA,4
2023,10,ALGERIA,19
2023,10,ANDORRA,7
2023,10,ANGOLA,0
2023,10,ANTIGUA AND BARBUDA,0
2023,10,ARGENTINA,49
2023,10,ARMENIA,301
2023,10,ARUBA,0
2023,10,AUSTRALIA,4977
2023,10,AUSTRIA,778
2023,10,AZERBAIJAN,94
2023,10,BAHAMAS,0
2023,10,BAHRAIN,54
2023,10,BANGLADESH,2456
2023,10,BARBADOS,1
2023,10,BELARUS,824
2023,10,BELGIUM,666
2023,10,BELIZE,2
2023,10,BENIN,1
2023,10,BHUTAN,39
2023,10,BOLIVIA,5
2023,10,BOSNIA AND HERZEGOVINA,9
2023,10,BOTSWANA,2
2023,10,BRAZIL,94
2023,10,BRUNEI,1
2023,10,BULGARIA,94
2023,10,BURKINA FASO,2
2023,10,BURUNDI,2
2023,10,CAMBODIA,70
2023,10,CAMEROON,4
2023,10,CANADA,2302
2023,10,CAPE VERDE,0
2023,10,CENTRAL AFRICAN,0
2023,10,CHAD,0
2023,10,CHILE,30
2023,10,CHINA,6211
2023,10,COLOMBIA,30
2023,10,COMOROS,1
2023,10,COSTA RICA,8
2023,10,COTE D IVOIRE,3
2023,10,CROATIA,104
2023,10,CUBA,4
2023,10,CYPRUS,59
2023,10,CZECHIA,681
2023,10,DEMOCRATIC REPUBLIC OF THE CONGO,3
2023,10,DENMARK,556
2023,10,DJIBOUTI,1
2023,10,DOMINICA,4
2023,10,DOMINICAN REPUBLIC,6
2023,10,ECUADOR,11
2023,10,EGYPT,269
2023,10,EL SALVADOR,1
2023,10,ERITREA,1
2023,10,ESTONIA,99
2023,10,ETHIOPIA,11
2023,10,FIJI,16
2023,10,FINLAND,197
2023,10,FRANCE,2956
2023,10,GABON,0
2023,10,GAMBIA,4
2023,10,GEORGIA,88
2023,10,GERMANY,7548
2023,10,GHANA,3
2023,10,GREECE,135
2023,10,GRENADA,3
2023,10,GUATEMALA,5
2023,10,GUINEA,1
2023,10,GUYANA,2
2023,10,HAITI,1
2023,10,HONDURAS,1
2023,10,HUNGARY,211
2023,10,ICELAND,17
2023,10,INDIA,28222
2023,10,INDONESIA,256
2023,10,IRAN,530
2023,10,IRAQ,49
2023,10,IRELAND,512
2023,10,ISRAEL,460
2023,10,ITALY,967
2023,10,JAMAICA,7
2023,10,JAPAN,1295
2023,10,JORDAN,218
2023,10,KAZAKHSTAN,166
2023,10,KENYA,42
2023,10,KIRIBATI,0
2023,10,KOSOVAR,2
2023,10,KUWAIT,85
2023,10,KYRGYZSTAN,35
2023,10,LAOS,6
2023,10,LATVIA,99
2023,10,LEBANON,268
2023,10,LESOTHO,0
2023,10,LIBERIA,0
2023,10,LIBYA,3
2023,10,LIECHTENSTEIN,7
2023,10,LITHUANIA,226
2023,10,LUXEMBOURG,20
2023,10,MADAGASCAR,21
2023,10,MALAWI,9
2023,10,MALAYSIA,788
2023,10,MALDIVES,3862
2023,10,MALI,3
2023,10,MALTA,42
2023,10,MARSHALL ISLANDS,0
2023,10,MAURITANIA,1
2023,10,MAURITIUS,22
2023,10,MEXICO,54
2023,10,MOLDOVA,14
2023,10,MONACO,0
2023,10,MONGOLIA,18
2023,10,MONTENEGRO,6
2023,10,MOROCCO,45
2023,10,MOZAMBIQUE,7
2023,10,MYANMAR,63
2023,10,NAMIBIA,1
2023,10,NAURU,0
2023,10,NEPAL,632
2023,10,NETHERLANDS,2117
2023,10,NEW ZEALAND,561
2023,10,NICARAGUA,1
2023,10,NIGER,3
2023,10,NIGERIA,15
2023,10,NORTH MACEDONIA,29
2023,10,NORWAY,394
2023,10,OMAN,77
2023,10,PAKISTAN,903
2023,10,PALAU,1
2023,10,PALESTINIAN TERRITORIES,29
2023,10,PANAMA,2
2023,10,PAPUA NEW GUINEA,3
2023,10,PARAGUAY,3
2023,10,PERU,9
2023,10,PHILIPPINES,318
2023,10,POLAND,1418
2023,10,PORTUGAL,304
2023,10,QATAR,47
2023,10,ROMANIA,299
2023,10,RUSSIA,10629
2023,10,RWANDA,2
2023,10,SAINT KITTS AND NEVIS,6
2023,10,SAINT LUCIA,0
2023,10,SAINT VINCENT THE GRENADI,0
2023,10,SAMOA,2
2023,10,SAN MARINO,0
2023,10,SAUDI ARABIA,290
2023,10,SENEGAL,8
2023,10,SERBIA,82
2023,10,SEYCHELLES,143
2023,10,SIERRA LEONE,0
2023,10,SINGAPORE,600
2023,10,SLOVAKIA,394
2023,10,SLOVENIA,203
2023,10,SOLOMON ISLANDS,0
2023,10,SOMALIA,12
2023,10,SOUTH AFRICA-ZUID AFRIKA,232
2023,10,SOUTH KOREA,604
2023,10,SOUTH SUDAN,1
2023,10,SPAIN,2488
2023,10,SUDAN,36
2023,10,SURINAME,1
2023,10,SWAZILAND,0
2023,10,SWEDEN,617
2023,10,SWITZERLAND,1608
2023,10,SYRIAN ARAB,0
2023,10,TAIWAN,761
2023,10,TAJIKISTAN,23
2023,10,TANZANIA,17
2023,10,THAILAND,394
2023,10,TIMOR-LESTE,0
2023,10,TOGO,4
2023,10,TONGA,0
2023,10,TRINIDAD AND TOBAGO,4
2023,10,TUNISIA,65
2023,10,TURKEY,349
2023,10,TURKMENISTAN,9
2023,10,TUVALU,0
2023,10,UGANDA,16
2023,10,UKRAINE,305
2023,10,UNITED ARAB EMIRATES,190
2023,10,UNITED KINGDOM,8454
2023,10,UNITED STATES,2651
2023,10,URUGUAY,6
2023,10,UZBEKISTAN,68
2023,10,VANUATU,2
2023,10,VENEZUELA,5
2023,10,VIETNAM,113
2023,10,YEMEN,52
2023,10,ZAMBIA,4
2023,10,ZIMBABWE,10
2023,11,AFGHANISTAN,25
2023,11,ALBANIA,8
2023,11,ALGERIA,27
2023,11,ANDORRA,1
2023,11,ANGOLA,1
2023,11,ANTIGUA AND BARBUDA,2
2023,11,ARGENTINA,56
2023,11,ARMENIA,324
2023,11,ARUBA,0
2023,11,AUSTRALIA,7900
2023,11,AUSTRIA,1212
2023,11,AZERBAIJAN,195
2023,11,BAHAMAS,1
2023,11,BAHRAIN,82
2023,11,BANGLADESH,2674
2023,11,BARBADOS,2
2023,11,BELARUS,1508
2023,11,BELGIUM,769
2023,11,BELIZE,0
2023,11,BENIN,0
2023,11,BHUTAN,33
2023,11,BOLIVIA,3
2023,11,BOSNIA AND HERZEGOVINA,14
2023,11,BOTSWANA,3
2023,11,BRAZIL,117
2023,11,BRUNEI,6
2023,11,BULGARIA,234
2023,11,BURKINA FASO,0
2023,11,BURUNDI,2
2023,11,CAMBODIA,42
2023,11,CAMEROON,3
2023,11,CANADA,2678
2023,11,CAPE VERDE,0
2023,11,CENTRAL AFRICAN,1
2023,11,CHAD,0
2023,11,CHILE,31
2023,11,CHINA,6673
2023,11,COLOMBIA,56
2023,11,COMOROS,5
2023,11,COSTA RICA,6
2023,11,COTE D IVOIRE,1
2023,11,CROATIA,111
2023,11,CUBA,7
2023,11,CYPRUS,71
2023,11,CZECHIA,2373
2023,11,DEMOCRATIC REPUBLIC OF THE CONGO,0
2023,11,DENMARK,764
2023,11,DJIBOUTI,1
2023,11,DOMINICA,3
2023,11,DOMINICAN REPUBLIC,4
2023,11,ECUADOR,12
2023,11,EGYPT,344
2023,11,EL SALVADOR,3
2023,11,ERITREA,1
2023,11,ESTONIA,229
2023,11,ETHIOPIA,12
2023,11,FIJI,19
2023,11,FINLAND,352
2023,11,FRANCE,3882
2023,11,GABON,0
2023,11,GAMBIA,1
2023,11,GEORGIA,79
2023,11,GERMANY,12331
2023,11,GHANA,14
2023,11,GREECE,187
2023,11,GRENADA,3
2023,11,GUATEMALA,10
2023,11,GUINEA,1
2023,11,GUYANA,3
2023,11,HAITI,2
2023,11,HONDURAS,6
2023,11,HUNGARY,505
2023,11,ICELAND,19
2023,11,INDIA,30339
2023,11,INDONESIA,217
2023,11,IRAN,783
2023,11,IRAQ,37
2023,11,IRELAND,489
2023,11,ISRAEL,187
2023,11,ITALY,1662
2023,11,JAMAICA,5
2023,11,JAPAN,2875
2023,11,JORDAN,152
2023,11,KAZAKHSTAN,193
2023,11,KENYA,30
2023,11,KIRIBATI,0
2023,11,KOSOVAR,3
2023,11,KUWAIT,66
2023,11,KYRGYZSTAN,79
2023,11,LAOS,10
2023,11,LATVIA,293
2023,11,LEBANON,171
2023,11,LESOTHO,0
2023,11,LIBERIA,1
2023,11,LIBYA,7
2023,11,LIECHTENSTEIN,8
2023,11,LITHUANIA,396
2023,11,LUXEMBOURG,29
2023,11,MADAGASCAR,13
2023,11,MALAWI,7
2023,11,MALAYSIA,1084
2023,11,MALDIVES,2420
2023,11,MALI,2
2023,11,MALTA,37
2023,11,MARSHALL ISLANDS,0
2023,11,MAURITANIA,1
2023,11,MAURITIUS,40
2023,11,MEXICO,82
2023,11,MOLDOVA,49
2023,11,MONACO,0
2023,11,MONGOLIA,14
2023,11,MONTENEGRO,6
2023,11,MOROCCO,64
2023,11,MOZAMBIQUE,3
2023,11,MYANMAR,138
2023,11,NAMIBIA,3
2023,11,NAURU,0
2023,11,NEPAL,411
2023,11,NETHERLANDS,2370
2023,11,NEW ZEALAND,749
2023,11,NICARAGUA,1
2023,11,NIGER,0
2023,11,NIGERIA,13
2023,11,NORTH MACEDONIA,16
2023,11,NORWAY,622
2023,11,OMAN,122
2023,11,PAKISTAN,962
2023,11,PALAU,0
2023,11,PALESTINIAN TERRITORIES,26
2023,11,PANAMA,3
2023,11,PAPUA NEW GUINEA,0
2023,11,PARAGUAY,0
2023,11,PERU,20
2023,11,PHILIPPINES,296
2023,11,POLAND,3343
2023,11,PORTUGAL,557
2023,11,QATAR,27
2023,11,ROMANIA,516
2023,11,RUSSIA,24912
2023,11,RWANDA,2
2023,11,SAINT KITTS AND NEVIS,8
2023,11,SAINT LUCIA,2
2023,11,SAINT VINCENT THE GRENADI,0
2023,11,SAMOA,0
2023,11,SAN MARINO,2
2023,11,SAUDI ARABIA,872
2023,11,SENEGAL,2
2023,11,SERBIA,164
2023,11,SEYCHELLES,103
2023,11,SIERRA LEONE,1
2023,11,SINGAPORE,1140
2023,11,SLOVAKIA,617
2023,11,SLOVENIA,195
2023,11,SOLOMON ISLANDS,1
2023,11,SOMALIA,2
2023,11,SOUTH AFRICA-ZUID AFRIKA,274
2023,11,SOUTH KOREA,867
2023,11,SOUTH SUDAN,2
2023,11,SPAIN,2673
2023,11,SUDAN,145
2023,11,SURINAME,1
2023,11,SWAZILAND,2
2023,11,SWEDEN,948
2023,11,SWITZERLAND,1970
2023,11,SYRIAN ARAB,0
2023,11,TAIWAN,553
2023,11,TAJIKISTAN,7
2023,11,TANZANIA,8
2023,11,THAILAND,380
2023,11,TIMOR-LESTE,4
2023,11,TOGO,0
2023,11,TONGA,0
2023,11,TRINIDAD AND TOBAGO,5
2023,11,TUNISIA,45
2023,11,TURKEY,566
2023,11,TURKMENISTAN,13
2023,11,TUVALU,0
2023,11,UGANDA,9
2023,11,UKRAINE,479
2023,11,UNITED ARAB EMIRATES,148
2023,11,UNITED KINGDOM,11526
2023,11,UNITED STATES,4299
2023,11,URUGUAY,6
2023,11,UZBEKISTAN,51
2023,11,VANUATU,4
2023,11,VENEZUELA,11
2023,11,VIETNAM,335
2023,11,YEMEN,34
2023,11,ZAMBIA,1
2023,11,ZIMBABWE,14
2023,12,AFGHANISTAN,16
2023,12,ALBANIA,12
2023,12,ALGERIA,29
2023,12,ANDORRA,6
2023,12,ANGOLA,5
2023,12,ANTIGUA AND BARBUDA,3
2023,12,ARGENTINA,67
2023,12,ARMENIA,653
2023,12,ARUBA,1
2023,12,AUSTRALIA,10847
2023,12,AUSTRIA,1883
2023,12,AZERBAIJAN,194
2023,12,BAHAMAS,5
2023,12,BAHRAIN,104
2023,12,BANGLADESH,3185
2023,12,BARBADOS,0
2023,12,BELARUS,1566
2023,12,BELGIUM,995
2023,12,BELIZE,0
2023,12,BENIN,3
2023,12,BHUTAN,68
2023,12,BOLIVIA,4
2023,12,BOSNIA AND HERZEGOVINA,50
2023,12,BOTSWANA,21
2023,12,BRAZIL,236
2023,12,BRUNEI,3
2023,12,BULGARIA,555
2023,12,BURKINA FASO,0
2023,12,BURUNDI,1
2023,12,CAMBODIA,28
2023,12,CAMEROON,1
2023,12,CANADA,3640
2023,12,CAPE VERDE,0
2023,12,CENTRAL AFRICAN,1
2023,12,CHAD,0
2023,12,CHILE,41
2023,12,CHINA,8274
2023,12,COLOMBIA,79
2023,12,COMOROS,2
2023,12,COSTA RICA,10
2023,12,COTE D IVOIRE,0
2023,12,CROATIA,172
2023,12,CUBA,6
2023,12,CYPRUS,95
2023,12,CZECHIA,2466
2023,12,DEMOCRATIC REPUBLIC OF THE CONGO,1
2023,12,DENMARK,1440
2023,12,DJIBOUTI,1
2023,12,DOMINICA,20
2023,12,DOMINICAN REPUBLIC,2
2023,12,ECUADOR,12
2023,12,EGYPT,472
2023,12,EL SALVADOR,4
2023,12,ERITREA,0
2023,12,ESTONIA,706
2023,12,ETHIOPIA,19
2023,12,FIJI,40
2023,12,FINLAND,473
2023,12,FRANCE,5509
2023,12,GABON,0
2023,12,GAMBIA,7
2023,12,GEORGIA,83
2023,12,GERMANY,13747
2023,12,GHANA,2
2023,12,GREECE,344
2023,12,GRENADA,2
2023,12,GUATEMALA,6
2023,12,GUINEA,1
2023,12,GUYANA,1
2023,12,HAITI,2
2023,12,HONDURAS,2
2023,12,HUNGARY,1040
2023,12,ICELAND,39
2023,12,INDIA,43973
2023,12,INDONESIA,277
2023,12,IRAN,900
2023,12,IRAQ,94
2023,12,IRELAND,852
2023,12,ISRAEL,421
2023,12,ITALY,3389
2023,12,JAMAICA,10
2023,12,JAPAN,2554
2023,12,JORDAN,304
2023,12,KAZAKHSTAN,2399
2023,12,KENYA,126
2023,12,KIRIBATI,0
2023,12,KOSOVAR,4
2023,12,KUWAIT,150
2023,12,KYRGYZSTAN,238
2023,12,LAOS,10
2023,12,LATVIA,476
2023,12,LEBANON,484
2023,12,LESOTHO,0
2023,12,LIBERIA,0
2023,12,LIBYA,4
2023,12,LIECHTENSTEIN,8
2023,12,LITHUANIA,490
2023,12,LUXEMBOURG,62
2023,12,MADAGASCAR,20
2023,12,MALAWI,4
2023,12,MALAYSIA,1784
2023,12,MALDIVES,5968
2023,12,MALI,1
2023,12,MALTA,163
2023,12,MARSHALL ISLANDS,0
2023,12,MAURITANIA,3
2023,12,MAURITIUS,194
2023,12,MEXICO,147
2023,12,MOLDOVA,89
2023,12,MONACO,4
2023,12,MONGOLIA,5
2023,12,MONTENEGRO,4
2023,12,MOROCCO,134
2023,12,MOZAMBIQUE,2
2023,12,MYANMAR,103
2023,12,NAMIBIA,3
2023,12,NAURU,0
2023,12,NEPAL,468
2023,12,NETHERLANDS,2672
2023,12,NEW ZEALAND,1343
2023,12,NICARAGUA,1
2023,12,NIGER,0
2023,12,NIGERIA,6
2023,12,NORTH MACEDONIA,37
2023,12,NORWAY,1035
2023,12,OMAN,108
2023,12,PAKISTAN,1168
2023,12,PALAU,0
2023,12,PALESTINIAN TERRITORIES,43
2023,12,PANAMA,1
2023,12,PAPUA NEW GUINEA,16
2023,12,PARAGUAY,0
2023,12,PERU,22
2023,12,PHILIPPINES,448
2023,12,POLAND,3217
2023,12,PORTUGAL,527
2023,12,QATAR,33
2023,12,ROMANIA,955
2023,12,RUSSIA,29657
2023,12,RWANDA,7
2023,12,SAINT KITTS AND NEVIS,10
2023,12,SAINT LUCIA,1
2023,12,SAINT VINCENT THE GRENADI,0
2023,12,SAMOA,0
2023,12,SAN MARINO,0
2023,12,SAUDI ARABIA,293
2023,12,SENEGAL,2
2023,12,SERBIA,215
2023,12,SEYCHELLES,275
2023,12,SIERRA LEONE,0
2023,12,SINGAPORE,1601
2023,12,SLOVAKIA,462
2023,12,SLOVENIA,227
2023,12,SOLOMON ISLANDS,1
2023,12,SOMALIA,9
2023,12,SOUTH AFRICA-ZUID AFRIKA,901
2023,12,SOUTH KOREA,957
2023,12,SOUTH SUDAN,0
2023,12,SPAIN,2667
2023,12,SUDAN,65
2023,12,SURINAME,0
2023,12,SWAZILAND,5
2023,12,SWEDEN,2118
2023,12,SWITZERLAND,2654
2023,12,SYRIAN ARAB,0
2023,12,TAIWAN,374
2023,12,TAJIKISTAN,27
2023,12,TANZANIA,23
2023,12,THAILAND,637
2023,12,TIMOR-LESTE,0
2023,12,TOGO,0
2023,12,TONGA,0
2023,12,TRINIDAD AND TOBAGO,10
2023,12,TUNISIA,107
2023,12,TURKEY,515
2023,12,TURKMENISTAN,23
2023,12,TUVALU,0
2023,12,UGANDA,7
2023,12,UKRAINE,1042
2023,12,UNITED ARAB EMIRATES,342
2023,12,UNITED KINGDOM,19265
2023,12,UNITED STATES,8044
2023,12,URUGUAY,3
2023,12,UZBEKISTAN,242
2023,12,VANUATU,7
2023,12,VENEZUELA,13
2023,12,VIETNAM,202
2023,12,YEMEN,44
2023,12,ZAMBIA,6
2023,12,ZIMBABWE,37
2024,1,AFGHANISTAN,26
2024,1,ALBANIA,7
2024,1,ALGERIA,18
2024,1,ANDORRA,3
2024,1,ANGOLA,8
2024,1,ANTIGUA AND BARBUDA,3
2024,1,ARGENTINA,141
2024,1,ARMENIA,510
2024,1,ARUBA,0
2024,1,AUSTRALIA,6645
2024,1,AUSTRIA,2385
2024,1,AZERBAIJAN,163
2024,1,BAHAMAS,0
2024,1,BAHRAIN,122
2024,1,BANGLADESH,2329
2024,1,BARBADOS,0
2024,1,BELARUS,2342
2024,1,BELGIUM,1313
2024,1,BELIZE,1
2024,1,BENIN,0
2024,1,BHUTAN,135
2024,1,BOLIVIA,8
2024,1,BOSNIA AND HERZEGOVINA,37
2024,1,BOTSWANA,3
2024,1,BRAZIL,236
2024,1,BRUNEI,1
2024,1,BULGARIA,656
2024,1,BURKINA FASO,0
2024,1,BURUNDI,0
2024,1,CAMBODIA,42
2024,1,CAMEROON,1
2024,1,CANADA,4126
2024,1,CAPE VERDE,0
2024,1,CENTRAL AFRICAN,0
2024,1,CHAD,0
2024,1,CHILE,56
2024,1,CHINA,12528
2024,1,COLOMBIA,54
2024,1,COMOROS,6
2024,1,CONGO,2
2024,1,COSTA RICA,20
2024,1,COTE D IVOIRE,0
2024,1,CROATIA,281
2024,1,CUBA,6
2024,1,CYPRUS,91
2024,1,CZECHIA,3484
2024,1,DENMARK,2542
2024,1,DJIBOUTI,1
2024,1,DOMINICA,7
2024,1,DOMINICAN REPUBLIC,8
2024,1,ECUADOR,9
2024,1,EGYPT,396
2024,1,EL SALVADOR,2
2024,1,EQUATORIAL GUINEA,0
2024,1,ERITREA,1
2024,1,ESTONIA,910
2024,1,ETHIOPIA,8
2024,1,FIJI,16
2024,1,FINLAND,737
2024,1,FRANCE,9919
2024,1,GABON,0
2024,1,GAMBIA,0
2024,1,GEORGIA,216
2024,1,GERMANY,13593
2024,1,GHANA,3
2024,1,GREECE,264
2024,1,GRENADA,1
2024,1,GUATEMALA,2
2024,1,GUINEA,0
2024,1,GUINEA-BISSAU,0
2024,1,GUYANA,0
2024,1,HAITI,1
2024,1,HONDURAS,1
2024,1,HUNGARY,1544
2024,1,ICELAND,41
2024,1,INDIA,34399
2024,1,INDONESIA,224
2024,1,IRAN,688
2024,1,IRAQ,54
2024,1,IRELAND,797
2024,1,ISRAEL,773
2024,1,ITALY,3485
2024,1,JAMAICA,4
2024,1,JAPAN,1993
2024,1,JORDAN,180
2024,1,KAZAKHSTAN,3350
2024,1,KENYA,42
2024,1,KIRIBATI,0
2024,1,KOSOVAR,1
2024,1,KUWAIT,231
2024,1,KYRGYZSTAN,239
2024,1,LAOS,4
2024,1,LATVIA,750
2024,1,LEBANON,155
2024,1,LESOTHO,0
2024,1,LIBERIA,0
2024,1,LIBYA,2
2024,1,LIECHTENSTEIN,7
2024,1,LITHUANIA,1015
2024,1,LUXEMBOURG,70
2024,1,MADAGASCAR,13
2024,1,MALAWI,3
2024,1,MALAYSIA,1096
2024,1,MALDIVES,2919
2024,1,MALI,0
2024,1,MALTA,92
2024,1,MARSHALL ISLANDS,1
2024,1,MAURITANIA,0
2024,1,MAURITIUS,48
2024,1,MEXICO,96
2024,1,MICRONESIA,0
2024,1,MOLDOVA,134
2024,1,MONACO,5
2024,1,MONGOLIA,15
2024,1,MONTENEGRO,34
2024,1,MOROCCO,62
2024,1,MOZAMBIQUE,2
2024,1,MYANMAR,106
2024,1,NAMIBIA,3
2024,1,NAURU,0
2024,1,NEPAL,625
2024,1,NETHERLANDS,4531
2024,1,NETHERLANDS ANTILLES,0
2024,1,NEW ZEALAND,732
2024,1,NICARAGUA,1
2024,1,NIGER,0
2024,1,NIGERIA,1
2024,1,NORTH MACEDONIA,20
2024,1,NORWAY,1226
2024,1,OMAN,236
2024,1,PAKISTAN,956
2024,1,PALAU,0
2024,1,PALESTINIAN TERRITORIES,25
2024,1,PANAMA,4
2024,1,PAPUA NEW GUINEA,3
2024,1,PARAGUAY,2
2024,1,PERU,24
2024,1,PHILIPPINES,262
2024,1,POLAND,7800
2024,1,PORTUGAL,487
2024,1,QATAR,41
2024,1,ROMANIA,853
2024,1,RUSSIA,31159
2024,1,RWANDA,1
2024,1,SAINT KITTS AND NEVIS,17
2024,1,SAINT LUCIA,1
2024,1,SAINT VINCENT THE GRENADI,0
2024,1,SAMOA,0
2024,1,SAN MARINO,6
2024,1,SAUDI ARABIA,511
2024,1,SENEGAL,4
2024,1,SERBIA,314
2024,1,SEYCHELLES,211
2024,1,SIERRA LEONE,2
2024,1,SINGAPORE,804
2024,1,SLOVAKIA,990
2024,1,SLOVENIA,275
2024,1,SOLOMON ISLANDS,0
2024,1,SOMALIA,6
2024,1,SOUTH AFRICA,332
2024,1,SOUTH KOREA,1677
2024,1,SOUTH SUDAN,3
2024,1,SPAIN,2004
2024,1,SUDAN,54
2024,1,SURINAME,2
2024,1,SWAZILAND,2
2024,1,SWEDEN,1921
2024,1,SWITZERLAND,2951
2024,1,SYRIAN ARAB,2
2024,1,TAJIKISTAN,18
2024,1,TANZANIA,12
2024,1,THAILAND,505
2024,1,TIMOR-LESTE,4
2024,1,TOGO,0
2024,1,TONGA,1
2024,1,TRINIDAD AND TOBAGO,6
2024,1,TUNISIA,56
2024,1,TURKEY,717
2024,1,TURKMENISTAN,11
2024,1,TUVALU,0
2024,1,UGANDA,11
2024,1,UKRAINE,1485
2024,1,UNITED ARAB EMIRATES,219
2024,1,UNITED KINGDOM,16665
2024,1,UNITED STATES,5712
2024,1,URUGUAY,12
2024,1,UZBEKISTAN,402
2024,1,VANUATU,1
2024,1,VENEZUELA,3
2024,1,VIETNAM,166
2024,1,YEMEN,29
2024,1,ZAMBIA,1
2024,1,ZIMBABWE,36
2024,2,AFGHANISTAN,21
2024,2,ALBANIA,6
2024,2,ALGERIA,38
2024,2,ANDORRA,6
2024,2,ANGOLA,0
2024,2,ANTIGUA AND BARBUDA,5
2024,2,ARGENTINA,79
2024,2,ARMENIA,264
2024,2,ARUBA,0
2024,2,AUSTRALIA,6265
2024,2,AUSTRIA,2372
2024,2,AZERBAIJAN,157
2024,2,BAHAMAS,0
2024,2,BAHRAIN,81
2024,2,BANGLADESH,2389
2024,2,BARBADOS,1
2024,2,BELARUS,1884
2024,2,BELGIUM,1577
2024,2,BELIZE,2
2024,2,BENIN,0
2024,2,BHUTAN,67
2024,2,BOLIVIA,7
2024,2,BOSNIA AND HERZEGOVINA,66
2024,2,BOTSWANA,2
2024,2,BRAZIL,212
2024,2,BRUNEI,11
2024,2,BULGARIA,624
2024,2,BURKINA FASO,0
2024,2,BURUNDI,0
2024,2,CAMBODIA,41
2024,2,CAMEROON,4
2024,2,CANADA,3912
2024,2,CAPE VERDE,0
2024,2,CENTRAL AFRICAN,0
2024,2,CHAD,0
2024,2,CHILE,61
2024,2,CHINA,16279
2024,2,COLOMBIA,70
2024,2,COMOROS,6
2024,2,CONGO,5
2024,2,COSTA RICA,14
2024,2,COTE D IVOIRE,1
2024,2,CROATIA,249
2024,2,CUBA,1
2024,2,CYPRUS,62
2024,2,CZECHIA,3852
2024,2,DENMARK,2160
2024,2,DJIBOUTI,4
2024,2,DOMINICA,9
2024,2,DOMINICAN REPUBLIC,1
2024,2,ECUADOR,13
2024,2,EGYPT,476
2024,2,EL SALVADOR,4
2024,2,EQUATORIAL GUINEA,0
2024,2,ERITREA,1
2024,2,ESTONIA,898
2024,2,ETHIOPIA,6
2024,2,FIJI,9
2024,2,FINLAND,666
2024,2,FRANCE,12503
2024,2,GABON,0
2024,2,GAMBIA,2
2024,2,GEORGIA,187
2024,2,GERMANY,16259
2024,2,GHANA,4
2024,2,GREECE,264
2024,2,GRENADA,0
2024,2,GUATEMALA,10
2024,2,GUINEA,2
2024,2,GUINEA-BISSAU,0
2024,2,GUYANA,1
2024,2,HAITI,0
2024,2,HONDURAS,1
2024,2,HUNGARY,1311
2024,2,ICELAND,28
2024,2,INDIA,30027
2024,2,INDONESIA,320
2024,2,IRAN,919
2024,2,IRAQ,74
2024,2,IRELAND,874
2024,2,ISRAEL,1988
2024,2,ITALY,3194
2024,2,JAMAICA,11
2024,2,JAPAN,2666
2024,2,JORDAN,227
2024,2,KAZAKHSTAN,2682
2024,2,KENYA,64
2024,2,KIRIBATI,0
2024,2,KOSOVAR,4
2024,2,KUWAIT,222
2024,2,KYRGYZSTAN,219
2024,2,LAOS,13
2024,2,LATVIA,654
2024,2,LEBANON,293
2024,2,LESOTHO,1
2024,2,LIBERIA,1
2024,2,LIBYA,7
2024,2,LIECHTENSTEIN,9
2024,2,LITHUANIA,1601
2024,2,LUXEMBOURG,86
2024,2,MADAGASCAR,10
2024,2,MALAWI,0
2024,2,MALAYSIA,2250
2024,2,MALDIVES,3235
2024,2,MALI,1
2024,2,MALTA,125
2024,2,MARSHALL ISLANDS,0
2024,2,MAURITANIA,0
2024,2,MAURITIUS,53
2024,2,MEXICO,95
2024,2,MICRONESIA,0
2024,2,MOLDOVA,166
2024,2,MONACO,11
2024,2,MONGOLIA,6
2024,2,MONTENEGRO,19
2024,2,MOROCCO,103
2024,2,MOZAMBIQUE,2
2024,2,MYANMAR,101
2024,2,NAMIBIA,5
2024,2,NAURU,0
2024,2,NEPAL,508
2024,2,NETHERLANDS,4011
2024,2,NETHERLANDS ANTILLES,0
2024,2,NEW ZEALAND,567
2024,2,NICARAGUA,1
2024,2,NIGER,1
2024,2,NIGERIA,11
2024,2,NORTH MACEDONIA,24
2024,2,NORWAY,1329
2024,2,OMAN,116
2024,2,PAKISTAN,1299
2024,2,PALAU,0
2024,2,PALESTINIAN TERRITORIES,61
2024,2,PANAMA,7
2024,2,PAPUA NEW GUINEA,1
2024,2,PARAGUAY,2
2024,2,PERU,13
2024,2,PHILIPPINES,440
2024,2,POLAND,6909
2024,2,PORTUGAL,654
2024,2,QATAR,45
2024,2,ROMANIA,940
2024,2,RUSSIA,32030
2024,2,RWANDA,6
2024,2,SAINT KITTS AND NEVIS,12
2024,2,SAINT LUCIA,1
2024,2,SAINT VINCENT THE GRENADI,1
2024,2,SAMOA,0
2024,2,SAN MARINO,0
2024,2,SAUDI ARABIA,549
2024,2,SENEGAL,2
2024,2,SERBIA,293
2024,2,SEYCHELLES,149
2024,2,SIERRA LEONE,2
2024,2,SINGAPORE,862
2024,2,SLOVAKIA,1179
2024,2,SLOVENIA,611
2024,2,SOLOMON ISLANDS,1
2024,2,SOMALIA,4
2024,2,SOUTH AFRICA,350
2024,2,SOUTH KOREA,830
2024,2,SOUTH SUDAN,1
2024,2,SPAIN,2036
2024,2,SUDAN,41
2024,2,SURINAME,0
2024,2,SWAZILAND,0
2024,2,SWEDEN,1903
2024,2,SWITZERLAND,2888
2024,2,SYRIAN ARAB,10
2024,2,TAJIKISTAN,8
2024,2,TANZANIA,25
2024,2,THAILAND,716
2024,2,TIMOR-LESTE,0
2024,2,TOGO,0
2024,2,TONGA,0
2024,2,TRINIDAD AND TOBAGO,16
2024,2,TUNISIA,136
2024,2,TURKEY,663
2024,2,TURKMENISTAN,5
2024,2,TUVALU,0
2024,2,UGANDA,33
2024,2,UKRAINE,1193
2024,2,UNITED ARAB EMIRATES,227
2024,2,UNITED KINGDOM,20614
2024,2,UNITED STATES,5709
2024,2,URUGUAY,16
2024,2,UZBEKISTAN,70
2024,2,VANUATU,2
2024,2,VENEZUELA,17
2024,2,VIETNAM,270
2024,2,YEMEN,65
2024,2,ZAMBIA,3
2024,2,ZIMBABWE,12
2024,3,AFGHANISTAN,18
2024,3,ALBANIA,13
2024,3,ALGERIA,10
2024,3,ANDORRA,10
2024,3,ANGOLA,2
2024,3,ANTIGUA AND BARBUDA,5
2024,3,ARGENTINA,120
2024,3,ARMENIA,326
2024,3,ARUBA,0
2024,3,AUSTRALIA,8852
2024,3,AUSTRIA,1674
2024,3,AZERBAIJAN,469
2024,3,BAHAMAS,4
2024,3,BAHRAIN,29
2024,3,BANGLADESH,1308
2024,3,BARBADOS,13
2024,3,BELARUS,1665
2024,3,BELGIUM,1565
2024,3,BELIZE,4
2024,3,BENIN,0
2024,3,BHUTAN,68
2024,3,BOLIVIA,2
2024,3,BOSNIA AND HERZEGOVINA,17
2024,3,BOTSWANA,3
2024,3,BRAZIL,159
2024,3,BRUNEI,9
2024,3,BULGARIA,458
2024,3,BURKINA FASO,0
2024,3,BURUNDI,1
2024,3,CAMBODIA,531
2024,3,CAMEROON,4
2024,3,CANADA,4034
2024,3,CAPE VERDE,0
2024,3,CENTRAL AFRICAN,29
2024,3,CHAD,1
2024,3,CHILE,77
2024,3,CHINA,13836
2024,3,COLOMBIA,69
2024,3,COMOROS,3
2024,3,CONGO,0
2024,3,COSTA RICA,11
2024,3,COTE D IVOIRE,2
2024,3,CROATIA,200
2024,3,CUBA,10
2024,3,CYPRUS,67
2024,3,CZECHIA,2988
2024,3,DENMARK,1497
2024,3,DJIBOUTI,5
2024,3,DOMINICA,14
2024,3,DOMINICAN REPUBLIC,3
2024,3,ECUADOR,7
2024,3,EGYPT,99
2024,3,EL SALVADOR,4
2024,3,EQUATORIAL GUINEA,0
2024,3,ERITREA,1
2024,3,ESTONIA,690
2024,3,ETHIOPIA,10
2024,3,FIJI,11
2024,3,FINLAND,464
2024,3,FRANCE,10960
2024,3,GABON,0
2024,3,GAMBIA,0
2024,3,GEORGIA,148
2024,3,GERMANY,18324
2024,3,GHANA,4
2024,3,GREECE,305
2024,3,GRENADA,2
2024,3,GUATEMALA,2
2024,3,GUINEA,0
2024,3,GUINEA-BISSAU,1
2024,3,GUYANA,4
2024,3,HAITI,0
2024,3,HONDURAS,1
2024,3,HUNGARY,585
2024,3,ICELAND,26
2024,3,INDIA,31853
2024,3,INDONESIA,257
2024,3,IRAN,3589
2024,3,IRAQ,21
2024,3,IRELAND,1008
2024,3,ISRAEL,2212
2024,3,ITALY,2502
2024,3,JAMAICA,18
2024,3,JAPAN,2575
2024,3,JORDAN,85
2024,3,KAZAKHSTAN,2266
2024,3,KENYA,80
2024,3,KIRIBATI,1
2024,3,KOSOVAR,3
2024,3,KUWAIT,59
2024,3,KYRGYZSTAN,108
2024,3,LAOS,11
2024,3,LATVIA,670
2024,3,LEBANON,242
2024,3,LESOTHO,3
2024,3,LIBERIA,0
2024,3,LIBYA,0
2024,3,LIECHTENSTEIN,5
2024,3,LITHUANIA,1219
2024,3,LUXEMBOURG,104
2024,3,MADAGASCAR,19
2024,3,MALAWI,5
2024,3,MALAYSIA,1721
2024,3,MALDIVES,1562
2024,3,MALI,1
2024,3,MALTA,125
2024,3,MARSHALL ISLANDS,0
2024,3,MAURITANIA,4
2024,3,MAURITIUS,43
2024,3,MEXICO,111
2024,3,MICRONESIA,1
2024,3,MOLDOVA,92
2024,3,MONACO,1
2024,3,MONGOLIA,7
2024,3,MONTENEGRO,17
2024,3,MOROCCO,35
2024,3,MOZAMBIQUE,5
2024,3,MYANMAR,110
2024,3,NAMIBIA,5
2024,3,NAURU,2
2024,3,NEPAL,309
2024,3,NETHERLANDS,3707
2024,3,NETHERLANDS ANTILLES,0
2024,3,NEW ZEALAND,1032
2024,3,NICARAGUA,1
2024,3,NIGER,0
2024,3,NIGERIA,3
2024,3,NORTH MACEDONIA,16
2024,3,NORWAY,1033
2024,3,OMAN,28
2024,3,PAKISTAN,941
2024,3,PALAU,0
2024,3,PALESTINIAN TERRITORIES,8
2024,3,PANAMA,5
2024,3,PAPUA NEW GUINEA,28
2024,3,PARAGUAY,4
2024,3,PERU,24
2024,3,PHILIPPINES,395
2024,3,POLAND,4789
2024,3,PORTUGAL,670
2024,3,QATAR,16
2024,3,ROMANIA,638
2024,3,RUSSIA,28016
2024,3,RWANDA,3
2024,3,SAINT KITTS AND NEVIS,10
2024,3,SAINT LUCIA,2
2024,3,SAINT VINCENT THE GRENADI,0
2024,3,SAMOA,0
2024,3,SAN MARINO,0
2024,3,SAUDI ARABIA,91
2024,3,SENEGAL,0
2024,3,SERBIA,239
2024,3,SEYCHELLES,198
2024,3,SIERRA LEONE,2
2024,3,SINGAPORE,1166
2024,3,SLOVAKIA,945
2024,3,SLOVENIA,194
2024,3,SOLOMON ISLANDS,0
2024,3,SOMALIA,10
2024,3,SOUTH AFRICA,548
2024,3,SOUTH KOREA,861
2024,3,SOUTH SUDAN,0
2024,3,SPAIN,2706
2024,3,SUDAN,14
2024,3,SURINAME,0
2024,3,SWAZILAND,1
2024,3,SWEDEN,1331
2024,3,SWITZERLAND,2522
2024,3,SYRIAN ARAB,0
2024,3,TAJIKISTAN,11
2024,3,TANZANIA,15
2024,3,THAILAND,928
2024,3,TIMOR-LESTE,3
2024,3,TOGO,1
2024,3,TONGA,0
2024,3,TRINIDAD AND TOBAGO,14
2024,3,TUNISIA,27
2024,3,TURKEY,473
2024,3,TURKMENISTAN,9
2024,3,TUVALU,0
2024,3,UGANDA,15
2024,3,UKRAINE,907
2024,3,UNITED ARAB EMIRATES,72
2024,3,UNITED KINGDOM,21540
2024,3,UNITED STATES,7617
2024,3,URUGUAY,11
2024,3,UZBEKISTAN,71
2024,3,VANUATU,6
2024,3,VENEZUELA,19
2024,3,VIETNAM,304
2024,3,YEMEN,11
2024,3,ZAMBIA,6
2024,3,ZIMBABWE,25
2024,4,AFGHANISTAN,0
2024,4,ALBANIA,10
2024,4,ALGERIA,38
2024,4,ANDORRA,1
2024,4,ANGOLA,1
2024,4,ANTIGUA AND BARBUDA,3
2024,4,ARGENTINA,102
2024,4,ARMENIA,128
2024,4,ARUBA,0
2024,4,AUSTRALIA,7202
2024,4,AUSTRIA,1092
2024,4,AZERBAIJAN,101
2024,4,BAHAMAS,0
2024,4,BAHRAIN,85
2024,4,BANGLADESH,2354
2024,4,BARBADOS,2
2024,4,BELARUS,752
2024,4,BELGIUM,914
2024,4,BELIZE,2
2024,4,BENIN,1
2024,4,BHUTAN,24
2024,4,BOLIVIA,6
2024,4,BOSNIA AND HERZEGOVINA,18
2024,4,BOTSWANA,2
2024,4,BRAZIL,239
2024,4,BRUNEI,4
2024,4,BULGARIA,313
2024,4,BURKINA FASO,1
2024,4,BURUNDI,0
2024,4,CAMBODIA,162
2024,4,CAMEROON,1
2024,4,CANADA,3594
2024,4,CAPE VERDE,0
2024,4,CENTRAL AFRICAN,0
2024,4,CHAD,0
2024,4,CHILE,53
2024,4,CHINA,8969
2024,4,COLOMBIA,88
2024,4,COMOROS,2
2024,4,CONGO,0
2024,4,COSTA RICA,11
2024,4,COTE D IVOIRE,0
2024,4,CROATIA,70
2024,4,CUBA,1
2024,4,CYPRUS,112
2024,4,CZECHIA,1279
2024,4,DENMARK,822
2024,4,DJIBOUTI,0
2024,4,DOMINICA,8
2024,4,DOMINICAN REPUBLIC,1
2024,4,ECUADOR,9
2024,4,EGYPT,458
2024,4,EL SALVADOR,1
2024,4,EQUATORIAL GUINEA,6
2024,4,ERITREA,3
2024,4,ESTONIA,236
2024,4,ETHIOPIA,17
2024,4,FIJI,26
2024,4,FINLAND,238
2024,4,FRANCE,8792
2024,4,GABON,0
2024,4,GAMBIA,2
2024,4,GEORGIA,132
2024,4,GERMANY,9843
2024,4,GHANA,3
2024,4,GREECE,306
2024,4,GRENADA,2
2024,4,GUATEMALA,6
2024,4,GUINEA,2
2024,4,GUINEA-BISSAU,0
2024,4,GUYANA,0
2024,4,HAITI,0
2024,4,HONDURAS,2
2024,4,HUNGARY,237
2024,4,ICELAND,16
2024,4,INDIA,27304
2024,4,INDONESIA,248
2024,4,IRAN,426
2024,4,IRAQ,58
2024,4,IRELAND,846
2024,4,ISRAEL,3169
2024,4,ITALY,2245
2024,4,JAMAICA,1
2024,4,JAPAN,1949
2024,4,JORDAN,313
2024,4,KAZAKHSTAN,152
2024,4,KENYA,45
2024,4,KIRIBATI,0
2024,4,KOSOVAR,3
2024,4,KUWAIT,225
2024,4,KYRGYZSTAN,50
2024,4,LAOS,12
2024,4,LATVIA,146
2024,4,LEBANON,671
2024,4,LESOTHO,0
2024,4,LIBERIA,0
2024,4,LIBYA,3
2024,4,LIECHTENSTEIN,10
2024,4,LITHUANIA,401
2024,4,LUXEMBOURG,81
2024,4,MADAGASCAR,7
2024,4,MALAWI,3
2024,4,MALAYSIA,1277
2024,4,MALDIVES,2938
2024,4,MALI,1
2024,4,MALTA,38
2024,4,MARSHALL ISLANDS,0
2024,4,MAURITANIA,1
2024,4,MAURITIUS,59
2024,4,MEXICO,155
2024,4,MICRONESIA,0
2024,4,MOLDOVA,81
2024,4,MONACO,3
2024,4,MONGOLIA,4
2024,4,MONTENEGRO,18
2024,4,MOROCCO,131
2024,4,MOZAMBIQUE,1
2024,4,MYANMAR,125
2024,4,NAMIBIA,3
2024,4,NAURU,0
2024,4,NEPAL,284
2024,4,NETHERLANDS,3437
2024,4,NETHERLANDS ANTILLES,0
2024,4,NEW ZEALAND,1116
2024,4,NICARAGUA,1
2024,4,NIGER,1
2024,4,NIGERIA,9
2024,4,NORTH MACEDONIA,23
2024,4,NORWAY,548
2024,4,OMAN,125
2024,4,PAKISTAN,797
2024,4,PALAU,0
2024,4,PALESTINIAN TERRITORIES,57
2024,4,PANAMA,3
2024,4,PAPUA NEW GUINEA,3
2024,4,PARAGUAY,2
2024,4,PERU,42
2024,4,PHILIPPINES,578
2024,4,POLAND,2349
2024,4,PORTUGAL,530
2024,4,QATAR,99
2024,4,ROMANIA,655
2024,4,RUSSIA,15103
2024,4,RWANDA,2
2024,4,SAINT KITTS AND NEVIS,26
2024,4,SAINT LUCIA,0
2024,4,SAINT VINCENT THE GRENADI,0
2024,4,SAMOA,0
2024,4,SAN MARINO,0
2024,4,SAUDI ARABIA,360
2024,4,SENEGAL,3
2024,4,SERBIA,222
2024,4,SEYCHELLES,289
2024,4,SIERRA LEONE,3
2024,4,SINGAPORE,858
2024,4,SLOVAKIA,535
2024,4,SLOVENIA,338
2024,4,SOLOMON ISLANDS,0
2024,4,SOMALIA,8
2024,4,SOUTH AFRICA,474
2024,4,SOUTH KOREA,637
2024,4,SOUTH SUDAN,0
2024,4,SPAIN,2166
2024,4,SUDAN,68
2024,4,SURINAME,3
2024,4,SWAZILAND,0
2024,4,SWEDEN,537
2024,4,SWITZERLAND,2557
2024,4,SYRIAN ARAB,7
2024,4,TAJIKISTAN,10
2024,4,TANZANIA,11
2024,4,THAILAND,834
2024,4,TIMOR-LESTE,6
2024,4,TOGO,0
2024,4,TONGA,2
2024,4,TRINIDAD AND TOBAGO,8
2024,4,TUNISIA,152
2024,4,TURKEY,910
2024,4,TURKMENISTAN,8
2024,4,TUVALU,0
2024,4,UGANDA,29
2024,4,UKRAINE,437
2024,4,UNITED ARAB EMIRATES,378
2024,4,UNITED KINGDOM,13173
2024,4,UNITED STATES,5574
2024,4,URUGUAY,8
2024,4,UZBEKISTAN,57
2024,4,VANUATU,4
2024,4,VENEZUELA,25
2024,4,VIETNAM,235
2024,4,YEMEN,26
2024,4,ZAMBIA,1
2024,4,ZIMBABWE,16
2024,5,AFGHANISTAN,20
2024,5,ALBANIA,11
2024,5,ALGERIA,28
2024,5,ANDORRA,7
2024,5,ANGOLA,5
2024,5,ANTIGUA AND BARBUDA,1
2024,5,ARGENTINA,44
2024,5,ARMENIA,60
2024,5,ARUBA,0
2024,5,AUSTRALIA,5465
2024,5,AUSTRIA,544
2024,5,AZERBAIJAN,39
2024,5,BAHAMAS,0
2024,5,BAHRAIN,68
2024,5,BANGLADESH,2878
2024,5,BARBADOS,0
2024,5,BELARUS,195
2024,5,BELGIUM,549
2024,5,BELIZE,0
2024,5,BENIN,2
2024,5,BHUTAN,52
2024,5,BOLIVIA,5
2024,5,BOSNIA AND HERZEGOVINA,15
2024,5,BOTSWANA,1
2024,5,BRAZIL,106
2024,5,BRUNEI,3
2024,5,BULGARIA,71
2024,5,BURKINA FASO,1
2024,5,BURUNDI,1
2024,5,CAMBODIA,82
2024,5,CAMEROON,0
2024,5,CANADA,3294
2024,5,CAPE VERDE,0
2024,5,CENTRAL AFRICAN,0
2024,5,CHAD,0
2024,5,CHILE,42
2024,5,CHINA,7930
2024,5,COLOMBIA,40
2024,5,COMOROS,10
2024,5,CONGO,2
2024,5,COSTA RICA,7
2024,5,COTE D IVOIRE,0
2024,5,CROATIA,35
2024,5,CUBA,1
2024,5,CYPRUS,31
2024,5,CZECHIA,314
2024,5,DENMARK,410
2024,5,DJIBOUTI,0
2024,5,DOMINICA,11
2024,5,DOMINICAN REPUBLIC,4
2024,5,ECUADOR,8
2024,5,EGYPT,223
2024,5,EL SALVADOR,1
2024,5,EQUATORIAL GUINEA,0
2024,5,ERITREA,2
2024,5,ESTONIA,11
2024,5,ETHIOPIA,6
2024,5,FIJI,13
2024,5,FINLAND,159
2024,5,FRANCE,4064
2024,5,GABON,0
2024,5,GAMBIA,4
2024,5,GEORGIA,39
2024,5,GERMANY,7495
2024,5,GHANA,1
2024,5,GREECE,133
2024,5,GRENADA,0
2024,5,GUATEMALA,6
2024,5,GUINEA,1
2024,5,GUINEA-BISSAU,0
2024,5,GUYANA,0
2024,5,HAITI,0
2024,5,HONDURAS,2
2024,5,HUNGARY,78
2024,5,ICELAND,22
2024,5,INDIA,32254
2024,5,INDONESIA,218
2024,5,IRAN,280
2024,5,IRAQ,101
2024,5,IRELAND,315
2024,5,ISRAEL,1506
2024,5,ITALY,1010
2024,5,JAMAICA,7
2024,5,JAPAN,1581
2024,5,JORDAN,149
2024,5,KAZAKHSTAN,65
2024,5,KENYA,45
2024,5,KIRIBATI,0
2024,5,KOSOVAR,5
2024,5,KUWAIT,77
2024,5,KYRGYZSTAN,32
2024,5,LAOS,18
2024,5,LATVIA,22
2024,5,LEBANON,216
2024,5,LESOTHO,0
2024,5,LIBERIA,0
2024,5,LIBYA,11
2024,5,LIECHTENSTEIN,2
2024,5,LITHUANIA,69
2024,5,LUXEMBOURG,37
2024,5,MADAGASCAR,5
2024,5,MALAWI,4
2024,5,MALAYSIA,1204
2024,5,MALDIVES,8040
2024,5,MALI,0
2024,5,MALTA,21
2024,5,MARSHALL ISLANDS,0
2024,5,MAURITANIA,1
2024,5,MAURITIUS,25
2024,5,MEXICO,57
2024,5,MICRONESIA,0
2024,5,MOLDOVA,8
2024,5,MONACO,0
2024,5,MONGOLIA,8
2024,5,MONTENEGRO,2
2024,5,MOROCCO,59
2024,5,MOZAMBIQUE,7
2024,5,MYANMAR,83
2024,5,NAMIBIA,0
2024,5,NAURU,0
2024,5,NEPAL,282
2024,5,NETHERLANDS,1845
2024,5,NETHERLANDS ANTILLES,0
2024,5,NEW ZEALAND,664
2024,5,NICARAGUA,0
2024,5,NIGER,0
2024,5,NIGERIA,0
2024,5,NORTH MACEDONIA,29
2024,5,NORWAY,379
2024,5,OMAN,139
2024,5,PAKISTAN,938
2024,5,PALAU,0
2024,5,PALESTINIAN TERRITORIES,31
2024,5,PANAMA,2
2024,5,PAPUA NEW GUINEA,0
2024,5,PARAGUAY,2
2024,5,PERU,16
2024,5,PHILIPPINES,395
2024,5,POLAND,1002
2024,5,PORTUGAL,314
2024,5,QATAR,39
2024,5,ROMANIA,147
2024,5,RUSSIA,4384
2024,5,RWANDA,1
2024,5,SAINT KITTS AND NEVIS,10
2024,5,SAINT LUCIA,0
2024,5,SAINT VINCENT THE GRENADI,1
2024,5,SAMOA,0
2024,5,SAN MARINO,2
2024,5,SAUDI ARABIA,213
2024,5,SENEGAL,0
2024,5,SERBIA,32
2024,5,SEYCHELLES,117
2024,5,SIERRA LEONE,0
2024,5,SINGAPORE,914
2024,5,SLOVAKIA,173
2024,5,SLOVENIA,46
2024,5,SOLOMON ISLANDS,0
2024,5,SOMALIA,5
2024,5,SOUTH AFRICA,195
2024,5,SOUTH KOREA,571
2024,5,SOUTH SUDAN,0
2024,5,SPAIN,1369
2024,5,SUDAN,69
2024,5,SURINAME,0
2024,5,SWAZILAND,2
2024,5,SWEDEN,278
2024,5,SWITZERLAND,1345
2024,5,SYRIAN ARAB,3
2024,5,TAJIKISTAN,10
2024,5,TANZANIA,14
2024,5,THAILAND,583
2024,5,TIMOR-LESTE,2
2024,5,TOGO,1
2024,5,TONGA,3
2024,5,TRINIDAD AND TOBAGO,10
2024,5,TUNISIA,57
2024,5,TURKEY,294
2024,5,TURKMENISTAN,3
2024,5,TUVALU,0
2024,5,UGANDA,16
2024,5,UKRAINE,203
2024,5,UNITED ARAB EMIRATES,229
2024,5,UNITED KINGDOM,8094
2024,5,UNITED STATES,4082
2024,5,URUGUAY,20
2024,5,UZBEKISTAN,32
2024,5,VANUATU,2
2024,5,VENEZUELA,6
2024,5,VIETNAM,290
2024,5,YEMEN,14
2024,5,ZAMBIA,2
2024,5,ZIMBABWE,11
2024,6,AFGHANISTAN,2
2024,6,ALBANIA,7
2024,6,ALGERIA,48
2024,6,ANDORRA,6
2024,6,ANGOLA,0
2024,6,ANTIGUA AND BARBUDA,0
2024,6,ARGENTINA,51
2024,6,ARMENIA,71
2024,6,ARUBA,0
2024,6,AUSTRALIA,6317
2024,6,AUSTRIA,384
2024,6,AZERBAIJAN,83
2024,6,BAHAMAS,3
2024,6,BAHRAIN,197
2024,6,BANGLADESH,4374
2024,6,BARBADOS,5
2024,6,BELARUS,175
2024,6,BELGIUM,872
2024,6,BELIZE,1
2024,6,BENIN,1
2024,6,BHUTAN,33
2024,6,BOLIVIA,4
2024,6,BOSNIA AND HERZEGOVINA,10
2024,6,BOTSWANA,5
2024,6,BRAZIL,111
2024,6,BRUNEI,15
2024,6,BULGARIA,26
2024,6,BURKINA FASO,0
2024,6,BURUNDI,1
2024,6,CAMBODIA,50
2024,6,CAMEROON,0
2024,6,CANADA,3263
2024,6,CAPE VERDE,0
2024,6,CENTRAL AFRICAN,0
2024,6,CHAD,0
2024,6,CHILE,32
2024,6,CHINA,9222
2024,6,COLOMBIA,44
2024,6,COMOROS,8
2024,6,CONGO,3
2024,6,COSTA RICA,3
2024,6,COTE D IVOIRE,0
2024,6,CROATIA,23
2024,6,CUBA,10
2024,6,CYPRUS,57
2024,6,CZECHIA,526
2024,6,DENMARK,714
2024,6,DJIBOUTI,1
2024,6,DOMINICA,9
2024,6,DOMINICAN REPUBLIC,3
2024,6,ECUADOR,9
2024,6,EGYPT,365
2024,6,EL SALVADOR,5
2024,6,EQUATORIAL GUINEA,0
2024,6,ERITREA,6
2024,6,ESTONIA,30
2024,6,ETHIOPIA,13
2024,6,FIJI,9
2024,6,FINLAND,130
2024,6,FRANCE,3102
2024,6,GABON,0
2024,6,GAMBIA,2
2024,6,GEORGIA,26
2024,6,GERMANY,4556
2024,6,GHANA,0
2024,6,GREECE,82
2024,6,GRENADA,5
2024,6,GUATEMALA,5
2024,6,GUINEA,5
2024,6,GUINEA-BISSAU,0
2024,6,GUYANA,3
2024,6,HAITI,1
2024,6,HONDURAS,0
2024,6,HUNGARY,160
2024,6,ICELAND,6
2024,6,INDIA,28631
2024,6,INDONESIA,272
2024,6,IRAN,318
2024,6,IRAQ,93
2024,6,IRELAND,673
2024,6,ISRAEL,1515
2024,6,ITALY,1792
2024,6,JAMAICA,12
2024,6,JAPAN,1666
2024,6,JORDAN,373
2024,6,KAZAKHSTAN,96
2024,6,KENYA,29
2024,6,KIRIBATI,0
2024,6,KOSOVAR,2
2024,6,KUWAIT,231
2024,6,KYRGYZSTAN,25
2024,6,LAOS,19
2024,6,LATVIA,30
2024,6,LEBANON,308
2024,6,LESOTHO,0
2024,6,LIBERIA,1
2024,6,LIBYA,4
2024,6,LIECHTENSTEIN,3
2024,6,LITHUANIA,73
2024,6,LUXEMBOURG,13
2024,6,MADAGASCAR,7
2024,6,MALAWI,1
2024,6,MALAYSIA,1384
2024,6,MALDIVES,5109
2024,6,MALI,1
2024,6,MALTA,14
2024,6,MARSHALL ISLANDS,0
2024,6,MAURITANIA,0
2024,6,MAURITIUS,25
2024,6,MEXICO,38
2024,6,MICRONESIA,0
2024,6,MOLDOVA,2
2024,6,MONACO,0
2024,6,MONGOLIA,22
2024,6,MONTENEGRO,3
2024,6,MOROCCO,80
2024,6,MOZAMBIQUE,4
2024,6,MYANMAR,117
2024,6,NAMIBIA,2
2024,6,NAURU,0
2024,6,NEPAL,200
2024,6,NETHERLANDS,1935
2024,6,NETHERLANDS ANTILLES,0
2024,6,NEW ZEALAND,853
2024,6,NICARAGUA,1
2024,6,NIGER,0
2024,6,NIGERIA,1
2024,6,NORTH MACEDONIA,10
2024,6,NORWAY,1452
2024,6,OMAN,322
2024,6,PAKISTAN,1399
2024,6,PALAU,0
2024,6,PALESTINIAN TERRITORIES,81
2024,6,PANAMA,0
2024,6,PAPUA NEW GUINEA,4
2024,6,PARAGUAY,1
2024,6,PERU,11
2024,6,PHILIPPINES,544
2024,6,POLAND,1047
2024,6,PORTUGAL,281
2024,6,QATAR,80
2024,6,ROMANIA,192
2024,6,RUSSIA,3412
2024,6,RWANDA,5
2024,6,SAINT KITTS AND NEVIS,10
2024,6,SAINT LUCIA,4
2024,6,SAINT VINCENT THE GRENADI,0
2024,6,SAMOA,1
2024,6,SAN MARINO,4
2024,6,SAUDI ARABIA,990
2024,6,SENEGAL,1
2024,6,SERBIA,52
2024,6,SEYCHELLES,238
2024,6,SIERRA LEONE,1
2024,6,SINGAPORE,1284
2024,6,SLOVAKIA,163
2024,6,SLOVENIA,115
2024,6,SOLOMON ISLANDS,1
2024,6,SOMALIA,4
2024,6,SOUTH AFRICA,349
2024,6,SOUTH KOREA,579
2024,6,SOUTH SUDAN,0
2024,6,SPAIN,2081
2024,6,SUDAN,116
2024,6,SURINAME,1
2024,6,SWAZILAND,0
2024,6,SWEDEN,568
2024,6,SWITZERLAND,1291
2024,6,SYRIAN ARAB,1
2024,6,TAJIKISTAN,12
2024,6,TANZANIA,18
2024,6,THAILAND,364
2024,6,TIMOR-LESTE,2
2024,6,TOGO,1
2024,6,TONGA,4
2024,6,TRINIDAD AND TOBAGO,7
2024,6,TUNISIA,59
2024,6,TURKEY,572
2024,6,TURKMENISTAN,1
2024,6,TUVALU,2
2024,6,UGANDA,13
2024,6,UKRAINE,206
2024,6,UNITED ARAB EMIRATES,591
2024,6,UNITED KINGDOM,9266
2024,6,UNITED STATES,4023
2024,6,URUGUAY,5
2024,6,UZBEKISTAN,42
2024,6,VANUATU,13
2024,6,VENEZUELA,11
2024,6,VIETNAM,237
2024,6,YEMEN,43
2024,6,ZAMBIA,1
2024,6,ZIMBABWE,14
2024,7,AFGHANISTAN,15
2024,7,ALBANIA,11
2024,7,ALGERIA,54
2024,7,ANDORRA,20
2024,7,ANGOLA,0
2024,7,ANTIGUA AND BARBUDA,5
2024,7,ARGENTINA,50
2024,7,ARMENIA,128
2024,7,ARUBA,0
2024,7,AUSTRALIA,7371
2024,7,AUSTRIA,1722
2024,7,AZERBAIJAN,150
2024,7,BAHAMAS,3
2024,7,BAHRAIN,162
2024,7,BANGLADESH,4607
2024,7,BARBADOS,4
2024,7,BELARUS,203
2024,7,BELGIUM,3435
2024,7,BELIZE,4
2024,7,BENIN,1
2024,7,BHUTAN,29
2024,7,BOLIVIA,2
2024,7,BOSNIA AND HERZEGOVINA,18
2024,7,BOTSWANA,3
2024,7,BRAZIL,134
2024,7,BRUNEI,7
2024,7,BULGARIA,34
2024,7,BURKINA FASO,0
2024,7,BURUNDI,0
2024,7,CAMBODIA,24
2024,7,CAMEROON,2
2024,7,CANADA,4821
2024,7,CAPE VERDE,1
2024,7,CENTRAL AFRICAN,1
2024,7,CHAD,0
2024,7,CHILE,36
2024,7,CHINA,13685
2024,7,COLOMBIA,51
2024,7,COMOROS,17
2024,7,CONGO,2
2024,7,COSTA RICA,3
2024,7,COTE D IVOIRE,0
2024,7,CROATIA,78
2024,7,CUBA,4
2024,7,CYPRUS,191
2024,7,CZECHIA,1133
2024,7,DENMARK,2147
2024,7,DJIBOUTI,0
2024,7,DOMINICA,17
2024,7,DOMINICAN REPUBLIC,1
2024,7,ECUADOR,11
2024,7,EGYPT,326
2024,7,EL SALVADOR,4
2024,7,EQUATORIAL GUINEA,0
2024,7,ERITREA,0
2024,7,ESTONIA,24
2024,7,ETHIOPIA,11
2024,7,FIJI,9
2024,7,FINLAND,94
2024,7,FRANCE,9405
2024,7,GABON,0
2024,7,GAMBIA,1
2024,7,GEORGIA,30
2024,7,GERMANY,10618
2024,7,GHANA,4
2024,7,GREECE,119
2024,7,GRENADA,2
2024,7,GUATEMALA,1
2024,7,GUINEA,0
2024,7,GUINEA-BISSAU,1
2024,7,GUYANA,1
2024,7,HAITI,2
2024,7,HONDURAS,2
2024,7,HUNGARY,210
2024,7,ICELAND,29
2024,7,INDIA,41173
2024,7,INDONESIA,275
2024,7,IRAN,339
2024,7,IRAQ,119
2024,7,IRELAND,715
2024,7,ISRAEL,2962
2024,7,ITALY,3630
2024,7,JAMAICA,7
2024,7,JAPAN,2202
2024,7,JORDAN,275
2024,7,KAZAKHSTAN,168
2024,7,KENYA,128
2024,7,KIRIBATI,0
2024,7,KOSOVAR,1
2024,7,KUWAIT,198
2024,7,KYRGYZSTAN,65
2024,7,LAOS,11
2024,7,LATVIA,30
2024,7,LEBANON,283
2024,7,LESOTHO,1
2024,7,LIBERIA,4
2024,7,LIBYA,2
2024,7,LIECHTENSTEIN,10
2024,7,LITHUANIA,174
2024,7,LUXEMBOURG,77
2024,7,MADAGASCAR,28
2024,7,MALAWI,10
2024,7,MALAYSIA,1596
2024,7,MALDIVES,3097
2024,7,MALI,1
2024,7,MALTA,61
2024,7,MARSHALL ISLANDS,0
2024,7,MAURITANIA,0
2024,7,MAURITIUS,33
2024,7,MEXICO,44
2024,7,MICRONESIA,0
2024,7,MOLDOVA,13
2024,7,MONACO,4
2024,7,MONGOLIA,10
2024,7,MONTENEGRO,6
2024,7,MOROCCO,87
2024,7,MOZAMBIQUE,1
2024,7,MYANMAR,194
2024,7,NAMIBIA,6
2024,7,NAURU,0
2024,7,NEPAL,382
2024,7,NETHERLANDS,11431
2024,7,NETHERLANDS ANTILLES,0
2024,7,NEW ZEALAND,1017
2024,7,NICARAGUA,0
2024,7,NIGER,0
2024,7,NIGERIA,9
2024,7,NORTH MACEDONIA,25
2024,7,NORWAY,1800
2024,7,OMAN,685
2024,7,PAKISTAN,1848
2024,7,PALAU,0
2024,7,PALESTINIAN TERRITORIES,96
2024,7,PANAMA,3
2024,7,PAPUA NEW GUINEA,2
2024,7,PARAGUAY,1
2024,7,PERU,16
2024,7,PHILIPPINES,500
2024,7,POLAND,2257
2024,7,PORTUGAL,351
2024,7,QATAR,156
2024,7,ROMANIA,264
2024,7,RUSSIA,4578
2024,7,RWANDA,4
2024,7,SAINT KITTS AND NEVIS,8
2024,7,SAINT LUCIA,1
2024,7,SAINT VINCENT THE GRENADI,1
2024,7,SAMOA,0
2024,7,SAN MARINO,0
2024,7,SAUDI ARABIA,1276
2024,7,SENEGAL,2
2024,7,SERBIA,91
2024,7,SEYCHELLES,222
2024,7,SIERRA LEONE,4
2024,7,SINGAPORE,853
2024,7,SLOVAKIA,292
2024,7,SLOVENIA,417
2024,7,SOLOMON ISLANDS,1
2024,7,SOMALIA,6
2024,7,SOUTH AFRICA,333
2024,7,SOUTH KOREA,1009
2024,7,SOUTH SUDAN,0
2024,7,SPAIN,4224
2024,7,SUDAN,122
2024,7,SURINAME,2
2024,7,SWAZILAND,3
2024,7,SWEDEN,716
2024,7,SWITZERLAND,5089
2024,7,SYRIAN ARAB,0
2024,7,TAJIKISTAN,11
2024,7,TANZANIA,74
2024,7,THAILAND,483
2024,7,TIMOR-LESTE,0
2024,7,TOGO,0
2024,7,TONGA,1
2024,7,TRINIDAD AND TOBAGO,5
2024,7,TUNISIA,79
2024,7,TURKEY,403
2024,7,TURKMENISTAN,14
2024,7,TUVALU,0
2024,7,UGANDA,18
2024,7,UKRAINE,214
2024,7,UNITED ARAB EMIRATES,836
2024,7,UNITED KINGDOM,20837
2024,7,UNITED STATES,4962
2024,7,URUGUAY,3
2024,7,UZBEKISTAN,64
2024,7,VANUATU,6
2024,7,VENEZUELA,8
2024,7,VIETNAM,279
2024,7,YEMEN,73
2024,7,ZAMBIA,0
2024,7,ZIMBABWE,13
2024,8,AFGHANISTAN,18
2024,8,ALBANIA,13
2024,8,ALGERIA,49
2024,8,ANDORRA,25
2024,8,ANGOLA,2
2024,8,ANTIGUA AND BARBUDA,2
2024,8,ARGENTINA,43
2024,8,ARMENIA,136
2024,8,ARUBA,0
2024,8,AUSTRALIA,6687
2024,8,AUSTRIA,1150
2024,8,AZERBAIJAN,97
2024,8,BAHAMAS,0
2024,8,BAHRAIN,140
2024,8,BANGLADESH,3877
2024,8,BARBADOS,3
2024,8,BELARUS,199
2024,8,BELGIUM,1751
2024,8,BELIZE,1
2024,8,BENIN,0
2024,8,BHUTAN,51
2024,8,BOLIVIA,6
2024,8,BOSNIA AND HERZEGOVINA,19
2024,8,BOTSWANA,7
2024,8,BRAZIL,129
2024,8,BRUNEI,6
2024,8,BULGARIA,43
2024,8,BURKINA FASO,0
2024,8,BURUNDI,1
2024,8,CAMBODIA,25
2024,8,CAMEROON,0
2024,8,CANADA,3868
2024,8,CAPE VERDE,1
2024,8,CENTRAL AFRICAN,1
2024,8,CHAD,1
2024,8,CHILE,42
2024,8,CHINA,12088
2024,8,COLOMBIA,51
2024,8,COMOROS,14
2024,8,CONGO,3
2024,8,COSTA RICA,2
2024,8,COTE D IVOIRE,1
2024,8,CROATIA,133
2024,8,CUBA,6
2024,8,CYPRUS,307
2024,8,CZECHIA,822
2024,8,DENMARK,606
2024,8,DJIBOUTI,2
2024,8,DOMINICA,6
2024,8,DOMINICAN REPUBLIC,2
2024,8,ECUADOR,1
2024,8,EGYPT,265
2024,8,EL SALVADOR,1
2024,8,EQUATORIAL GUINEA,0
2024,8,ERITREA,0
2024,8,ESTONIA,15
2024,8,ETHIOPIA,14
2024,8,FIJI,7
2024,8,FINLAND,100
2024,8,FRANCE,8596
2024,8,GABON,0
2024,8,GAMBIA,3
2024,8,GEORGIA,26
2024,8,GERMANY,10623
2024,8,GHANA,4
2024,8,GREECE,339
2024,8,GRENADA,5
2024,8,GUATEMALA,3
2024,8,GUINEA,2
2024,8,GUINEA-BISSAU,0
2024,8,GUYANA,2
2024,8,HAITI,0
2024,8,HONDURAS,2
2024,8,HUNGARY,261
2024,8,ICELAND,21
2024,8,INDIA,33031
2024,8,INDONESIA,291
2024,8,IRAN,883
2024,8,IRAQ,172
2024,8,IRELAND,586
2024,8,ISRAEL,3248
2024,8,ITALY,9586
2024,8,JAMAICA,5
2024,8,JAPAN,4102
2024,8,JORDAN,173
2024,8,KAZAKHSTAN,71
2024,8,KENYA,54
2024,8,KIRIBATI,0
2024,8,KOSOVAR,1
2024,8,KUWAIT,207
2024,8,KYRGYZSTAN,21
2024,8,LAOS,9
2024,8,LATVIA,23
2024,8,LEBANON,244
2024,8,LESOTHO,1
2024,8,LIBERIA,1
2024,8,LIBYA,6
2024,8,LIECHTENSTEIN,5
2024,8,LITHUANIA,111
2024,8,LUXEMBOURG,109
2024,8,MADAGASCAR,11
2024,8,MALAWI,2
2024,8,MALAYSIA,1571
2024,8,MALDIVES,3198
2024,8,MALI,2
2024,8,MALTA,136
2024,8,MARSHALL ISLANDS,0
2024,8,MAURITANIA,0
2024,8,MAURITIUS,57
2024,8,MEXICO,58
2024,8,MICRONESIA,1
2024,8,MOLDOVA,11
2024,8,MONACO,2
2024,8,MONGOLIA,1
2024,8,MONTENEGRO,9
2024,8,MOROCCO,112
2024,8,MOZAMBIQUE,1
2024,8,MYANMAR,417
2024,8,NAMIBIA,0
2024,8,NAURU,0
2024,8,NEPAL,252
2024,8,NETHERLANDS,5355
2024,8,NETHERLANDS ANTILLES,0
2024,8,NEW ZEALAND,1011
2024,8,NICARAGUA,0
2024,8,NIGER,0
2024,8,NIGERIA,5
2024,8,NORTH MACEDONIA,14
2024,8,NORWAY,486
2024,8,OMAN,473
2024,8,PAKISTAN,1040
2024,8,PALAU,0
2024,8,PALESTINIAN TERRITORIES,65
2024,8,PANAMA,1
2024,8,PAPUA NEW GUINEA,5
2024,8,PARAGUAY,0
2024,8,PERU,25
2024,8,PHILIPPINES,465
2024,8,POLAND,2240
2024,8,PORTUGAL,667
2024,8,QATAR,102
2024,8,ROMANIA,336
2024,8,RUSSIA,4351
2024,8,RWANDA,2
2024,8,SAINT KITTS AND NEVIS,8
2024,8,SAINT LUCIA,1
2024,8,SAINT VINCENT THE GRENADI,0
2024,8,SAMOA,0
2024,8,SAN MARINO,1
2024,8,SAUDI ARABIA,330
2024,8,SENEGAL,0
2024,8,SERBIA,107
2024,8,SEYCHELLES,327
2024,8,SIERRA LEONE,3
2024,8,SINGAPORE,1215
2024,8,SLOVAKIA,290
2024,8,SLOVENIA,186
2024,8,SOLOMON ISLANDS,1
2024,8,SOMALIA,19
2024,8,SOUTH AFRICA,324
2024,8,SOUTH KOREA,698
2024,8,SOUTH SUDAN,1
2024,8,SPAIN,7262
2024,8,SUDAN,77
2024,8,SURINAME,2
2024,8,SWAZILAND,4
2024,8,SWEDEN,290
2024,8,SWITZERLAND,1856
2024,8,SYRIAN ARAB,0
2024,8,TAJIKISTAN,20
2024,8,TANZANIA,15
2024,8,THAILAND,598
2024,8,TIMOR-LESTE,0
2024,8,TOGO,3
2024,8,TONGA,1
2024,8,TRINIDAD AND TOBAGO,6
2024,8,TUNISIA,54
2024,8,TURKEY,448
2024,8,TURKMENISTAN,6
2024,8,TUVALU,0
2024,8,UGANDA,13
2024,8,UKRAINE,203
2024,8,UNITED ARAB EMIRATES,562
2024,8,UNITED KINGDOM,17587
2024,8,UNITED STATES,3539
2024,8,URUGUAY,4
2024,8,UZBEKISTAN,28
2024,8,VANUATU,9
2024,8,VENEZUELA,9
2024,8,VIETNAM,293
2024,8,YEMEN,45
2024,8,ZAMBIA,3
2024,8,ZIMBABWE,11
2024,9,AFGHANISTAN,5
2024,9,ALBANIA,6
2024,9,ALGERIA,25
2024,9,ANDORRA,23
2024,9,ANGOLA,1
2024,9,ANTIGUA AND BARBUDA,1
2024,9,ARGENTINA,45
2024,9,ARMENIA,107
2024,9,ARUBA,0
2024,9,AUSTRALIA,7200
2024,9,AUSTRIA,757
2024,9,AZERBAIJAN,100
2024,9,BAHAMAS,1
2024,9,BAHRAIN,54
2024,9,BANGLADESH,4178
2024,9,BARBADOS,0
2024,9,BELARUS,177
2024,9,BELGIUM,1669
2024,9,BELIZE,1
2024,9,BENIN,2
2024,9,BHUTAN,45
2024,9,BOLIVIA,3
2024,9,BOSNIA AND HERZEGOVINA,26
2024,9,BOTSWANA,2
2024,9,BRAZIL,100
2024,9,BRUNEI,0
2024,9,BULGARIA,32
2024,9,BURKINA FASO,0
2024,9,BURUNDI,3
2024,9,CAMBODIA,55
2024,9,CAMEROON,0
2024,9,CANADA,2095
2024,9,CAPE VERDE,0
2024,9,CENTRAL AFRICAN,0
2024,9,CHAD,0
2024,9,CHILE,32
2024,9,CHINA,9685
2024,9,COLOMBIA,26
2024,9,COMOROS,5
2024,9,CONGO,0
2024,9,COSTA RICA,2
2024,9,COTE D IVOIRE,0
2024,9,CROATIA,95
2024,9,CUBA,6
2024,9,CYPRUS,45
2024,9,CZECHIA,496
2024,9,DENMARK,566
2024,9,DJIBOUTI,2
2024,9,DOMINICA,2
2024,9,DOMINICAN REPUBLIC,1
2024,9,ECUADOR,11
2024,9,EGYPT,232
2024,9,EL SALVADOR,3
2024,9,EQUATORIAL GUINEA,0
2024,9,ERITREA,0
2024,9,ESTONIA,45
2024,9,ETHIOPIA,12
2024,9,FIJI,2
2024,9,FINLAND,165
2024,9,FRANCE,3749
2024,9,GABON,2
2024,9,GAMBIA,1
2024,9,GEORGIA,27
2024,9,GERMANY,8260
2024,9,GHANA,6
2024,9,GREECE,106
2024,9,GRENADA,3
2024,9,GUATEMALA,4
2024,9,GUINEA,0
2024,9,GUINEA-BISSAU,2
2024,9,GUYANA,3
2024,9,HAITI,1
2024,9,HONDURAS,2
2024,9,HUNGARY,137
2024,9,ICELAND,12
2024,9,INDIA,27884
2024,9,INDONESIA,431
2024,9,IRAN,1227
2024,9,IRAQ,81
2024,9,IRELAND,434
2024,9,ISRAEL,3142
2024,9,ITALY,1902
2024,9,JAMAICA,12
2024,9,JAPAN,3526
2024,9,JORDAN,151
2024,9,KAZAKHSTAN,99
2024,9,KENYA,79
2024,9,KIRIBATI,0
2024,9,KOSOVAR,6
2024,9,KUWAIT,119
2024,9,KYRGYZSTAN,35
2024,9,LAOS,4
2024,9,LATVIA,29
2024,9,LEBANON,163
2024,9,LESOTHO,3
2024,9,LIBERIA,1
2024,9,LIBYA,0
2024,9,LIECHTENSTEIN,3
2024,9,LITHUANIA,92
2024,9,LUXEMBOURG,13
2024,9,MADAGASCAR,6
2024,9,MALAWI,2
2024,9,MALAYSIA,1954
2024,9,MALDIVES,4359
2024,9,MALI,3
2024,9,MALTA,108
2024,9,MARSHALL ISLANDS,0
2024,9,MAURITANIA,1
2024,9,MAURITIUS,20
2024,9,MEXICO,100
2024,9,MICRONESIA,0
2024,9,MOLDOVA,6
2024,9,MONACO,1
2024,9,MONGOLIA,20
2024,9,MONTENEGRO,1
2024,9,MOROCCO,78
2024,9,MOZAMBIQUE,2
2024,9,MYANMAR,33
2024,9,NAMIBIA,2
2024,9,NAURU,0
2024,9,NEPAL,234
2024,9,NETHERLANDS,3725
2024,9,NETHERLANDS ANTILLES,1
2024,9,NEW ZEALAND,1033
2024,9,NICARAGUA,1
2024,9,NIGER,0
2024,9,NIGERIA,18
2024,9,NORTH MACEDONIA,16
2024,9,NORWAY,443
2024,9,OMAN,185
2024,9,PAKISTAN,556
2024,9,PALAU,33
2024,9,PALESTINIAN TERRITORIES,0
2024,9,PANAMA,4
2024,9,PAPUA NEW GUINEA,9
2024,9,PARAGUAY,0
2024,9,PERU,13
2024,9,PHILIPPINES,398
2024,9,POLAND,2243
2024,9,PORTUGAL,410
2024,9,QATAR,19
2024,9,ROMANIA,254
2024,9,RUSSIA,4199
2024,9,RWANDA,8
2024,9,SAINT KITTS AND NEVIS,9
2024,9,SAINT LUCIA,1
2024,9,SAINT VINCENT THE GRENADI,0
2024,9,SAMOA,0
2024,9,SAN MARINO,2
2024,9,SAUDI ARABIA,319
2024,9,SENEGAL,0
2024,9,SERBIA,103
2024,9,SEYCHELLES,196
2024,9,SIERRA LEONE,1
2024,9,SINGAPORE,710
2024,9,SLOVAKIA,255
2024,9,SLOVENIA,188
2024,9,SOLOMON ISLANDS,3
2024,9,SOMALIA,7
2024,9,SOUTH AFRICA,299
2024,9,SOUTH KOREA,608
2024,9,SOUTH SUDAN,0
2024,9,SPAIN,4166
2024,9,SUDAN,62
2024,9,SURINAME,0
2024,9,SWAZILAND,1
2024,9,SWEDEN,345
2024,9,SWITZERLAND,1778
2024,9,SYRIAN ARAB,0
2024,9,TAJIKISTAN,8
2024,9,TANZANIA,20
2024,9,THAILAND,384
2024,9,TIMOR-LESTE,0
2024,9,TOGO,0
2024,9,TONGA,0
2024,9,TRINIDAD AND TOBAGO,4
2024,9,TUNISIA,45
2024,9,TURKEY,361
2024,9,TURKMENISTAN,2
2024,9,TUVALU,0
2024,9,UGANDA,10
2024,9,UKRAINE,191
2024,9,UNITED ARAB EMIRATES,270
2024,9,UNITED KINGDOM,8688
2024,9,UNITED STATES,2460
2024,9,URUGUAY,7
2024,9,UZBEKISTAN,31
2024,9,VANUATU,5
2024,9,VENEZUELA,8
2024,9,VIETNAM,183
2024,9,YEMEN,11
2024,9,ZAMBIA,1
2024,9,ZIMBABWE,3
2024,10,AFGHANISTAN,7
2024,10,ALBANIA,8
2024,10,ALGERIA,26
2024,10,ANDORRA,14
2024,10,ANGOLA,2
2024,10,ANTIGUA AND BARBUDA,9
2024,10,ARGENTINA,91
2024,10,ARMENIA,371
2024,10,ARUBA,0
2024,10,AUSTRALIA,6523
2024,10,AUSTRIA,917
2024,10,AZERBAIJAN,98
2024,10,BAHAMAS,4
2024,10,BAHRAIN,64
2024,10,BANGLADESH,3732
2024,10,BARBADOS,7
2024,10,BELARUS,504
2024,10,BELGIUM,847
2024,10,BELIZE,2
2024,10,BENIN,0
2024,10,BHUTAN,41
2024,10,BOLIVIA,3
2024,10,BOSNIA AND HERZEGOVINA,14
2024,10,BOTSWANA,4
2024,10,BRAZIL,125
2024,10,BRUNEI,2
2024,10,BULGARIA,233
2024,10,BURKINA FASO,2
2024,10,BURUNDI,0
2024,10,CAMBODIA,59
2024,10,CAMEROON,4
2024,10,CANADA,2339
2024,10,CAPE VERDE,0
2024,10,CENTRAL AFRICAN,0
2024,10,CHAD,1
2024,10,CHILE,40
2024,10,CHINA,9164
2024,10,COLOMBIA,62
2024,10,COMOROS,13
2024,10,CONGO,0
2024,10,COSTA RICA,5
2024,10,COTE D IVOIRE,2
2024,10,CROATIA,110
2024,10,CUBA,4
2024,10,CYPRUS,52
2024,10,CZECHIA,729
2024,10,DENMARK,739
2024,10,DJIBOUTI,3
2024,10,DOMINICA,14
2024,10,DOMINICAN REPUBLIC,5
2024,10,ECUADOR,13
2024,10,EGYPT,282
2024,10,EL SALVADOR,2
2024,10,EQUATORIAL GUINEA,0
2024,10,ERITREA,1
2024,10,ESTONIA,131
2024,10,ETHIOPIA,12
2024,10,FIJI,10
2024,10,FINLAND,215
2024,10,FRANCE,4688
2024,10,GABON,0
2024,10,GAMBIA,0
2024,10,GEORGIA,24
2024,10,GERMANY,9217
2024,10,GHANA,11
2024,10,GREECE,142
2024,10,GRENADA,3
2024,10,GUATEMALA,4
2024,10,GUINEA,1
2024,10,GUINEA-BISSAU,0
2024,10,GUYANA,9
2024,10,HAITI,3
2024,10,HONDURAS,2
2024,10,HUNGARY,431
2024,10,ICELAND,20
2024,10,INDIA,36417
2024,10,INDONESIA,297
2024,10,IRAN,591
2024,10,IRAQ,64
2024,10,IRELAND,706
2024,10,ISRAEL,1398
2024,10,ITALY,1431
2024,10,JAMAICA,9
2024,10,JAPAN,2392
2024,10,JORDAN,315
2024,10,KAZAKHSTAN,213
2024,10,KENYA,42
2024,10,KIRIBATI,0
2024,10,KOSOVAR,3
2024,10,KUWAIT,70
2024,10,KYRGYZSTAN,34
2024,10,LAOS,1
2024,10,LATVIA,152
2024,10,LEBANON,110
2024,10,LESOTHO,0
2024,10,LIBERIA,2
2024,10,LIBYA,5
2024,10,LIECHTENSTEIN,7
2024,10,LITHUANIA,285
2024,10,LUXEMBOURG,29
2024,10,MADAGASCAR,10
2024,10,MALAWI,5
2024,10,MALAYSIA,1013
2024,10,MALDIVES,2880
2024,10,MALI,1
2024,10,MALTA,23
2024,10,MARSHALL ISLANDS,1
2024,10,MAURITANIA,2
2024,10,MAURITIUS,21
2024,10,MEXICO,90
2024,10,MICRONESIA,1
2024,10,MOLDOVA,18
2024,10,MONACO,3
2024,10,MONGOLIA,2
2024,10,MONTENEGRO,5
2024,10,MOROCCO,100
2024,10,MOZAMBIQUE,3
2024,10,MYANMAR,82
2024,10,NAMIBIA,1
2024,10,NAURU,0
2024,10,NEPAL,552
2024,10,NETHERLANDS,2859
2024,10,NETHERLANDS ANTILLES,0
2024,10,NEW ZEALAND,780
2024,10,NICARAGUA,0
2024,10,NIGER,0
2024,10,NIGERIA,7
2024,10,NORTH MACEDONIA,30
2024,10,NORWAY,442
2024,10,OMAN,155
2024,10,PAKISTAN,1140
2024,10,PALAU,0
2024,10,PALESTINIAN TERRITORIES,36
2024,10,PANAMA,3
2024,10,PAPUA NEW GUINEA,6
2024,10,PARAGUAY,1
2024,10,PERU,32
2024,10,PHILIPPINES,407
2024,10,POLAND,2132
2024,10,PORTUGAL,633
2024,10,QATAR,33
2024,10,ROMANIA,354
2024,10,RUSSIA,10367
2024,10,RWANDA,3
2024,10,SAINT KITTS AND NEVIS,9
2024,10,SAINT LUCIA,15
2024,10,SAINT VINCENT THE GRENADI,1
2024,10,SAMOA,1
2024,10,SAN MARINO,3
2024,10,SAUDI ARABIA,251
2024,10,SENEGAL,2
2024,10,SERBIA,147
2024,10,SEYCHELLES,143
2024,10,SIERRA LEONE,2
2024,10,SINGAPORE,717
2024,10,SLOVAKIA,439
2024,10,SLOVENIA,297
2024,10,SOLOMON ISLANDS,1
2024,10,SOMALIA,12
2024,10,SOUTH AFRICA,259
2024,10,SOUTH KOREA,876
2024,10,SOUTH SUDAN,3
2024,10,SPAIN,3458
2024,10,SUDAN,112
2024,10,SURINAME,0
2024,10,SWAZILAND,5
2024,10,SWEDEN,716
2024,10,SWITZERLAND,1816
2024,10,SYRIAN ARAB,1
2024,10,TAJIKISTAN,17
2024,10,TANZANIA,18
2024,10,THAILAND,581
2024,10,TIMOR-LESTE,1
2024,10,TOGO,2
2024,10,TONGA,1
2024,10,TRINIDAD AND TOBAGO,8
2024,10,TUNISIA,165
2024,10,TURKEY,409
2024,10,TURKMENISTAN,21
2024,10,TUVALU,0
2024,10,UGANDA,8
2024,10,UKRAINE,350
2024,10,UNITED ARAB EMIRATES,304
2024,10,UNITED KINGDOM,10206
2024,10,UNITED STATES,3170
2024,10,URUGUAY,4
2024,10,UZBEKISTAN,70
2024,10,VANUATU,6
2024,10,VENEZUELA,10
2024,10,VIETNAM,202
2024,10,YEMEN,21
2024,10,ZAMBIA,11
2024,10,ZIMBABWE,14
2024,11,AFGHANISTAN,5
2024,11,ALBANIA,10
2024,11,ALGERIA,28
2024,11,ANDORRA,3
2024,11,ANGOLA,3
2024,11,ANTIGUA AND BARBUDA,3
2024,11,ARGENTINA,66
2024,11,ARMENIA,229
2024,11,ARUBA,0
2024,11,AUSTRALIA,7937
2024,11,AUSTRIA,1705
2024,11,AZERBAIJAN,438
2024,11,BAHAMAS,1
2024,11,BAHRAIN,86
2024,11,BANGLADESH,3375
2024,11,BARBADOS,1
2024,11,BELARUS,1429
2024,11,BELGIUM,1390
2024,11,BELIZE,2
2024,11,BENIN,3
2024,11,BHUTAN,80
2024,11,BOLIVIA,7
2024,11,BOSNIA AND HERZEGOVINA,18
2024,11,BOTSWANA,1
2024,11,BRAZIL,186
2024,11,BRUNEI,1
2024,11,BULGARIA,488
2024,11,BURKINA FASO,0
2024,11,BURUNDI,1
2024,11,CAMBODIA,53
2024,11,CAMEROON,2
2024,11,CANADA,3085
2024,11,CAPE VERDE,0
2024,11,CENTRAL AFRICAN,0
2024,11,CHAD,0
2024,11,CHILE,34
2024,11,CHINA,8371
2024,11,COLOMBIA,52
2024,11,COMOROS,4
2024,11,CONGO,4
2024,11,COSTA RICA,9
2024,11,COTE D IVOIRE,5
2024,11,CROATIA,217
2024,11,CUBA,3
2024,11,CYPRUS,50
2024,11,CZECHIA,1357
2024,11,DENMARK,1036
2024,11,DJIBOUTI,0
2024,11,DOMINICA,18
2024,11,DOMINICAN REPUBLIC,0
2024,11,ECUADOR,7
2024,11,EGYPT,456
2024,11,EL SALVADOR,2
2024,11,EQUATORIAL GUINEA,0
2024,11,ERITREA,3
2024,11,ESTONIA,234
2024,11,ETHIOPIA,9
2024,11,FIJI,26
2024,11,FINLAND,534
2024,11,FRANCE,6665
2024,11,GABON,0
2024,11,GAMBIA,1
2024,11,GEORGIA,99
2024,11,GERMANY,12593
2024,11,GHANA,8
2024,11,GREECE,260
2024,11,GRENADA,7
2024,11,GUATEMALA,6
2024,11,GUINEA,0
2024,11,GUINEA-BISSAU,0
2024,11,GUYANA,2
2024,11,HAITI,9
2024,11,HONDURAS,2
2024,11,HUNGARY,648
2024,11,ICELAND,58
2024,11,INDIA,41120
2024,11,INDONESIA,532
2024,11,IRAN,804
2024,11,IRAQ,79
2024,11,IRELAND,703
2024,11,ISRAEL,878
2024,11,ITALY,2237
2024,11,JAMAICA,5
2024,11,JAPAN,2178
2024,11,JORDAN,224
2024,11,KAZAKHSTAN,289
2024,11,KENYA,62
2024,11,KIRIBATI,0
2024,11,KOSOVAR,4
2024,11,KUWAIT,96
2024,11,KYRGYZSTAN,95
2024,11,LAOS,11
2024,11,LATVIA,435
2024,11,LEBANON,332
2024,11,LESOTHO,0
2024,11,LIBERIA,2
2024,11,LIBYA,5
2024,11,LIECHTENSTEIN,14
2024,11,LITHUANIA,488
2024,11,LUXEMBOURG,62
2024,11,MADAGASCAR,15
2024,11,MALAWI,11
2024,11,MALAYSIA,1467
2024,11,MALDIVES,2982
2024,11,MALI,0
2024,11,MALTA,53
2024,11,MARSHALL ISLANDS,0
2024,11,MAURITANIA,0
2024,11,MAURITIUS,120
2024,11,MEXICO,87
2024,11,MICRONESIA,0
2024,11,MOLDOVA,55
2024,11,MONACO,0
2024,11,MONGOLIA,15
2024,11,MONTENEGRO,12
2024,11,MOROCCO,74
2024,11,MOZAMBIQUE,1
2024,11,MYANMAR,65
2024,11,NAMIBIA,2
2024,11,NAURU,0
2024,11,NEPAL,386
2024,11,NETHERLANDS,3387
2024,11,NETHERLANDS ANTILLES,1
2024,11,NEW ZEALAND,915
2024,11,NICARAGUA,1
2024,11,NIGER,0
2024,11,NIGERIA,19
2024,11,NORTH MACEDONIA,15
2024,11,NORWAY,783
2024,11,OMAN,170
2024,11,PAKISTAN,1148
2024,11,PALAU,0
2024,11,PALESTINIAN TERRITORIES,63
2024,11,PANAMA,1
2024,11,PAPUA NEW GUINEA,7
2024,11,PARAGUAY,3
2024,11,PERU,23
2024,11,PHILIPPINES,398
2024,11,POLAND,5164
2024,11,PORTUGAL,856
2024,11,QATAR,34
2024,11,ROMANIA,531
2024,11,RUSSIA,29053
2024,11,RWANDA,5
2024,11,SAINT KITTS AND NEVIS,14
2024,11,SAINT LUCIA,0
2024,11,SAINT VINCENT THE GRENADI,0
2024,11,SAMOA,0
2024,11,SAN MARINO,8
2024,11,SAUDI ARABIA,644
2024,11,SENEGAL,4
2024,11,SERBIA,181
2024,11,SEYCHELLES,167
2024,11,SIERRA LEONE,2
2024,11,SINGAPORE,1197
2024,11,SLOVAKIA,736
2024,11,SLOVENIA,200
2024,11,SOLOMON ISLANDS,2
2024,11,SOMALIA,8
2024,11,SOUTH AFRICA,320
2024,11,SOUTH KOREA,1188
2024,11,SOUTH SUDAN,1
2024,11,SPAIN,3655
2024,11,SUDAN,110
2024,11,SURINAME,2
2024,11,SWAZILAND,4
2024,11,SWEDEN,1132
2024,11,SWITZERLAND,2490
2024,11,SYRIAN ARAB,1
2024,11,TAJIKISTAN,15
2024,11,TANZANIA,29
2024,11,THAILAND,622
2024,11,TIMOR-LESTE,4
2024,11,TOGO,1
2024,11,TONGA,3
2024,11,TRINIDAD AND TOBAGO,14
2024,11,TUNISIA,42
2024,11,TURKEY,620
2024,11,TURKMENISTAN,6
2024,11,TUVALU,0
2024,11,UGANDA,15
2024,11,UKRAINE,554
2024,11,UNITED ARAB EMIRATES,282
2024,11,UNITED KINGDOM,12912
2024,11,UNITED STATES,4472
2024,11,URUGUAY,6
2024,11,UZBEKISTAN,56
2024,11,VANUATU,3
2024,11,VENEZUELA,14
2024,11,VIETNAM,346
2024,11,YEMEN,40
2024,11,ZAMBIA,8
2024,11,ZIMBABWE,26
2024,12,AFGHANISTAN,61
2024,12,ALBANIA,15
2024,12,ALGERIA,37
2024,12,ANDORRA,13
2024,12,ANGOLA,0
2024,12,ANTIGUA AND BARBUDA,9
2024,12,ARGENTINA,99
2024,12,ARMENIA,304
2024,12,ARUBA,0
2024,12,AUSTRALIA,13109
2024,12,AUSTRIA,2401
2024,12,AZERBAIJAN,140
2024,12,BAHAMAS,5
2024,12,BAHRAIN,81
2024,12,BANGLADESH,4154
2024,12,BARBADOS,7
2024,12,BELARUS,1408
2024,12,BELGIUM,1337
2024,12,BELIZE,4
2024,12,BENIN,3
2024,12,BHUTAN,90
2024,12,BOLIVIA,2
2024,12,BOSNIA AND HERZEGOVINA,48
2024,12,BOTSWANA,21
2024,12,BRAZIL,208
2024,12,BRUNEI,6
2024,12,BULGARIA,721
2024,12,BURKINA FASO,1
2024,12,BURUNDI,1
2024,12,CAMBODIA,59
2024,12,CAMEROON,3
2024,12,CANADA,3781
2024,12,CAPE VERDE,0
2024,12,CENTRAL AFRICAN,1
2024,12,CHAD,2
2024,12,CHILE,47
2024,12,CHINA,9924
2024,12,COLOMBIA,59
2024,12,COMOROS,3
2024,12,CONGO,12
2024,12,COSTA RICA,11
2024,12,COTE D IVOIRE,0
2024,12,CROATIA,368
2024,12,CUBA,5
2024,12,CYPRUS,129
2024,12,CZECHIA,2299
2024,12,DENMARK,1713
2024,12,DJIBOUTI,0
2024,12,DOMINICA,9
2024,12,DOMINICAN REPUBLIC,6
2024,12,ECUADOR,18
2024,12,EGYPT,491
2024,12,EL SALVADOR,3
2024,12,EQUATORIAL GUINEA,0
2024,12,ERITREA,2
2024,12,ESTONIA,576
2024,12,ETHIOPIA,13
2024,12,FIJI,25
2024,12,FINLAND,774
2024,12,FRANCE,6332
2024,12,GABON,0
2024,12,GAMBIA,3
2024,12,GEORGIA,70
2024,12,GERMANY,14703
2024,12,GHANA,10
2024,12,GREECE,533
2024,12,GRENADA,7
2024,12,GUATEMALA,14
2024,12,GUINEA,2
2024,12,GUINEA-BISSAU,0
2024,12,GUYANA,2
2024,12,HAITI,1
2024,12,HONDURAS,2
2024,12,HUNGARY,978
2024,12,ICELAND,44
2024,12,INDIA,52881
2024,12,INDONESIA,379
2024,12,IRAN,794
2024,12,IRAQ,96
2024,12,IRELAND,1090
2024,12,ISRAEL,2054
2024,12,ITALY,5695
2024,12,JAMAICA,4
2024,12,JAPAN,3599
2024,12,JORDAN,358
2024,12,KAZAKHSTAN,1932
2024,12,KENYA,137
2024,12,KIRIBATI,0
2024,12,KOSOVAR,12
2024,12,KUWAIT,150
2024,12,KYRGYZSTAN,146
2024,12,LAOS,12
2024,12,LATVIA,629
2024,12,LEBANON,421
2024,12,LESOTHO,6
2024,12,LIBERIA,0
2024,12,LIBYA,30
2024,12,LIECHTENSTEIN,17
2024,12,LITHUANIA,867
2024,12,LUXEMBOURG,83
2024,12,MADAGASCAR,12
2024,12,MALAWI,7
2024,12,MALAYSIA,1726
2024,12,MALDIVES,6903
2024,12,MALI,0
2024,12,MALTA,204
2024,12,MARSHALL ISLANDS,0
2024,12,MAURITANIA,0
2024,12,MAURITIUS,251
2024,12,MEXICO,137
2024,12,MICRONESIA,0
2024,12,MOLDOVA,137
2024,12,MONACO,2
2024,12,MONGOLIA,19
2024,12,MONTENEGRO,43
2024,12,MOROCCO,121
2024,12,MOZAMBIQUE,19
2024,12,MYANMAR,82
2024,12,NAMIBIA,7
2024,12,NAURU,0
2024,12,NEPAL,449
2024,12,NETHERLANDS,3893
2024,12,NETHERLANDS ANTILLES,0
2024,12,NEW ZEALAND,1562
2024,12,NICARAGUA,1
2024,12,NIGER,0
2024,12,NIGERIA,13
2024,12,NORTH MACEDONIA,31
2024,12,NORWAY,1478
2024,12,OMAN,141
2024,12,PAKISTAN,1389
2024,12,PALAU,1
2024,12,PALESTINIAN TERRITORIES,77
2024,12,PANAMA,3
2024,12,PAPUA NEW GUINEA,14
2024,12,PARAGUAY,1
2024,12,PERU,8
2024,12,PHILIPPINES,485
2024,12,POLAND,6233
2024,12,PORTUGAL,636
2024,12,QATAR,82
2024,12,ROMANIA,1243
2024,12,RUSSIA,35268
2024,12,RWANDA,6
2024,12,SAINT KITTS AND NEVIS,19
2024,12,SAINT LUCIA,3
2024,12,SAINT VINCENT THE GRENADI,1
2024,12,SAMOA,0
2024,12,SAN MARINO,8
2024,12,SAUDI ARABIA,353
2024,12,SENEGAL,5
2024,12,SERBIA,234
2024,12,SEYCHELLES,434
2024,12,SIERRA LEONE,4
2024,12,SINGAPORE,2011
2024,12,SLOVAKIA,713
2024,12,SLOVENIA,610
2024,12,SOLOMON ISLANDS,1
2024,12,SOMALIA,9
2024,12,SOUTH AFRICA,1089
2024,12,SOUTH KOREA,1266
2024,12,SOUTH SUDAN,0
2024,12,SPAIN,2801
2024,12,SUDAN,96
2024,12,SURINAME,3
2024,12,SWAZILAND,6
2024,12,SWEDEN,3676
2024,12,SWITZERLAND,3246
2024,12,SYRIAN ARAB,0
2024,12,TAJIKISTAN,9
2024,12,TANZANIA,17
2024,12,THAILAND,648
2024,12,TIMOR-LESTE,7
2024,12,TOGO,0
2024,12,TONGA,0
2024,12,TRINIDAD AND TOBAGO,4
2024,12,TUNISIA,108
2024,12,TURKEY,803
2024,12,TURKMENISTAN,5
2024,12,TUVALU,0
2024,12,UGANDA,15
2024,12,UKRAINE,1156
2024,12,UNITED ARAB EMIRATES,326
2024,12,UNITED KINGDOM,18757
2024,12,UNITED STATES,8212
2024,12,URUGUAY,6
2024,12,UZBEKISTAN,295
2024,12,VANUATU,4
2024,12,VENEZUELA,17
2024,12,VIETNAM,158
2024,12,YEMEN,27
2024,12,ZAMBIA,13
2024,12,ZIMBABWE,22
2025,1,AFGHANISTAN,6
2025,1,ALBANIA,17
2025,1,ALGERIA,26
2025,1,ANDORRA,10
2025,1,ANGOLA,0
2025,1,ANTIGUA AND BARBUDA,3
2025,1,ARGENTINA,164
2025,1,ARMENIA,261
2025,1,AUSTRALIA,9563
2025,1,AUSTRIA,2492
2025,1,AZERBAIJAN,149
2025,1,BAHAMAS,0
2025,1,BAHRAIN,159
2025,1,BANGLADESH,4626
2025,1,BARBADOS,3
2025,1,BELARUS,2050
2025,1,BELGIUM,1739
2025,1,BELIZE,0
2025,1,BENIN,0
2025,1,BHUTAN,92
2025,1,BOLIVIA,0
2025,1,BOSNIA AND HERZEGOVINA,37
2025,1,BOTSWANA,7
2025,1,BRAZIL,234
2025,1,BRUNEI,12
2025,1,BULGARIA,634
2025,1,BURKINA FASO,2
2025,1,BURUNDI,2
2025,1,CAMBODIA,26
2025,1,CAMEROON,2
2025,1,CANADA,4458
2025,1,CAPE VERDE,0
2025,1,CENTRAL AFRICAN,0
2025,1,CHAD,0
2025,1,CHILE,45
2025,1,CHINA,16709
2025,1,COLOMBIA,45
2025,1,COMOROS,3
2025,1,COSTA RICA,9
2025,1,COTE D'LVOIRE,1
2025,1,CROATIA,316
2025,1,CUBA,3
2025,1,CYPRUS,87
2025,1,CZECHIA,2754
2025,1,DEMOCRATIC REPUBLIC OF THE CONGO,0
2025,1,DENMARK,2822
2025,1,DJIBOUTI,2
2025,1,DOMINICA,7
2025,1,DOMINICAN REPUBLIC,3
2025,1,ECUADOR,6
2025,1,EGYPT,357
2025,1,EL SALVADOR,1
2025,1,EQUATORIAL GUINEA,0
2025,1,ERITREA,2
2025,1,ESTONIA,915
2025,1,ETHIOPIA,13
2025,1,FIJI,29
2025,1,FINLAND,808
2025,1,FRANCE,12619
2025,1,GABON,0
2025,1,GAMBIA,0
2025,1,GEORGIA,170
2025,1,GERMANY,15050
2025,1,GHANA,8
2025,1,GREECE,415
2025,1,GRENADA,0
2025,1,GUATEMALA,6
2025,1,GUINEA,2
2025,1,GUINEA-BISSAU,3
2025,1,GUYANA,5
2025,1,HAITI,0
2025,1,HONDURAS,1
2025,1,HUNGARY,1388
2025,1,ICELAND,58
2025,1,INDIA,43375
2025,1,INDONESIA,280
2025,1,IRAN,886
2025,1,IRAQ,131
2025,1,IRELAND,986
2025,1,ISRAEL,2730
2025,1,ITALY,4778
2025,1,JAMAICA,3
2025,1,JAPAN,2631
2025,1,JORDAN,178
2025,1,KAZAKHSTAN,3015
2025,1,KENYA,42
2025,1,KIRIBATI,0
2025,1,KOSOVO,9
2025,1,KUWAIT,174
2025,1,KYRGYZSTAN,151
2025,1,LAOS,37
2025,1,LATVIA,844
2025,1,LEBANON,145
2025,1,LESOTHO,1
2025,1,LIBERIA,1
2025,1,LIBYA,2
2025,1,LIECHTENSTEIN,8
2025,1,LITHUANIA,1639
2025,1,LUXEMBOURG,73
2025,1,MADAGASCAR,15
2025,1,MALAWI,3
2025,1,MALAYSIA,2125
2025,1,MALDIVES,2999
2025,1,MALI,1
2025,1,MALTA,129
2025,1,MARSHALL ISLANDS,1
2025,1,MAURITANIA,0
2025,1,MAURITIUS,49
2025,1,MEXICO,82
2025,1,MOLDOVA,130
2025,1,MONACO,4
2025,1,MONGOLIA,28
2025,1,MONTENEGRO,23
2025,1,MOROCCO,82
2025,1,MOZAMBIQUE,7
2025,1,MYANMAR,97
2025,1,NAMIBIA,0
2025,1,NAURU,0
2025,1,NEPAL,689
2025,1,NETHERLANDS,6484
2025,1,NEW ZEALAND,997
2025,1,NICARAGUA,0
2025,1,NIGER,1
2025,1,NIGERIA,14
2025,1,NORTH KOREA,0
2025,1,NORTH MACEDONIA,25
2025,1,NORWAY,1665
2025,1,OMAN,156
2025,1,PAKISTAN,1430
2025,1,PALAU,0
2025,1,PALESTINIAN TERRITORIES,18
2025,1,PANAMA,2
2025,1,PAPUA NEW GUINEA,4
2025,1,PARAGUAY,5
2025,1,PERU,16
2025,1,PHILIPPINES,424
2025,1,POLAND,7585
2025,1,PORTUGAL,789
2025,1,QATAR,33
2025,1,REPUBLIC OF THE CONGO,6
2025,1,ROMANIA,888
2025,1,RUSSIA,34096
2025,1,RWANDA,6
2025,1,SAINT BARTHELEMY,0
2025,1,SAINT KITTS AND NEVIS,15
2025,1,SAINT LUCIA,4
2025,1,SAINT VINCENT AND THE GRENADI,1
2025,1,SAMOA,0
2025,1,SAN MARINO,2
2025,1,SAO TOME AND PRINCIPE,0
2025,1,SAUDI ARABIA,487
2025,1,SENEGAL,5
2025,1,SERBIA,392
2025,1,SEYCHELLES,397
2025,1,SIERRA LEONE,5
2025,1,SINGAPORE,1048
2025,1,SLOVAKIA,1117
2025,1,SLOVENIA,498
2025,1,SOLOMON ISLANDS,0
2025,1,SOMALIA,3
2025,1,SOUTH AFRICA,365
2025,1,SOUTH KOREA,2149
2025,1,SOUTH SUDAN,2
2025,1,SPAIN,2696
2025,1,SUDAN,70
2025,1,SURINAME,0
2025,1,SWAZILAND,1
2025,1,SWEDEN,2235
2025,1,SWITZERLAND,3322
2025,1,SYRIAN ARAB,2
2025,1,TAJIKISTAN,28
2025,1,TANZANIA,10
2025,1,THAILAND,625
2025,1,TIMOR-LESTE,2
2025,1,TOGO,0
2025,1,TONGA,0
2025,1,TRINIDAD AND TOBAGO,8
2025,1,TUNISIA,43
2025,1,TURKEY,1152
2025,1,TURKMENISTAN,21
2025,1,TUVALU,0
2025,1,UGANDA,23
2025,1,UKRAINE,1872
2025,1,UNITED ARAB EMIRATES,191
2025,1,UNITED KINGDOM,21730
2025,1,UNITED STATES,7067
2025,1,URUGUAY,20
2025,1,UZBEKISTAN,140
2025,1,VANUATU,7
2025,1,VATICAN CITY,0
2025,1,VENEZUELA,10
2025,1,VIETNAM,257
2025,1,YEMEN,56
2025,1,ZAMBIA,9
2025,1,ZIMBABWE,11
2025,2,AFGHANISTAN,15
2025,2,ALBANIA,33
2025,2,ALGERIA,43
2025,2,ANDORRA,7
2025,2,ANGOLA,3
2025,2,ANTIGUA AND BARBUDA,3
2025,2,ARGENTINA,79
2025,2,ARMENIA,195
2025,2,AUSTRALIA,8778
2025,2,AUSTRIA,2640
2025,2,AZERBAIJAN,86
2025,2,BAHAMAS,5
2025,2,BAHRAIN,49
2025,2,BANGLADESH,5262
2025,2,BARBADOS,1
2025,2,BELARUS,1455
2025,2,BELGIUM,1994
2025,2,BELIZE,0
2025,2,BENIN,0
2025,2,BHUTAN,39
2025,2,BOLIVIA,3
2025,2,BOSNIA AND HERZEGOVINA,46
2025,2,BOTSWANA,1
2025,2,BRAZIL,177
2025,2,BRUNEI,1
2025,2,BULGARIA,838
2025,2,BURKINA FASO,1
2025,2,BURUNDI,0
2025,2,CAMBODIA,132
2025,2,CAMEROON,1
2025,2,CANADA,4550
2025,2,CAPE VERDE,0
2025,2,CENTRAL AFRICAN,0
2025,2,CHAD,0
2025,2,CHILE,77
2025,2,CHINA,11690
2025,2,COLOMBIA,44
2025,2,COMOROS,1
2025,2,COSTA RICA,13
2025,2,COTE D'LVOIRE,0
2025,2,CROATIA,360
2025,2,CUBA,4
2025,2,CYPRUS,80
2025,2,CZECHIA,3370
2025,2,DEMOCRATIC REPUBLIC OF THE CONGO,2
2025,2,DENMARK,2713
2025,2,DJIBOUTI,1
2025,2,DOMINICA,9
2025,2,DOMINICAN REPUBLIC,1
2025,2,ECUADOR,12
2025,2,EGYPT,469
2025,2,EL SALVADOR,2
2025,2,EQUATORIAL GUINEA,0
2025,2,ERITREA,1
2025,2,ESTONIA,934
2025,2,ETHIOPIA,17
2025,2,FIJI,23
2025,2,FINLAND,790
2025,2,FRANCE,15469
2025,2,GABON,0
2025,2,GAMBIA,3
2025,2,GEORGIA,81
2025,2,GERMANY,17233
2025,2,GHANA,4
2025,2,GREECE,395
2025,2,GRENADA,2
2025,2,GUATEMALA,3
2025,2,GUINEA,0
2025,2,GUINEA-BISSAU,0
2025,2,GUYANA,5
2025,2,HAITI,1
2025,2,HONDURAS,2
2025,2,HUNGARY,1089
2025,2,ICELAND,38
2025,2,INDIA,35728
2025,2,INDONESIA,515
2025,2,IRAN,615
2025,2,IRAQ,114
2025,2,IRELAND,1067
2025,2,ISRAEL,2959
2025,2,ITALY,4115
2025,2,JAMAICA,5
2025,2,JAPAN,3527
2025,2,JORDAN,297
2025,2,KAZAKHSTAN,2463
2025,2,KENYA,55
2025,2,KIRIBATI,0
2025,2,KOSOVO,12
2025,2,KUWAIT,204
2025,2,KYRGYZSTAN,126
2025,2,LAOS,31
2025,2,LATVIA,596
2025,2,LEBANON,357
2025,2,LESOTHO,0
2025,2,LIBERIA,4
2025,2,LIBYA,5
2025,2,LIECHTENSTEIN,12
2025,2,LITHUANIA,1354
2025,2,LUXEMBOURG,96
2025,2,MADAGASCAR,11
2025,2,MALAWI,4
2025,2,MALAYSIA,1415
2025,2,MALDIVES,2843
2025,2,MALI,0
2025,2,MALTA,130
2025,2,MARSHALL ISLANDS,0
2025,2,MAURITANIA,0
2025,2,MAURITIUS,90
2025,2,MEXICO,118
2025,2,MOLDOVA,167
2025,2,MONACO,2
2025,2,MONGOLIA,4
2025,2,MONTENEGRO,11
2025,2,MOROCCO,102
2025,2,MOZAMBIQUE,6
2025,2,MYANMAR,82
2025,2,NAMIBIA,11
2025,2,NAURU,0
2025,2,NEPAL,374
2025,2,NETHERLANDS,5589
2025,2,NEW ZEALAND,741
2025,2,NICARAGUA,3
2025,2,NIGER,0
2025,2,NIGERIA,4
2025,2,NORTH KOREA,0
2025,2,NORTH MACEDONIA,8
2025,2,NORWAY,1400
2025,2,OMAN,212
2025,2,PAKISTAN,1152
2025,2,PALAU,0
2025,2,PALESTINIAN TERRITORIES,34
2025,2,PANAMA,6
2025,2,PAPUA NEW GUINEA,4
2025,2,PARAGUAY,2
2025,2,PERU,24
2025,2,PHILIPPINES,381
2025,2,POLAND,8519
2025,2,PORTUGAL,699
2025,2,QATAR,46
2025,2,REPUBLIC OF THE CONGO,0
2025,2,ROMANIA,894
2025,2,RUSSIA,30295
2025,2,RWANDA,3
2025,2,SAINT BARTHELEMY,0
2025,2,SAINT KITTS AND NEVIS,16
2025,2,SAINT LUCIA,3
2025,2,SAINT VINCENT AND THE GRENADI,0
2025,2,SAMOA,0
2025,2,SAN MARINO,4
2025,2,SAO TOME AND PRINCIPE,0
2025,2,SAUDI ARABIA,358
2025,2,SENEGAL,4
2025,2,SERBIA,309
2025,2,SEYCHELLES,212
2025,2,SIERRA LEONE,1
2025,2,SINGAPORE,1024
2025,2,SLOVAKIA,1209
2025,2,SLOVENIA,684
2025,2,SOLOMON ISLANDS,0
2025,2,SOMALIA,4
2025,2,SOUTH AFRICA,393
2025,2,SOUTH KOREA,1471
2025,2,SOUTH SUDAN,1
2025,2,SPAIN,2528
2025,2,SUDAN,52
2025,2,SURINAME,3
2025,2,SWAZILAND,0
2025,2,SWEDEN,2007
2025,2,SWITZERLAND,3266
2025,2,SYRIAN ARAB,0
2025,2,TAJIKISTAN,21
2025,2,TANZANIA,12
2025,2,THAILAND,719
2025,2,TIMOR-LESTE,8
2025,2,TOGO,0
2025,2,TONGA,0
2025,2,TRINIDAD AND TOBAGO,8
2025,2,TUNISIA,124
2025,2,TURKEY,728
2025,2,TURKMENISTAN,9
2025,2,TUVALU,0
2025,2,UGANDA,14
2025,2,UKRAINE,1387
2025,2,UNITED ARAB EMIRATES,171
2025,2,UNITED KINGDOM,25528
2025,2,UNITED STATES,6439
2025,2,URUGUAY,26
2025,2,UZBEKISTAN,134
2025,2,VANUATU,3
2025,2,VATICAN CITY,0
2025,2,VENEZUELA,15
2025,2,VIETNAM,253
2025,2,YEMEN,27
2025,2,ZAMBIA,9
2025,2,ZIMBABWE,15
2025,3,AFGHANISTAN,2
2025,3,ALBANIA,10
2025,3,ALGERIA,19
2025,3,ANDORRA,6
2025,3,ANGOLA,1
2025,3,ANTIGUA AND BARBUDA,0
2025,3,ARGENTINA,101
2025,3,ARMENIA,224
2025,3,AUSTRALIA,9012
2025,3,AUSTRIA,1756
2025,3,AZERBAIJAN,267
2025,3,BAHAMAS,2
2025,3,BAHRAIN,52
2025,3,BANGLADESH,4713
2025,3,BARBADOS,4
2025,3,BELARUS,1257
2025,3,BELGIUM,1609
2025,3,BELIZE,3
2025,3,BENIN,4
2025,3,BHUTAN,22
2025,3,BOLIVIA,2
2025,3,BOSNIA AND HERZEGOVINA,34
2025,3,BOTSWANA,1
2025,3,BRAZIL,213
2025,3,BRUNEI,2
2025,3,BULGARIA,748
2025,3,BURKINA FASO,1
2025,3,BURUNDI,0
2025,3,CAMBODIA,125
2025,3,CAMEROON,2
2025,3,CANADA,4219
2025,3,CAPE VERDE,3
2025,3,CENTRAL AFRICAN,2
2025,3,CHAD,0
2025,3,CHILE,86
2025,3,CHINA,11114
2025,3,COLOMBIA,84
2025,3,COMOROS,2
2025,3,COSTA RICA,15
2025,3,COTE D'LVOIRE,3
2025,3,CROATIA,192
2025,3,CUBA,5
2025,3,CYPRUS,105
2025,3,CZECHIA,2266
2025,3,DEMOCRATIC REPUBLIC OF THE CONGO,5
2025,3,DENMARK,1299
2025,3,DJIBOUTI,0
2025,3,DOMINICA,21
2025,3,DOMINICAN REPUBLIC,0
2025,3,ECUADOR,9
2025,3,EGYPT,276
2025,3,EL SALVADOR,1
2025,3,EQUATORIAL GUINEA,0
2025,3,ERITREA,1
2025,3,ESTONIA,757
2025,3,ETHIOPIA,27
2025,3,FIJI,10
2025,3,FINLAND,452
2025,3,FRANCE,15278
2025,3,GABON,0
2025,3,GAMBIA,0
2025,3,GEORGIA,101
2025,3,GERMANY,17918
2025,3,GHANA,8
2025,3,GREECE,330
2025,3,GRENADA,4
2025,3,GUATEMALA,5
2025,3,GUINEA,1
2025,3,GUINEA-BISSAU,0
2025,3,GUYANA,6
2025,3,HAITI,1
2025,3,HONDURAS,1
2025,3,HUNGARY,695
2025,3,ICELAND,18
2025,3,INDIA,39212
2025,3,INDONESIA,313
2025,3,IRAN,3695
2025,3,IRAQ,58
2025,3,IRELAND,1239
2025,3,ISRAEL,2069
2025,3,ITALY,3524
2025,3,JAMAICA,2
2025,3,JAPAN,3708
2025,3,JORDAN,329
2025,3,KAZAKHSTAN,1808
2025,3,KENYA,103
2025,3,KIRIBATI,0
2025,3,KOSOVO,3
2025,3,KUWAIT,130
2025,3,KYRGYZSTAN,75
2025,3,LAOS,17
2025,3,LATVIA,791
2025,3,LEBANON,474
2025,3,LESOTHO,0
2025,3,LIBERIA,1
2025,3,LIBYA,0
2025,3,LIECHTENSTEIN,6
2025,3,LITHUANIA,1263
2025,3,LUXEMBOURG,68
2025,3,MADAGASCAR,12
2025,3,MALAWI,3
2025,3,MALAYSIA,2256
2025,3,MALDIVES,1932
2025,3,MALI,1
2025,3,MALTA,78
2025,3,MARSHALL ISLANDS,0
2025,3,MAURITANIA,2
2025,3,MAURITIUS,77
2025,3,MEXICO,135
2025,3,MOLDOVA,73
2025,3,MONACO,3
2025,3,MONGOLIA,12
2025,3,MONTENEGRO,20
2025,3,MOROCCO,65
2025,3,MOZAMBIQUE,0
2025,3,MYANMAR,94
2025,3,NAMIBIA,2
2025,3,NAURU,0
2025,3,NEPAL,307
2025,3,NETHERLANDS,4838
2025,3,NEW ZEALAND,965
2025,3,NICARAGUA,6
2025,3,NIGER,0
2025,3,NIGERIA,6
2025,3,NORTH KOREA,0
2025,3,NORTH MACEDONIA,15
2025,3,NORWAY,960
2025,3,OMAN,25
2025,3,PAKISTAN,736
2025,3,PALAU,0
2025,3,PALESTINIAN TERRITORIES,23
2025,3,PANAMA,4
2025,3,PAPUA NEW GUINEA,12
2025,3,PARAGUAY,4
2025,3,PERU,27
2025,3,PHILIPPINES,585
2025,3,POLAND,5661
2025,3,PORTUGAL,876
2025,3,QATAR,39
2025,3,REPUBLIC OF THE CONGO,1
2025,3,ROMANIA,760
2025,3,RUSSIA,29177
2025,3,RWANDA,6
2025,3,SAINT BARTHELEMY,0
2025,3,SAINT KITTS AND NEVIS,18
2025,3,SAINT LUCIA,5
2025,3,SAINT VINCENT AND THE GRENADI,0
2025,3,SAMOA,3
2025,3,SAN MARINO,3
2025,3,SAO TOME AND PRINCIPE,0
2025,3,SAUDI ARABIA,201
2025,3,SENEGAL,2
2025,3,SERBIA,308
2025,3,SEYCHELLES,225
2025,3,SIERRA LEONE,6
2025,3,SINGAPORE,1189
2025,3,SLOVAKIA,832
2025,3,SLOVENIA,226
2025,3,SOLOMON ISLANDS,1
2025,3,SOMALIA,1
2025,3,SOUTH AFRICA,669
2025,3,SOUTH KOREA,963
2025,3,SOUTH SUDAN,1
2025,3,SPAIN,2548
2025,3,SUDAN,22
2025,3,SURINAME,3
2025,3,SWAZILAND,1
2025,3,SWEDEN,1243
2025,3,SWITZERLAND,2740
2025,3,SYRIAN ARAB,1
2025,3,TAJIKISTAN,18
2025,3,TANZANIA,7
2025,3,THAILAND,903
2025,3,TIMOR-LESTE,1
2025,3,TOGO,2
2025,3,TONGA,0
2025,3,TRINIDAD AND TOBAGO,4
2025,3,TUNISIA,70
2025,3,TURKEY,992
2025,3,TURKMENISTAN,16
2025,3,TUVALU,0
2025,3,UGANDA,9
2025,3,UKRAINE,1119
2025,3,UNITED ARAB EMIRATES,165
2025,3,UNITED KINGDOM,22447
2025,3,UNITED STATES,7676
2025,3,URUGUAY,33
2025,3,UZBEKISTAN,64
2025,3,VANUATU,5
2025,3,VATICAN CITY,0
2025,3,VENEZUELA,18
2025,3,VIETNAM,314
2025,3,YEMEN,14
2025,3,ZAMBIA,2
2025,3,ZIMBABWE,10
2025,4,AFGHANISTAN,21
2025,4,ALBANIA,14
2025,4,ALGERIA,20
2025,4,ANDORRA,33
2025,4,ANGOLA,2
2025,4,ANTIGUA AND BARBUDA,3
2025,4,ARGENTINA,62
2025,4,ARMENIA,124
2025,4,AUSTRALIA,10744
2025,4,AUSTRIA,1087
2025,4,AZERBAIJAN,64
2025,4,BAHAMAS,1
2025,4,BAHRAIN,77
2025,4,BANGLADESH,5428
2025,4,BARBADOS,1
2025,4,BELARUS,436
2025,4,BELGIUM,1623
2025,4,BELIZE,2
2025,4,BENIN,3
2025,4,BHUTAN,72
2025,4,BOLIVIA,1
2025,4,BOSNIA AND HERZEGOVINA,67
2025,4,BOTSWANA,4
2025,4,BRAZIL,178
2025,4,BRUNEI,6
2025,4,BULGARIA,288
2025,4,BURKINA FASO,0
2025,4,BURUNDI,0
2025,4,CAMBODIA,551
2025,4,CAMEROON,1
2025,4,CANADA,3238
2025,4,CAPE VERDE,0
2025,4,CENTRAL AFRICAN,0
2025,4,CHAD,0
2025,4,CHILE,61
2025,4,CHINA,8667
2025,4,COLOMBIA,62
2025,4,COMOROS,4
2025,4,COSTA RICA,9
2025,4,COTE D'LVOIRE,0
2025,4,CROATIA,150
2025,4,CUBA,2
2025,4,CYPRUS,110
2025,4,CZECHIA,1227
2025,4,DEMOCRATIC REPUBLIC OF THE CONGO,1
2025,4,DENMARK,1316
2025,4,DJIBOUTI,0
2025,4,DOMINICA,12
2025,4,DOMINICAN REPUBLIC,4
2025,4,ECUADOR,11
2025,4,EGYPT,434
2025,4,EL SALVADOR,0
2025,4,EQUATORIAL GUINEA,0
2025,4,ERITREA,0
2025,4,ESTONIA,108
2025,4,ETHIOPIA,13
2025,4,FIJI,20
2025,4,FINLAND,236
2025,4,FRANCE,8276
2025,4,GABON,0
2025,4,GAMBIA,0
2025,4,GEORGIA,30
2025,4,GERMANY,11654
2025,4,GHANA,3
2025,4,GREECE,423
2025,4,GRENADA,1
2025,4,GUATEMALA,7
2025,4,GUINEA,2
2025,4,GUINEA-BISSAU,0
2025,4,GUYANA,2
2025,4,HAITI,2
2025,4,HONDURAS,1
2025,4,HUNGARY,421
2025,4,ICELAND,28
2025,4,INDIA,38744
2025,4,INDONESIA,446
2025,4,IRAN,232
2025,4,IRAQ,89
2025,4,IRELAND,953
2025,4,ISRAEL,1821
2025,4,ITALY,3633
2025,4,JAMAICA,2
2025,4,JAPAN,2374
2025,4,JORDAN,210
2025,4,KAZAKHSTAN,121
2025,4,KENYA,79
2025,4,KIRIBATI,0
2025,4,KOSOVO,7
2025,4,KUWAIT,132
2025,4,KYRGYZSTAN,24
2025,4,LAOS,14
2025,4,LATVIA,96
2025,4,LEBANON,353
2025,4,LESOTHO,2
2025,4,LIBERIA,0
2025,4,LIBYA,6
2025,4,LIECHTENSTEIN,25
2025,4,LITHUANIA,178
2025,4,LUXEMBOURG,114
2025,4,MADAGASCAR,14
2025,4,MALAWI,2
2025,4,MALAYSIA,1486
2025,4,MALDIVES,2516
2025,4,MALI,1
2025,4,MALTA,118
2025,4,MARSHALL ISLANDS,0
2025,4,MAURITANIA,3
2025,4,MAURITIUS,82
2025,4,MEXICO,107
2025,4,MOLDOVA,18
2025,4,MONACO,0
2025,4,MONGOLIA,16
2025,4,MONTENEGRO,15
2025,4,MOROCCO,95
2025,4,MOZAMBIQUE,2
2025,4,MYANMAR,166
2025,4,NAMIBIA,1
2025,4,NAURU,0
2025,4,NEPAL,527
2025,4,NETHERLANDS,4476
2025,4,NEW ZEALAND,1434
2025,4,NICARAGUA,1
2025,4,NIGER,0
2025,4,NIGERIA,4
2025,4,NORTH KOREA,0
2025,4,NORTH MACEDONIA,23
2025,4,NORWAY,878
2025,4,OMAN,183
2025,4,PAKISTAN,1156
2025,4,PALAU,1
2025,4,PALESTINIAN TERRITORIES,72
2025,4,PANAMA,1
2025,4,PAPUA NEW GUINEA,46
2025,4,PARAGUAY,3
2025,4,PERU,30
2025,4,PHILIPPINES,565
2025,4,POLAND,2098
2025,4,PORTUGAL,763
2025,4,QATAR,107
2025,4,REPUBLIC OF THE CONGO,0
2025,4,ROMANIA,456
2025,4,RUSSIA,13525
2025,4,RWANDA,6
2025,4,SAINT BARTHELEMY,0
2025,4,SAINT KITTS AND NEVIS,6
2025,4,SAINT LUCIA,7
2025,4,SAINT VINCENT AND THE GRENADI,0
2025,4,SAMOA,1
2025,4,SAN MARINO,2
2025,4,SAO TOME AND PRINCIPE,0
2025,4,SAUDI ARABIA,416
2025,4,SENEGAL,4
2025,4,SERBIA,227
2025,4,SEYCHELLES,365
2025,4,SIERRA LEONE,2
2025,4,SINGAPORE,1060
2025,4,SLOVAKIA,627
2025,4,SLOVENIA,338
2025,4,SOLOMON ISLANDS,0
2025,4,SOMALIA,14
2025,4,SOUTH AFRICA,370
2025,4,SOUTH KOREA,584
2025,4,SOUTH SUDAN,0
2025,4,SPAIN,3144
2025,4,SUDAN,102
2025,4,SURINAME,4
2025,4,SWAZILAND,0
2025,4,SWEDEN,696
2025,4,SWITZERLAND,3241
2025,4,SYRIAN ARAB,0
2025,4,TAJIKISTAN,46
2025,4,TANZANIA,13
2025,4,THAILAND,1220
2025,4,TIMOR-LESTE,0
2025,4,TOGO,0
2025,4,TONGA,0
2025,4,TRINIDAD AND TOBAGO,2
2025,4,TUNISIA,60
2025,4,TURKEY,533
2025,4,TURKMENISTAN,13
2025,4,TUVALU,0
2025,4,UGANDA,11
2025,4,UKRAINE,411
2025,4,UNITED ARAB EMIRATES,502
2025,4,UNITED KINGDOM,17348
2025,4,UNITED STATES,4202
2025,4,URUGUAY,46
2025,4,UZBEKISTAN,47
2025,4,VANUATU,3
2025,4,VATICAN CITY,0
2025,4,VENEZUELA,8
2025,4,VIETNAM,778
2025,4,YEMEN,38
2025,4,ZAMBIA,4
2025,4,ZIMBABWE,13
2025,5,AFGHANISTAN,10
2025,5,ALBANIA,13
2025,5,ALGERIA,31
2025,5,ANDORRA,6
2025,5,ANGOLA,0
2025,5,ANTIGUA AND BARBUDA,3
2025,5,ARGENTINA,60
2025,5,ARMENIA,74
2025,5,AUSTRALIA,5929
2025,5,AUSTRIA,483
2025,5,AZERBAIJAN,54
2025,5,BAHAMAS,1
2025,5,BAHRAIN,54
2025,5,BANGLADESH,7282
2025,5,BARBADOS,1
2025,5,BELARUS,148
2025,5,BELGIUM,664
2025,5,BELIZE,3
2025,5,BENIN,1
2025,5,BHUTAN,55
2025,5,BOLIVIA,2
2025,5,BOSNIA AND HERZEGOVINA,20
2025,5,BOTSWANA,8
2025,5,BRAZIL,132
2025,5,BRUNEI,17
2025,5,BULGARIA,88
2025,5,BURKINA FASO,3
2025,5,BURUNDI,0
2025,5,CAMBODIA,28
2025,5,CAMEROON,2
2025,5,CANADA,3412
2025,5,CAPE VERDE,1
2025,5,CENTRAL AFRICAN,0
2025,5,CHAD,2
2025,5,CHILE,41
2025,5,CHINA,8803
2025,5,COLOMBIA,56
2025,5,COMOROS,6
2025,5,COSTA RICA,12
2025,5,COTE D'LVOIRE,3
2025,5,CROATIA,32
2025,5,CUBA,2
2025,5,CYPRUS,51
2025,5,CZECHIA,354
2025,5,DEMOCRATIC REPUBLIC OF THE CONGO,3
2025,5,DENMARK,500
2025,5,DJIBOUTI,3
2025,5,DOMINICA,10
2025,5,DOMINICAN REPUBLIC,8
2025,5,ECUADOR,12
2025,5,EGYPT,298
2025,5,EL SALVADOR,3
2025,5,EQUATORIAL GUINEA,1
2025,5,ERITREA,1
2025,5,ESTONIA,28
2025,5,ETHIOPIA,11
2025,5,FIJI,6
2025,5,FINLAND,208
2025,5,FRANCE,5470
2025,5,GABON,1
2025,5,GAMBIA,1
2025,5,GEORGIA,26
2025,5,GERMANY,7223
2025,5,GHANA,3
2025,5,GREECE,140
2025,5,GRENADA,1
2025,5,GUATEMALA,10
2025,5,GUINEA,2
2025,5,GUINEA-BISSAU,0
2025,5,GUYANA,3
2025,5,HAITI,1
2025,5,HONDURAS,3
2025,5,HUNGARY,133
2025,5,ICELAND,13
2025,5,INDIA,47001
2025,5,INDONESIA,471
2025,5,IRAN,354
2025,5,IRAQ,65
2025,5,IRELAND,473
2025,5,ISRAEL,896
2025,5,ITALY,1333
2025,5,JAMAICA,3
2025,5,JAPAN,2126
2025,5,JORDAN,169
2025,5,KAZAKHSTAN,207
2025,5,KENYA,71
2025,5,KIRIBATI,0
2025,5,KOSOVO,4
2025,5,KUWAIT,106
2025,5,KYRGYZSTAN,72
2025,5,LAOS,18
2025,5,LATVIA,50
2025,5,LEBANON,169
2025,5,LESOTHO,5
2025,5,LIBERIA,0
2025,5,LIBYA,5
2025,5,LIECHTENSTEIN,7
2025,5,LITHUANIA,102
2025,5,LUXEMBOURG,23
2025,5,MADAGASCAR,17
2025,5,MALAWI,4
2025,5,MALAYSIA,1920
2025,5,MALDIVES,3006
2025,5,MALI,4
2025,5,MALTA,18
2025,5,MARSHALL ISLANDS,0
2025,5,MAURITANIA,3
2025,5,MAURITIUS,56
2025,5,MEXICO,88
2025,5,MOLDOVA,11
2025,5,MONACO,3
2025,5,MONGOLIA,20
2025,5,MONTENEGRO,5
2025,5,MOROCCO,108
2025,5,MOZAMBIQUE,2
2025,5,MYANMAR,203
2025,5,NAMIBIA,7
2025,5,NAURU,0
2025,5,NEPAL,403
2025,5,NETHERLANDS,2329
2025,5,NEW ZEALAND,840
2025,5,NICARAGUA,1
2025,5,NIGER,0
2025,5,NIGERIA,14
2025,5,NORTH KOREA,0
2025,5,NORTH MACEDONIA,19
2025,5,NORWAY,355
2025,5,OMAN,136
2025,5,PAKISTAN,946
2025,5,PALAU,0
2025,5,PALESTINIAN TERRITORIES,43
2025,5,PANAMA,2
2025,5,PAPUA NEW GUINEA,21
2025,5,PARAGUAY,4
2025,5,PERU,20
2025,5,PHILIPPINES,472
2025,5,POLAND,1078
2025,5,PORTUGAL,312
2025,5,QATAR,47
2025,5,REPUBLIC OF THE CONGO,2
2025,5,ROMANIA,190
2025,5,RUSSIA,3328
2025,5,RWANDA,0
2025,5,SAINT BARTHELEMY,0
2025,5,SAINT KITTS AND NEVIS,4
2025,5,SAINT LUCIA,1
2025,5,SAINT VINCENT AND THE GRENADI,7
2025,5,SAMOA,0
2025,5,SAN MARINO,2
2025,5,SAO TOME AND PRINCIPE,1
2025,5,SAUDI ARABIA,433
2025,5,SENEGAL,5
2025,5,SERBIA,56
2025,5,SEYCHELLES,192
2025,5,SIERRA LEONE,2
2025,5,SINGAPORE,1054
2025,5,SLOVAKIA,212
2025,5,SLOVENIA,55
2025,5,SOLOMON ISLANDS,1
2025,5,SOMALIA,9
2025,5,SOUTH AFRICA,198
2025,5,SOUTH KOREA,544
2025,5,SOUTH SUDAN,0
2025,5,SPAIN,1593
2025,5,SUDAN,66
2025,5,SURINAME,2
2025,5,SWAZILAND,1
2025,5,SWEDEN,286
2025,5,SWITZERLAND,1424
2025,5,SYRIAN ARAB,0
2025,5,TAJIKISTAN,35
2025,5,TANZANIA,19
2025,5,THAILAND,556
2025,5,TIMOR-LESTE,1
2025,5,TOGO,0
2025,5,TONGA,1
2025,5,TRINIDAD AND TOBAGO,4
2025,5,TUNISIA,61
2025,5,TURKEY,384
2025,5,TURKMENISTAN,9
2025,5,TUVALU,0
2025,5,UGANDA,21
2025,5,UKRAINE,234
2025,5,UNITED ARAB EMIRATES,400
2025,5,UNITED KINGDOM,9221
2025,5,UNITED STATES,3607
2025,5,URUGUAY,12
2025,5,UZBEKISTAN,54
2025,5,VANUATU,4
2025,5,VATICAN CITY,0
2025,5,VENEZUELA,13
2025,5,VIETNAM,250
2025,5,YEMEN,28
2025,5,ZAMBIA,10
2025,5,ZIMBABWE,11
2025,6,AFGHANISTAN,2
2025,6,ALBANIA,3
2025,6,ALGERIA,37
2025,6,ANDORRA,9
2025,6,ANGOLA,0
2025,6,ANTIGUA AND BARBUDA,1
2025,6,ARGENTINA,56
2025,6,ARMENIA,71
2025,6,AUSTRALIA,7299
2025,6,AUSTRIA,487
2025,6,AZERBAIJAN,78
2025,6,BAHAMAS,1
2025,6,BAHRAIN,230
2025,6,BANGLADESH,5826
2025,6,BARBADOS,2
2025,6,BELARUS,86
2025,6,BELGIUM,1135
2025,6,BELIZE,1
2025,6,BENIN,1
2025,6,BHUTAN,49
2025,6,BOLIVIA,3
2025,6,BOSNIA AND HERZEGOVINA,20
2025,6,BOTSWANA,3
2025,6,BRAZIL,119
2025,6,BRUNEI,1
2025,6,BULGARIA,51
2025,6,BURKINA FASO,2
2025,6,BURUNDI,1
2025,6,CAMBODIA,63
2025,6,CAMEROON,1
2025,6,CANADA,4239
2025,6,CAPE VERDE,2
2025,6,CENTRAL AFRICAN,0
2025,6,CHAD,7
2025,6,CHILE,23
2025,6,CHINA,8804
2025,6,COLOMBIA,43
2025,6,COMOROS,13
2025,6,COSTA RICA,6
2025,6,COTE D'LVOIRE,0
2025,6,CROATIA,28
2025,6,CUBA,3
2025,6,CYPRUS,38
2025,6,CZECHIA,625
2025,6,DEMOCRATIC REPUBLIC OF THE CONGO,4
2025,6,DENMARK,816
2025,6,DJIBOUTI,0
2025,6,DOMINICA,28
2025,6,DOMINICAN REPUBLIC,2
2025,6,ECUADOR,11
2025,6,EGYPT,425
2025,6,EL SALVADOR,1
2025,6,EQUATORIAL GUINEA,0
2025,6,ERITREA,1
2025,6,ESTONIA,19
2025,6,ETHIOPIA,15
2025,6,FIJI,11
2025,6,FINLAND,145
2025,6,FRANCE,4345
2025,6,GABON,0
2025,6,GAMBIA,3
2025,6,GEORGIA,12
2025,6,GERMANY,5498
2025,6,GHANA,15
2025,6,GREECE,106
2025,6,GRENADA,6
2025,6,GUATEMALA,6
2025,6,GUINEA,0
2025,6,GUINEA-BISSAU,0
2025,6,GUYANA,0
2025,6,HAITI,0
2025,6,HONDURAS,7
2025,6,HUNGARY,126
2025,6,ICELAND,28
2025,6,INDIA,37934
2025,6,INDONESIA,376
2025,6,IRAN,196
2025,6,IRAQ,188
2025,6,IRELAND,700
2025,6,ISRAEL,573
2025,6,ITALY,2174
2025,6,JAMAICA,4
2025,6,JAPAN,2093
2025,6,JORDAN,286
2025,6,KAZAKHSTAN,96
2025,6,KENYA,308
2025,6,KIRIBATI,0
2025,6,KOSOVO,1
2025,6,KUWAIT,190
2025,6,KYRGYZSTAN,23
2025,6,LAOS,28
2025,6,LATVIA,26
2025,6,LEBANON,263
2025,6,LESOTHO,0
2025,6,LIBERIA,0
2025,6,LIBYA,5
2025,6,LIECHTENSTEIN,7
2025,6,LITHUANIA,126
2025,6,LUXEMBOURG,18
2025,6,MADAGASCAR,48
2025,6,MALAWI,7
2025,6,MALAYSIA,1830
2025,6,MALDIVES,3157
2025,6,MALI,2
2025,6,MALTA,30
2025,6,MARSHALL ISLANDS,0
2025,6,MAURITANIA,1
2025,6,MAURITIUS,37
2025,6,MEXICO,61
2025,6,MOLDOVA,9
2025,6,MONACO,0
2025,6,MONGOLIA,11
2025,6,MONTENEGRO,0
2025,6,MOROCCO,84
2025,6,MOZAMBIQUE,3
2025,6,MYANMAR,131
2025,6,NAMIBIA,0
2025,6,NAURU,0
2025,6,NEPAL,352
2025,6,NETHERLANDS,2423
2025,6,NEW ZEALAND,1084
2025,6,NICARAGUA,2
2025,6,NIGER,1
2025,6,NIGERIA,12
2025,6,NORTH KOREA,0
2025,6,NORTH MACEDONIA,2
2025,6,NORWAY,1473
2025,6,OMAN,286
2025,6,PAKISTAN,6833
2025,6,PALAU,0
2025,6,PALESTINIAN TERRITORIES,53
2025,6,PANAMA,1
2025,6,PAPUA NEW GUINEA,4
2025,6,PARAGUAY,2
2025,6,PERU,22
2025,6,PHILIPPINES,745
2025,6,POLAND,1138
2025,6,PORTUGAL,644
2025,6,QATAR,109
2025,6,REPUBLIC OF THE CONGO,1
2025,6,ROMANIA,219
2025,6,RUSSIA,1891
2025,6,RWANDA,0
2025,6,SAINT BARTHELEMY,0
2025,6,SAINT KITTS AND NEVIS,23
2025,6,SAINT LUCIA,1
2025,6,SAINT VINCENT AND THE GRENADI,1
2025,6,SAMOA,0
2025,6,SAN MARINO,5
2025,6,SAO TOME AND PRINCIPE,0
2025,6,SAUDI ARABIA,660
2025,6,SENEGAL,7
2025,6,SERBIA,90
2025,6,SEYCHELLES,280
2025,6,SIERRA LEONE,0
2025,6,SINGAPORE,1830
2025,6,SLOVAKIA,133
2025,6,SLOVENIA,123
2025,6,SOLOMON ISLANDS,2
2025,6,SOMALIA,1
2025,6,SOUTH AFRICA,344
2025,6,SOUTH KOREA,660
2025,6,SOUTH SUDAN,1
2025,6,SPAIN,2331
2025,6,SUDAN,113
2025,6,SURINAME,2
2025,6,SWAZILAND,0
2025,6,SWEDEN,628
2025,6,SWITZERLAND,1589
2025,6,SYRIAN ARAB,0
2025,6,TAJIKISTAN,16
2025,6,TANZANIA,259
2025,6,THAILAND,597
2025,6,TIMOR-LESTE,1
2025,6,TOGO,0
2025,6,TONGA,1
2025,6,TRINIDAD AND TOBAGO,7
2025,6,TUNISIA,71
2025,6,TURKEY,607
2025,6,TURKMENISTAN,19
2025,6,TUVALU,0
2025,6,UGANDA,20
2025,6,UKRAINE,214
2025,6,UNITED ARAB EMIRATES,720
2025,6,UNITED KINGDOM,11628
2025,6,UNITED STATES,5422
2025,6,URUGUAY,12
2025,6,UZBEKISTAN,38
2025,6,VANUATU,3
2025,6,VATICAN CITY,0
2025,6,VENEZUELA,9
2025,6,VIETNAM,255
2025,6,YEMEN,64
2025,6,ZAMBIA,6
2025,6,ZIMBABWE,26
2025,7,AFGHANISTAN,1
2025,7,ALBANIA,8
2025,7,ALGERIA,23
2025,7,ANDORRA,17
2025,7,ANGOLA,4
2025,7,ANTIGUA AND BARBUDA,5
2025,7,ARGENTINA,45
2025,7,ARMENIA,161
2025,7,AUSTRALIA,9117
2025,7,AUSTRIA,1846
2025,7,AZERBAIJAN,91
2025,7,BAHAMAS,1
2025,7,BAHRAIN,232
2025,7,BANGLADESH,3274
2025,7,BARBADOS,0
2025,7,BELARUS,137
2025,7,BELGIUM,4511
2025,7,BELIZE,4
2025,7,BENIN,0
2025,7,BHUTAN,44
2025,7,BOLIVIA,5
2025,7,BOSNIA AND HERZEGOVINA,10
2025,7,BOTSWANA,2
2025,7,BRAZIL,124
2025,7,BRUNEI,17
2025,7,BULGARIA,52
2025,7,BURKINA FASO,2
2025,7,BURUNDI,0
2025,7,CAMBODIA,46
2025,7,CAMEROON,1
2025,7,CANADA,5462
2025,7,CAPE VERDE,0
2025,7,CENTRAL AFRICAN,0
2025,7,CHAD,1
2025,7,CHILE,79
2025,7,CHINA,12982
2025,7,COLOMBIA,69
2025,7,COMOROS,15
2025,7,COSTA RICA,8
2025,7,COTE D'LVOIRE,1
2025,7,CROATIA,92
2025,7,CUBA,2
2025,7,CYPRUS,150
2025,7,CZECHIA,1367
2025,7,DEMOCRATIC REPUBLIC OF THE CONGO,1
2025,7,DENMARK,2509
2025,7,DJIBOUTI,4
2025,7,DOMINICA,7
2025,7,DOMINICAN REPUBLIC,2
2025,7,ECUADOR,12
2025,7,EGYPT,328
2025,7,EL SALVADOR,1
2025,7,EQUATORIAL GUINEA,0
2025,7,ERITREA,1
2025,7,ESTONIA,21
2025,7,ETHIOPIA,23
2025,7,FIJI,19
2025,7,FINLAND,150
2025,7,FRANCE,11059
2025,7,GABON,0
2025,7,GAMBIA,1
2025,7,GEORGIA,18
2025,7,GERMANY,10568
2025,7,GHANA,2
2025,7,GREECE,162
2025,7,GRENADA,9
2025,7,GUATEMALA,5
2025,7,GUINEA,1
2025,7,GUINEA-BISSAU,0
2025,7,GUYANA,5
2025,7,HAITI,1
2025,7,HONDURAS,0
2025,7,HUNGARY,265
2025,7,ICELAND,19
2025,7,INDIA,37128
2025,7,INDONESIA,361
2025,7,IRAN,151
2025,7,IRAQ,114
2025,7,IRELAND,873
2025,7,ISRAEL,1966
2025,7,ITALY,4886
2025,7,JAMAICA,7
2025,7,JAPAN,3076
2025,7,JORDAN,262
2025,7,KAZAKHSTAN,78
2025,7,KENYA,84
2025,7,KIRIBATI,0
2025,7,KOSOVO,4
2025,7,KUWAIT,219
2025,7,KYRGYZSTAN,23
2025,7,LAOS,21
2025,7,LATVIA,40
2025,7,LEBANON,248
2025,7,LESOTHO,0
2025,7,LIBERIA,0
2025,7,LIBYA,6
2025,7,LIECHTENSTEIN,14
2025,7,LITHUANIA,144
2025,7,LUXEMBOURG,70
2025,7,MADAGASCAR,19
2025,7,MALAWI,3
2025,7,MALAYSIA,1712
2025,7,MALDIVES,4755
2025,7,MALI,1
2025,7,MALTA,99
2025,7,MARSHALL ISLANDS,0
2025,7,MAURITANIA,2
2025,7,MAURITIUS,81
2025,7,MEXICO,44
2025,7,MOLDOVA,10
2025,7,MONACO,4
2025,7,MONGOLIA,8
2025,7,MONTENEGRO,4
2025,7,MOROCCO,91
2025,7,MOZAMBIQUE,0
2025,7,MYANMAR,392
2025,7,NAMIBIA,2
2025,7,NAURU,0
2025,7,NEPAL,442
2025,7,NETHERLANDS,15556
2025,7,NEW ZEALAND,1106
2025,7,NICARAGUA,0
2025,7,NIGER,0
2025,7,NIGERIA,10
2025,7,NORTH KOREA,0
2025,7,NORTH MACEDONIA,12
2025,7,NORWAY,1982
2025,7,OMAN,518
2025,7,PAKISTAN,2002
2025,7,PALAU,0
2025,7,PALESTINIAN TERRITORIES,102
2025,7,PANAMA,1
2025,7,PAPUA NEW GUINEA,4
2025,7,PARAGUAY,2
2025,7,PERU,22
2025,7,PHILIPPINES,608
2025,7,POLAND,3469
2025,7,PORTUGAL,578
2025,7,QATAR,159
2025,7,REPUBLIC OF THE CONGO,1
2025,7,ROMANIA,231
2025,7,RUSSIA,3158
2025,7,RWANDA,1
2025,7,SAINT BARTHELEMY,1
2025,7,SAINT KITTS AND NEVIS,4
2025,7,SAINT LUCIA,1
2025,7,SAINT VINCENT AND THE GRENADI,0
2025,7,SAMOA,1
2025,7,SAN MARINO,1
2025,7,SAO TOME AND PRINCIPE,0
2025,7,SAUDI ARABIA,1068
2025,7,SENEGAL,5
2025,7,SERBIA,100
2025,7,SEYCHELLES,190
2025,7,SIERRA LEONE,3
2025,7,SINGAPORE,1297
2025,7,SLOVAKIA,320
2025,7,SLOVENIA,430
2025,7,SOLOMON ISLANDS,1
2025,7,SOMALIA,6
2025,7,SOUTH AFRICA,419
2025,7,SOUTH KOREA,932
2025,7,SOUTH SUDAN,0
2025,7,SPAIN,5912
2025,7,SUDAN,121
2025,7,SURINAME,1
2025,7,SWAZILAND,0
2025,7,SWEDEN,689
2025,7,SWITZERLAND,4990
2025,7,SYRIAN ARAB,0
2025,7,TAJIKISTAN,4
2025,7,TANZANIA,29
2025,7,THAILAND,506
2025,7,TIMOR-LESTE,2
2025,7,TOGO,1
2025,7,TONGA,0
2025,7,TRINIDAD AND TOBAGO,14
2025,7,TUNISIA,63
2025,7,TURKEY,660
2025,7,TURKMENISTAN,14
2025,7,TUVALU,0
2025,7,UGANDA,28
2025,7,UKRAINE,279
2025,7,UNITED ARAB EMIRATES,862
2025,7,UNITED KINGDOM,23475
2025,7,UNITED STATES,5222
2025,7,URUGUAY,7
2025,7,UZBEKISTAN,60
2025,7,VANUATU,1
2025,7,VATICAN CITY,0
2025,7,VENEZUELA,11
2025,7,VIETNAM,266
2025,7,YEMEN,70
2025,7,ZAMBIA,4
2025,7,ZIMBABWE,7
2025,8,AFGHANISTAN,3
2025,8,ALBANIA,30
2025,8,ALGERIA,54
2025,8,ANDORRA,22
2025,8,ANGOLA,3
2025,8,ANTIGUA AND BARBUDA,0
2025,8,ARGENTINA,54
2025,8,ARMENIA,123
2025,8,AUSTRALIA,7833
2025,8,AUSTRIA,1425
2025,8,AZERBAIJAN,133
2025,8,BAHAMAS,5
2025,8,BAHRAIN,134
2025,8,BANGLADESH,4074
2025,8,BARBADOS,2
2025,8,BELARUS,181
2025,8,BELGIUM,2047
2025,8,BELIZE,3
2025,8,BENIN,6
2025,8,BHUTAN,44
2025,8,BOLIVIA,2
2025,8,BOSNIA AND HERZEGOVINA,14
2025,8,BOTSWANA,2
2025,8,BRAZIL,134
2025,8,BRUNEI,6
2025,8,BULGARIA,57
2025,8,BURKINA FASO,0
2025,8,BURUNDI,0
2025,8,CAMBODIA,37
2025,8,CAMEROON,1
2025,8,CANADA,4333
2025,8,CAPE VERDE,2
2025,8,CENTRAL AFRICAN,0
2025,8,CHAD,0
2025,8,CHILE,39
2025,8,CHINA,12294
2025,8,COLOMBIA,60
2025,8,COMOROS,15
2025,8,COSTA RICA,6
2025,8,COTE D'LVOIRE,2
2025,8,CROATIA,157
2025,8,CUBA,6
2025,8,CYPRUS,312
2025,8,CZECHIA,874
2025,8,DEMOCRATIC REPUBLIC OF THE CONGO,5
2025,8,DENMARK,739
2025,8,DJIBOUTI,0
2025,8,DOMINICA,12
2025,8,DOMINICAN REPUBLIC,2
2025,8,ECUADOR,11
2025,8,EGYPT,274
2025,8,EL SALVADOR,4
2025,8,EQUATORIAL GUINEA,0
2025,8,ERITREA,1
2025,8,ESTONIA,16
2025,8,ETHIOPIA,27
2025,8,FIJI,15
2025,8,FINLAND,113
2025,8,FRANCE,10495
2025,8,GABON,0
2025,8,GAMBIA,4
2025,8,GEORGIA,55
2025,8,GERMANY,12500
2025,8,GHANA,9
2025,8,GREECE,844
2025,8,GRENADA,3
2025,8,GUATEMALA,5
2025,8,GUINEA,1
2025,8,GUINEA-BISSAU,0
2025,8,GUYANA,0
2025,8,HAITI,1
2025,8,HONDURAS,1
2025,8,HUNGARY,239
2025,8,ICELAND,7
2025,8,INDIA,46473
2025,8,INDONESIA,487
2025,8,IRAN,485
2025,8,IRAQ,204
2025,8,IRELAND,738
2025,8,ISRAEL,2403
2025,8,ITALY,12247
2025,8,JAMAICA,5
2025,8,JAPAN,5127
2025,8,JORDAN,191
2025,8,KAZAKHSTAN,60
2025,8,KENYA,93
2025,8,KIRIBATI,0
2025,8,KOSOVO,3
2025,8,KUWAIT,232
2025,8,KYRGYZSTAN,67
2025,8,LAOS,13
2025,8,LATVIA,28
2025,8,LEBANON,240
2025,8,LESOTHO,0
2025,8,LIBERIA,0
2025,8,LIBYA,9
2025,8,LIECHTENSTEIN,7
2025,8,LITHUANIA,117
2025,8,LUXEMBOURG,144
2025,8,MADAGASCAR,10
2025,8,MALAWI,6
2025,8,MALAYSIA,2157
2025,8,MALDIVES,3003
2025,8,MALI,1
2025,8,MALTA,151
2025,8,MARSHALL ISLANDS,0
2025,8,MAURITANIA,0
2025,8,MAURITIUS,60
2025,8,MEXICO,73
2025,8,MOLDOVA,11
2025,8,MONACO,0
2025,8,MONGOLIA,33
2025,8,MONTENEGRO,2
2025,8,MOROCCO,132
2025,8,MOZAMBIQUE,1
2025,8,MYANMAR,527
2025,8,NAMIBIA,3
2025,8,NAURU,1
2025,8,NEPAL,583
2025,8,NETHERLANDS,6082
2025,8,NEW ZEALAND,1044
2025,8,NICARAGUA,2
2025,8,NIGER,1
2025,8,NIGERIA,12
2025,8,NORTH KOREA,0
2025,8,NORTH MACEDONIA,13
2025,8,NORWAY,514
2025,8,OMAN,388
2025,8,PAKISTAN,1580
2025,8,PALAU,0
2025,8,PALESTINIAN TERRITORIES,79
2025,8,PANAMA,3
2025,8,PAPUA NEW GUINEA,6
2025,8,PARAGUAY,3
2025,8,PERU,28
2025,8,PHILIPPINES,678
2025,8,POLAND,3404
2025,8,PORTUGAL,648
2025,8,QATAR,159
2025,8,REPUBLIC OF THE CONGO,0
2025,8,ROMANIA,397
2025,8,RUSSIA,3446
2025,8,RWANDA,8
2025,8,SAINT BARTHELEMY,0
2025,8,SAINT KITTS AND NEVIS,25
2025,8,SAINT LUCIA,2
2025,8,SAINT VINCENT AND THE GRENADI,0
2025,8,SAMOA,0
2025,8,SAN MARINO,2
2025,8,SAO TOME AND PRINCIPE,0
2025,8,SAUDI ARABIA,690
2025,8,SENEGAL,6
2025,8,SERBIA,73
2025,8,SEYCHELLES,510
2025,8,SIERRA LEONE,0
2025,8,SINGAPORE,1262
2025,8,SLOVAKIA,346
2025,8,SLOVENIA,217
2025,8,SOLOMON ISLANDS,1
2025,8,SOMALIA,14
2025,8,SOUTH AFRICA,460
2025,8,SOUTH KOREA,808
2025,8,SOUTH SUDAN,0
2025,8,SPAIN,8843
2025,8,SUDAN,288
2025,8,SURINAME,3
2025,8,SWAZILAND,0
2025,8,SWEDEN,341
2025,8,SWITZERLAND,2067
2025,8,SYRIAN ARAB,0
2025,8,TAJIKISTAN,6
2025,8,TANZANIA,35
2025,8,THAILAND,682
2025,8,TIMOR-LESTE,2
2025,8,TOGO,3
2025,8,TONGA,1
2025,8,TRINIDAD AND TOBAGO,11
2025,8,TUNISIA,56
2025,8,TURKEY,606
2025,8,TURKMENISTAN,7
2025,8,TUVALU,0
2025,8,UGANDA,17
2025,8,UKRAINE,272
2025,8,UNITED ARAB EMIRATES,820
2025,8,UNITED KINGDOM,19764
2025,8,UNITED STATES,4970
2025,8,URUGUAY,9
2025,8,UZBEKISTAN,57
2025,8,VANUATU,7
2025,8,VATICAN CITY,1
2025,8,VENEZUELA,12
2025,8,VIETNAM,308
2025,8,YEMEN,75
2025,8,ZAMBIA,8
2025,8,ZIMBABWE,14
2025,9,AFGHANISTAN,5
2025,9,ALBANIA,14
2025,9,ALGERIA,64
2025,9,ANDORRA,4
2025,9,ANGOLA,0
2025,9,ANTIGUA AND BARBUDA,1
2025,9,ARGENTINA,83
2025,9,ARMENIA,138
2025,9,AUSTRALIA,9105
2025,9,AUSTRIA,708
2025,9,AZERBAIJAN,51
2025,9,BAHAMAS,6
2025,9,BAHRAIN,76
2025,9,BANGLADESH,4953
2025,9,BARBADOS,4
2025,9,BELARUS,208
2025,9,BELGIUM,1732
2025,9,BELIZE,1
2025,9,BENIN,4
2025,9,BHUTAN,70
2025,9,BOLIVIA,6
2025,9,BOSNIA AND HERZEGOVINA,14
2025,9,BOTSWANA,4
2025,9,BRAZIL,123
2025,9,BRUNEI,2
2025,9,BULGARIA,97
2025,9,BURKINA FASO,4
2025,9,BURUNDI,3
2025,9,CAMBODIA,25
2025,9,CAMEROON,4
2025,9,CANADA,2513
2025,9,CAPE VERDE,1
2025,9,CENTRAL AFRICAN,2
2025,9,CHAD,1
2025,9,CHILE,38
2025,9,CHINA,10527
2025,9,COLOMBIA,58
2025,9,COMOROS,11
2025,9,COSTA RICA,5
2025,9,COTE D'LVOIRE,1
2025,9,CROATIA,31
2025,9,CUBA,7
2025,9,CYPRUS,36
2025,9,CZECHIA,641
2025,9,DEMOCRATIC REPUBLIC OF THE CONGO,5
2025,9,DENMARK,601
2025,9,DJIBOUTI,0
2025,9,DOMINICA,12
2025,9,DOMINICAN REPUBLIC,2
2025,9,ECUADOR,15
2025,9,EGYPT,261
2025,9,EL SALVADOR,5
2025,9,EQUATORIAL GUINEA,2
2025,9,ERITREA,1
2025,9,ESTONIA,39
2025,9,ETHIOPIA,25
2025,9,FIJI,26
2025,9,FINLAND,193
2025,9,FRANCE,5144
2025,9,GABON,1
2025,9,GAMBIA,3
2025,9,GEORGIA,20
2025,9,GERMANY,9344
2025,9,GHANA,39
2025,9,GREECE,220
2025,9,GRENADA,2
2025,9,GUATEMALA,9
2025,9,GUINEA,2
2025,9,GUINEA-BISSAU,0
2025,9,GUYANA,0
2025,9,HAITI,2
2025,9,HONDURAS,4
2025,9,HUNGARY,136
2025,9,ICELAND,9
2025,9,INDIA,49697
2025,9,INDONESIA,378
2025,9,IRAN,846
2025,9,IRAQ,302
2025,9,IRELAND,609
2025,9,ISRAEL,2136
2025,9,ITALY,2340
2025,9,JAMAICA,5
2025,9,JAPAN,4137
2025,9,JORDAN,177
2025,9,KAZAKHSTAN,118
2025,9,KENYA,68
2025,9,KIRIBATI,2
2025,9,KOSOVO,4
2025,9,KUWAIT,142
2025,9,KYRGYZSTAN,75
2025,9,LAOS,23
2025,9,LATVIA,49
2025,9,LEBANON,261
2025,9,LESOTHO,1
2025,9,LIBERIA,3
2025,9,LIBYA,1
2025,9,LIECHTENSTEIN,5
2025,9,LITHUANIA,144
2025,9,LUXEMBOURG,37
2025,9,MADAGASCAR,8
2025,9,MALAWI,1
2025,9,MALAYSIA,2570
2025,9,MALDIVES,3930
2025,9,MALI,10
2025,9,MALTA,113
2025,9,MARSHALL ISLANDS,0
2025,9,MAURITANIA,1
2025,9,MAURITIUS,47
2025,9,MEXICO,76
2025,9,MOLDOVA,15
2025,9,MONACO,0
2025,9,MONGOLIA,26
2025,9,MONTENEGRO,2
2025,9,MOROCCO,89
2025,9,MOZAMBIQUE,7
2025,9,MYANMAR,166
2025,9,NAMIBIA,2
2025,9,NAURU,0
2025,9,NEPAL,595
2025,9,NETHERLANDS,4433
2025,9,NEW ZEALAND,1200
2025,9,NICARAGUA,2
2025,9,NIGER,0
2025,9,NIGERIA,30
2025,9,NORTH KOREA,0
2025,9,NORTH MACEDONIA,25
2025,9,NORWAY,515
2025,9,OMAN,199
2025,9,PAKISTAN,1468
2025,9,PALAU,0
2025,9,PALESTINIAN TERRITORIES,33
2025,9,PANAMA,4
2025,9,PAPUA NEW GUINEA,13
2025,9,PARAGUAY,2
2025,9,PERU,33
2025,9,PHILIPPINES,643
2025,9,POLAND,2654
2025,9,PORTUGAL,459
2025,9,QATAR,34
2025,9,REPUBLIC OF THE CONGO,4
2025,9,ROMANIA,198
2025,9,RUSSIA,3228
2025,9,RWANDA,10
2025,9,SAINT BARTHELEMY,0
2025,9,SAINT KITTS AND NEVIS,16
2025,9,SAINT LUCIA,3
2025,9,SAINT VINCENT AND THE GRENADI,1
2025,9,SAMOA,0
2025,9,SAN MARINO,1
2025,9,SAO TOME AND PRINCIPE,0
2025,9,SAUDI ARABIA,326
2025,9,SENEGAL,4
2025,9,SERBIA,69
2025,9,SEYCHELLES,119
2025,9,SIERRA LEONE,1
2025,9,SINGAPORE,1053
2025,9,SLOVAKIA,335
2025,9,SLOVENIA,146
2025,9,SOLOMON ISLANDS,0
2025,9,SOMALIA,3
2025,9,SOUTH AFRICA,409
2025,9,SOUTH KOREA,567
2025,9,SOUTH SUDAN,0
2025,9,SPAIN,4841
2025,9,SUDAN,82
2025,9,SURINAME,3
2025,9,SWAZILAND,2
2025,9,SWEDEN,401
2025,9,SWITZERLAND,2193
2025,9,SYRIAN ARAB,1
2025,9,TAJIKISTAN,14
2025,9,TANZANIA,12
2025,9,THAILAND,449
2025,9,TIMOR-LESTE,3
2025,9,TOGO,3
2025,9,TONGA,0
2025,9,TRINIDAD AND TOBAGO,16
2025,9,TUNISIA,65
2025,9,TURKEY,423
2025,9,TURKMENISTAN,8
2025,9,TUVALU,0
2025,9,UGANDA,23
2025,9,UKRAINE,303
2025,9,UNITED ARAB EMIRATES,464
2025,9,UNITED KINGDOM,10752
2025,9,UNITED STATES,3569
2025,9,URUGUAY,16
2025,9,UZBEKISTAN,65
2025,9,VANUATU,4
2025,9,VATICAN CITY,0
2025,9,VENEZUELA,14
2025,9,VIETNAM,216
2025,9,YEMEN,40
2025,9,ZAMBIA,3
2025,9,ZIMBABWE,25
2025,10,AFGHANISTAN,4
2025,10,ALBANIA,10
2025,10,ALGERIA,38
2025,10,ANDORRA,0
2025,10,ANGOLA,0
2025,10,ANTIGUA AND BARBUDA,2
2025,10,ARGENTINA,70
2025,10,ARMENIA,376
2025,10,AUSTRALIA,7903
2025,10,AUSTRIA,878
2025,10,AZERBAIJAN,79
2025,10,BAHAMAS,13
2025,10,BAHRAIN,61
2025,10,BANGLADESH,5521
2025,10,BARBADOS,0
2025,10,BELARUS,719
2025,10,BELGIUM,877
2025,10,BELIZE,2
2025,10,BENIN,6
2025,10,BHUTAN,51
2025,10,BOLIVIA,5
2025,10,BOSNIA AND HERZEGOVINA,20
2025,10,BOTSWANA,1
2025,10,BRAZIL,156
2025,10,BRUNEI,1
2025,10,BULGARIA,228
2025,10,BURKINA FASO,0
2025,10,BURUNDI,0
2025,10,CAMBODIA,29
2025,10,CAMEROON,0
2025,10,CANADA,2444
2025,10,CAPE VERDE,2
2025,10,CENTRAL AFRICAN,0
2025,10,CHAD,1
2025,10,CHILE,54
2025,10,CHINA,10864
2025,10,COLOMBIA,67
2025,10,COMOROS,11
2025,10,COSTA RICA,11
2025,10,COTE D'LVOIRE,1
2025,10,CROATIA,104
2025,10,CUBA,3
2025,10,CYPRUS,75
2025,10,CZECHIA,875
2025,10,DEMOCRATIC REPUBLIC OF THE CONGO,2
2025,10,DENMARK,969
2025,10,DJIBOUTI,0
2025,10,DOMINICA,14
2025,10,DOMINICAN REPUBLIC,4
2025,10,ECUADOR,10
2025,10,EGYPT,305
2025,10,EL SALVADOR,1
2025,10,EQUATORIAL GUINEA,0
2025,10,ERITREA,2
2025,10,ESTONIA,176
2025,10,ETHIOPIA,17
2025,10,FIJI,25
2025,10,FINLAND,450
2025,10,FRANCE,5157
2025,10,GABON,0
2025,10,GAMBIA,1
2025,10,GEORGIA,25
2025,10,GERMANY,9753
2025,10,GHANA,4
2025,10,GREECE,269
2025,10,GRENADA,2
2025,10,GUATEMALA,9
2025,10,GUINEA,0
2025,10,GUINEA-BISSAU,1
2025,10,GUYANA,1
2025,10,HAITI,0
2025,10,HONDURAS,4
2025,10,HUNGARY,434
2025,10,ICELAND,10
2025,10,INDIA,48113
2025,10,INDONESIA,356
2025,10,IRAN,632
2025,10,IRAQ,194
2025,10,IRELAND,767
2025,10,ISRAEL,1929
2025,10,ITALY,1913
2025,10,JAMAICA,5
2025,10,JAPAN,2253
2025,10,JORDAN,254
2025,10,KAZAKHSTAN,246
2025,10,KENYA,88
2025,10,KIRIBATI,0
2025,10,KOSOVO,2
2025,10,KUWAIT,111
2025,10,KYRGYZSTAN,33
2025,10,LAOS,7
2025,10,LATVIA,165
2025,10,LEBANON,242
2025,10,LESOTHO,1
2025,10,LIBERIA,0
2025,10,LIBYA,9
2025,10,LIECHTENSTEIN,2
2025,10,LITHUANIA,271
2025,10,LUXEMBOURG,21
2025,10,MADAGASCAR,3
2025,10,MALAWI,5
2025,10,MALAYSIA,1810
2025,10,MALDIVES,2780
2025,10,MALI,1
2025,10,MALTA,25
2025,10,MARSHALL ISLANDS,0
2025,10,MAURITANIA,1
2025,10,MAURITIUS,69
2025,10,MEXICO,94
2025,10,MOLDOVA,46
2025,10,MONACO,0
2025,10,MONGOLIA,17
2025,10,MONTENEGRO,17
2025,10,MOROCCO,82
2025,10,MOZAMBIQUE,1
2025,10,MYANMAR,172
2025,10,NAMIBIA,0
2025,10,NAURU,0
2025,10,NEPAL,455
2025,10,NETHERLANDS,3441
2025,10,NEW ZEALAND,1069
2025,10,NICARAGUA,1
2025,10,NIGER,0
2025,10,NIGERIA,39
2025,10,NORTH KOREA,2
2025,10,NORTH MACEDONIA,39
2025,10,NORWAY,574
2025,10,OMAN,200
2025,10,PAKISTAN,1677
2025,10,PALAU,0
2025,10,PALESTINIAN TERRITORIES,38
2025,10,PANAMA,2
2025,10,PAPUA NEW GUINEA,13
2025,10,PARAGUAY,4
2025,10,PERU,16
2025,10,PHILIPPINES,588
2025,10,POLAND,2182
2025,10,PORTUGAL,492
2025,10,QATAR,38
2025,10,REPUBLIC OF THE CONGO,0
2025,10,ROMANIA,352
2025,10,RUSSIA,11496
2025,10,RWANDA,1
2025,10,SAINT BARTHELEMY,0
2025,10,SAINT KITTS AND NEVIS,14
2025,10,SAINT LUCIA,2
2025,10,SAINT VINCENT AND THE GRENADI,0
2025,10,SAMOA,0
2025,10,SAN MARINO,1
2025,10,SAO TOME AND PRINCIPE,0
2025,10,SAUDI ARABIA,321
2025,10,SENEGAL,2
2025,10,SERBIA,154
2025,10,SEYCHELLES,159
2025,10,SIERRA LEONE,1
2025,10,SINGAPORE,1011
2025,10,SLOVAKIA,385
2025,10,SLOVENIA,268
2025,10,SOLOMON ISLANDS,2
2025,10,SOMALIA,10
2025,10,SOUTH AFRICA,437
2025,10,SOUTH KOREA,1105
2025,10,SOUTH SUDAN,0
2025,10,SPAIN,3692
2025,10,SUDAN,90
2025,10,SURINAME,0
2025,10,SWAZILAND,0
2025,10,SWEDEN,861
2025,10,SWITZERLAND,2079
2025,10,SYRIAN ARAB,0
2025,10,TAJIKISTAN,17
2025,10,TANZANIA,20
2025,10,THAILAND,724
2025,10,TIMOR-LESTE,9
2025,10,TOGO,1
2025,10,TONGA,0
2025,10,TRINIDAD AND TOBAGO,10
2025,10,TUNISIA,77
2025,10,TURKEY,583
2025,10,TURKMENISTAN,40
2025,10,TUVALU,0
2025,10,UGANDA,22
2025,10,UKRAINE,529
2025,10,UNITED ARAB EMIRATES,532
2025,10,UNITED KINGDOM,12934
2025,10,UNITED STATES,3991
2025,10,URUGUAY,14
2025,10,UZBEKISTAN,81
2025,10,VANUATU,11
2025,10,VATICAN CITY,0
2025,10,VENEZUELA,5
2025,10,VIETNAM,273
2025,10,YEMEN,40
2025,10,ZAMBIA,7
2025,10,ZIMBABWE,16
2025,11,AFGHANISTAN,3
2025,11,ALBANIA,11
2025,11,ALGERIA,48
2025,11,ANDORRA,6
2025,11,ANGOLA,2
2025,11,ANTIGUA AND BARBUDA,2
2025,11,ARGENTINA,110
2025,11,ARMENIA,320
2025,11,AUSTRALIA,9384
2025,11,AUSTRIA,1766
2025,11,AZERBAIJAN,200
2025,11,BAHAMAS,2
2025,11,BAHRAIN,105
2025,11,BANGLADESH,4151
2025,11,BARBADOS,2
2025,11,BELARUS,1820
2025,11,BELGIUM,1572
2025,11,BELIZE,0
2025,11,BENIN,2
2025,11,BHUTAN,58
2025,11,BOLIVIA,3
2025,11,BOSNIA AND HERZEGOVINA,22
2025,11,BOTSWANA,1
2025,11,BRAZIL,257
2025,11,BRUNEI,3
2025,11,BULGARIA,557
2025,11,BURKINA FASO,1
2025,11,BURUNDI,1
2025,11,CAMBODIA,59
2025,11,CAMEROON,0
2025,11,CANADA,3327
2025,11,CAPE VERDE,0
2025,11,CENTRAL AFRICAN,0
2025,11,CHAD,0
2025,11,CHILE,70
2025,11,CHINA,9217
2025,11,COLOMBIA,73
2025,11,COMOROS,14
2025,11,COSTA RICA,7
2025,11,COTE D'LVOIRE,1
2025,11,CROATIA,279
2025,11,CUBA,2
2025,11,CYPRUS,88
2025,11,CZECHIA,2014
2025,11,DEMOCRATIC REPUBLIC OF THE CONGO,2
2025,11,DENMARK,1146
2025,11,DJIBOUTI,2
2025,11,DOMINICA,17
2025,11,DOMINICAN REPUBLIC,9
2025,11,ECUADOR,16
2025,11,EGYPT,450
2025,11,EL SALVADOR,4
2025,11,EQUATORIAL GUINEA,0
2025,11,ERITREA,1
2025,11,ESTONIA,432
2025,11,ETHIOPIA,8
2025,11,FIJI,19
2025,11,FINLAND,704
2025,11,FRANCE,8459
2025,11,GABON,1
2025,11,GAMBIA,0
2025,11,GEORGIA,147
2025,11,GERMANY,14518
2025,11,GHANA,6
2025,11,GREECE,509
2025,11,GRENADA,7
2025,11,GUATEMALA,8
2025,11,GUINEA,0
2025,11,GUINEA-BISSAU,0
2025,11,GUYANA,2
2025,11,HAITI,2
2025,11,HONDURAS,4
2025,11,HUNGARY,529
2025,11,ICELAND,45
2025,11,INDIA,51391
2025,11,INDONESIA,616
2025,11,IRAN,1051
2025,11,IRAQ,101
2025,11,IRELAND,983
2025,11,ISRAEL,1594
2025,11,ITALY,3005
2025,11,JAMAICA,3
2025,11,JAPAN,2704
2025,11,JORDAN,351
2025,11,KAZAKHSTAN,298
2025,11,KENYA,61
2025,11,KIRIBATI,0
2025,11,KOSOVO,16
2025,11,KUWAIT,99
2025,11,KYRGYZSTAN,79
2025,11,LAOS,9
2025,11,LATVIA,336
2025,11,LEBANON,333
2025,11,LESOTHO,0
2025,11,LIBERIA,3
2025,11,LIBYA,2
2025,11,LIECHTENSTEIN,9
2025,11,LITHUANIA,507
2025,11,LUXEMBOURG,88
2025,11,MADAGASCAR,9
2025,11,MALAWI,3
2025,11,MALAYSIA,2155
2025,11,MALDIVES,2357
2025,11,MALI,0
2025,11,MALTA,87
2025,11,MARSHALL ISLANDS,0
2025,11,MAURITANIA,0
2025,11,MAURITIUS,180
2025,11,MEXICO,153
2025,11,MOLDOVA,67
2025,11,MONACO,2
2025,11,MONGOLIA,29
2025,11,MONTENEGRO,31
2025,11,MOROCCO,91
2025,11,MOZAMBIQUE,3
2025,11,MYANMAR,380
2025,11,NAMIBIA,0
2025,11,NAURU,0
2025,11,NEPAL,455
2025,11,NETHERLANDS,3938
2025,11,NEW ZEALAND,1126
2025,11,NICARAGUA,1
2025,11,NIGER,0
2025,11,NIGERIA,10
2025,11,NORTH KOREA,0
2025,11,NORTH MACEDONIA,12
2025,11,NORWAY,968
2025,11,OMAN,170
2025,11,PAKISTAN,1721
2025,11,PALAU,0
2025,11,PALESTINIAN TERRITORIES,71
2025,11,PANAMA,7
2025,11,PAPUA NEW GUINEA,5
2025,11,PARAGUAY,1
2025,11,PERU,24
2025,11,PHILIPPINES,580
2025,11,POLAND,5331
2025,11,PORTUGAL,1021
2025,11,QATAR,36
2025,11,REPUBLIC OF THE CONGO,2
2025,11,ROMANIA,451
2025,11,RUSSIA,24953
2025,11,RWANDA,0
2025,11,SAINT BARTHELEMY,0
2025,11,SAINT KITTS AND NEVIS,22
2025,11,SAINT LUCIA,1
2025,11,SAINT VINCENT AND THE GRENADI,0
2025,11,SAMOA,1
2025,11,SAN MARINO,4
2025,11,SAO TOME AND PRINCIPE,0
2025,11,SAUDI ARABIA,825
2025,11,SENEGAL,2
2025,11,SERBIA,256
2025,11,SEYCHELLES,241
2025,11,SIERRA LEONE,1
2025,11,SINGAPORE,1277
2025,11,SLOVAKIA,830
2025,11,SLOVENIA,249
2025,11,SOLOMON ISLANDS,3
2025,11,SOMALIA,4
2025,11,SOUTH AFRICA,396
2025,11,SOUTH KOREA,1042
2025,11,SOUTH SUDAN,0
2025,11,SPAIN,4666
2025,11,SUDAN,172
2025,11,SURINAME,0
2025,11,SWAZILAND,0
2025,11,SWEDEN,1283
2025,11,SWITZERLAND,3232
2025,11,SYRIAN ARAB,2
2025,11,TAJIKISTAN,19
2025,11,TANZANIA,24
2025,11,THAILAND,831
2025,11,TIMOR-LESTE,6
2025,11,TOGO,3
2025,11,TONGA,0
2025,11,TRINIDAD AND TOBAGO,17
2025,11,TUNISIA,72
2025,11,TURKEY,766
2025,11,TURKMENISTAN,6
2025,11,TUVALU,0
2025,11,UGANDA,20
2025,11,UKRAINE,895
2025,11,UNITED ARAB EMIRATES,430
2025,11,UNITED KINGDOM,16915
2025,11,UNITED STATES,5284
2025,11,URUGUAY,8
2025,11,UZBEKISTAN,59
2025,11,VANUATU,6
2025,11,VATICAN CITY,0
2025,11,VENEZUELA,10
2025,11,VIETNAM,292
2025,11,YEMEN,40
2025,11,ZAMBIA,6
2025,11,ZIMBABWE,12
2025,12,AFGHANISTAN,7
2025,12,ALBANIA,12
2025,12,ALGERIA,174
2025,12,ANDORRA,6
2025,12,ANGOLA,2
2025,12,ANTIGUA AND BARBUDA,5
2025,12,ARGENTINA,102
2025,12,ARMENIA,397
2025,12,AUSTRALIA,14820
2025,12,AUSTRIA,2620
2025,12,AZERBAIJAN,121
2025,12,BAHAMAS,1
2025,12,BAHRAIN,81
2025,12,BANGLADESH,4453
2025,12,BARBADOS,3
2025,12,BELARUS,2034
2025,12,BELGIUM,1553
2025,12,BELIZE,1
2025,12,BENIN,1
2025,12,BHUTAN,16
2025,12,BOLIVIA,6
2025,12,BOSNIA AND HERZEGOVINA,46
2025,12,BOTSWANA,10
2025,12,BRAZIL,259
2025,12,BRUNEI,11
2025,12,BULGARIA,624
2025,12,BURKINA FASO,0
2025,12,BURUNDI,0
2025,12,CAMBODIA,60
2025,12,CAMEROON,2
2025,12,CANADA,3938
2025,12,CAPE VERDE,0
2025,12,CENTRAL AFRICAN,1
2025,12,CHAD,1
2025,12,CHILE,76
2025,12,CHINA,10364
2025,12,COLOMBIA,78
2025,12,COMOROS,6
2025,12,COSTA RICA,10
2025,12,COTE D'LVOIRE,2
2025,12,CROATIA,385
2025,12,CUBA,6
2025,12,CYPRUS,135
2025,12,CZECHIA,2715
2025,12,DEMOCRATIC REPUBLIC OF THE CONGO,4
2025,12,DENMARK,1948
2025,12,DJIBOUTI,0
2025,12,DOMINICA,17
2025,12,DOMINICAN REPUBLIC,2
2025,12,ECUADOR,24
2025,12,EGYPT,485
2025,12,EL SALVADOR,2
2025,12,EQUATORIAL GUINEA,0
2025,12,ERITREA,5
2025,12,ESTONIA,864
2025,12,ETHIOPIA,26
2025,12,FIJI,33
2025,12,FINLAND,1038
2025,12,FRANCE,7270
2025,12,GABON,0
2025,12,GAMBIA,0
2025,12,GEORGIA,101
2025,12,GERMANY,16707
2025,12,GHANA,10
2025,12,GREECE,857
2025,12,GRENADA,1
2025,12,GUATEMALA,8
2025,12,GUINEA,1
2025,12,GUINEA-BISSAU,0
2025,12,GUYANA,0
2025,12,HAITI,1
2025,12,HONDURAS,5
2025,12,HUNGARY,953
2025,12,ICELAND,58
2025,12,INDIA,56715
2025,12,INDONESIA,457
2025,12,IRAN,643
2025,12,IRAQ,109
2025,12,IRELAND,1269
2025,12,ISRAEL,3515
2025,12,ITALY,6482
2025,12,JAMAICA,9
2025,12,JAPAN,4397
2025,12,JORDAN,369
2025,12,KAZAKHSTAN,771
2025,12,KENYA,149
2025,12,KIRIBATI,0
2025,12,KOSOVO,2
2025,12,KUWAIT,160
2025,12,KYRGYZSTAN,100
2025,12,LAOS,9
2025,12,LATVIA,569
2025,12,LEBANON,452
2025,12,LESOTHO,0
2025,12,LIBERIA,1
2025,12,LIBYA,1
2025,12,LIECHTENSTEIN,22
2025,12,LITHUANIA,661
2025,12,LUXEMBOURG,102
2025,12,MADAGASCAR,11
2025,12,MALAWI,3
2025,12,MALAYSIA,2248
2025,12,MALDIVES,3887
2025,12,MALI,0
2025,12,MALTA,173
2025,12,MARSHALL ISLANDS,0
2025,12,MAURITANIA,0
2025,12,MAURITIUS,143
2025,12,MEXICO,152
2025,12,MOLDOVA,99
2025,12,MONACO,3
2025,12,MONGOLIA,36
2025,12,MONTENEGRO,60
2025,12,MOROCCO,117
2025,12,MOZAMBIQUE,7
2025,12,MYANMAR,153
2025,12,NAMIBIA,5
2025,12,NAURU,0
2025,12,NEPAL,534
2025,12,NETHERLANDS,4575
2025,12,NEW ZEALAND,1850
2025,12,NICARAGUA,4
2025,12,NIGER,0
2025,12,NIGERIA,5
2025,12,NORTH KOREA,0
2025,12,NORTH MACEDONIA,20
2025,12,NORWAY,1748
2025,12,OMAN,152
2025,12,PAKISTAN,1595
2025,12,PALAU,0
2025,12,PALESTINIAN TERRITORIES,66
2025,12,PANAMA,2
2025,12,PAPUA NEW GUINEA,7
2025,12,PARAGUAY,1
2025,12,PERU,32
2025,12,PHILIPPINES,512
2025,12,POLAND,6870
2025,12,PORTUGAL,704
2025,12,QATAR,68
2025,12,REPUBLIC OF THE CONGO,4
2025,12,ROMANIA,1367
2025,12,RUSSIA,27987
2025,12,RWANDA,4
2025,12,SAINT BARTHELEMY,0
2025,12,SAINT KITTS AND NEVIS,20
2025,12,SAINT LUCIA,2
2025,12,SAINT VINCENT AND THE GRENADI,0
2025,12,SAMOA,1
2025,12,SAN MARINO,9
2025,12,SAO TOME AND PRINCIPE,0
2025,12,SAUDI ARABIA,335
2025,12,SENEGAL,1
2025,12,SERBIA,263
2025,12,SEYCHELLES,578
2025,12,SIERRA LEONE,1
2025,12,SINGAPORE,1981
2025,12,SLOVAKIA,976
2025,12,SLOVENIA,464
2025,12,SOLOMON ISLANDS,1
2025,12,SOMALIA,13
2025,12,SOUTH AFRICA,1210
2025,12,SOUTH KOREA,1344
2025,12,SOUTH SUDAN,1
2025,12,SPAIN,3244
2025,12,SUDAN,140
2025,12,SURINAME,2
2025,12,SWAZILAND,8
2025,12,SWEDEN,4193
2025,12,SWITZERLAND,3481
2025,12,SYRIAN ARAB,5
2025,12,TAJIKISTAN,38
2025,12,TANZANIA,29
2025,12,THAILAND,783
2025,12,TIMOR-LESTE,5
2025,12,TOGO,0
2025,12,TONGA,0
2025,12,TRINIDAD AND TOBAGO,12
2025,12,TUNISIA,105
2025,12,TURKEY,678
2025,12,TURKMENISTAN,9
2025,12,TUVALU,1
2025,12,UGANDA,20
2025,12,UKRAINE,1243
2025,12,UNITED ARAB EMIRATES,399
2025,12,UNITED KINGDOM,20535
2025,12,UNITED STATES,8524
2025,12,URUGUAY,10
2025,12,UZBEKISTAN,188
2025,12,VANUATU,11
2025,12,VATICAN CITY,0
2025,12,VENEZUELA,9
2025,12,VIETNAM,267
2025,12,YEMEN,26
2025,12,ZAMBIA,16
2025,12,ZIMBABWE,15
2026,1,AFGHANISTAN,0
2026,1,ALBANIA,28
2026,1,ALGERIA,32
2026,1,ANDORRA,2
2026,1,ANGOLA,2
2026,1,ANTIGUA AND BARBUDA,4
2026,1,ARGENTINA,188
2026,1,ARMENIA,305
2026,1,AUSTRALIA,11172
2026,1,AUSTRIA,2811
2026,1,AZERBAIJAN,148
2026,1,BAHAMAS,6
2026,1,BAHRAIN,122
2026,1,BANGLADESH,4102
2026,1,BARBADOS,5
2026,1,BELARUS,2235
2026,1,BELGIUM,1915
2026,1,BELIZE,1
2026,1,BENIN,1
2026,1,BHUTAN,111
2026,1,BOLIVIA,7
2026,1,BOSNIA AND HERZEGOVINA,96
2026,1,BOTSWANA,8
2026,1,BRAZIL,194
2026,1,BRUNEI,4
2026,1,BULGARIA,705
2026,1,BURKINA FASO,0
2026,1,BURUNDI,1
2026,1,CAMBODIA,171
2026,1,CAMEROON,2
2026,1,CANADA,5048
2026,1,CAPE VERDE,0
2026,1,CENTRAL AFRICAN,0
2026,1,CHAD,2
2026,1,CHILE,82
2026,1,CHINA,14003
2026,1,COLOMBIA,75
2026,1,COMOROS,6
2026,1,COSTA RICA,16
2026,1,COTE D IVOIRE,2
2026,1,CROATIA,337
2026,1,CUBA,5
2026,1,CYPRUS,105
2026,1,CZECHIA,3265
2026,1,DEMOCRATIC REPUBLIC OF THE CONGO,1
2026,1,DENMARK,3372
2026,1,DJIBOUTI,5
2026,1,DOMINICA,9
2026,1,DOMINICAN REPUBLIC,3
2026,1,ECUADOR,14
2026,1,EGYPT,288
2026,1,EL SALVADOR,1
2026,1,EQUATORIAL GUINEA,0
2026,1,ERITREA,9
2026,1,ESTONIA,874
2026,1,ETHIOPIA,17
2026,1,FIJI,39
2026,1,FINLAND,1180
2026,1,FRANCE,13569
2026,1,GABON,0
2026,1,GAMBIA,2
2026,1,GEORGIA,107
2026,1,GERMANY,17776
2026,1,GHANA,4
2026,1,GREECE,631
2026,1,GRENADA,4
2026,1,GUATEMALA,8
2026,1,GUINEA,2
2026,1,GUINEA-BISSAU,0
2026,1,GUYANA,0
2026,1,HAITI,0
2026,1,HONDURAS,2
2026,1,HUNGARY,1353
2026,1,ICELAND,122
2026,1,INDIA,52061
2026,1,INDONESIA,572
2026,1,IRAN,374
2026,1,IRAQ,91
2026,1,IRELAND,1442
2026,1,ISRAEL,3455
2026,1,ITALY,5840
2026,1,JAMAICA,3
2026,1,JAPAN,2896
2026,1,JORDAN,280
2026,1,KAZAKHSTAN,2061
2026,1,KENYA,83
2026,1,KIRIBATI,0
2026,1,KOSOVO,6
2026,1,KUWAIT,319
2026,1,KYRGYZSTAN,206
2026,1,LAOS,37
2026,1,LATVIA,560
2026,1,LEBANON,197
2026,1,LESOTHO,1
2026,1,LIBERIA,0
2026,1,LIBYA,7
2026,1,LIECHTENSTEIN,15
2026,1,LITHUANIA,923
2026,1,LUXEMBOURG,84
2026,1,MADAGASCAR,27
2026,1,MALAWI,2
2026,1,MALAYSIA,1566
2026,1,MALDIVES,4789
2026,1,MALI,0
2026,1,MALTA,129
2026,1,MARSHALL ISLANDS,0
2026,1,MAURITANIA,1
2026,1,MAURITIUS,101
2026,1,MEXICO,111
2026,1,MICRONESIA,0
2026,1,MOLDOVA,153
2026,1,MONACO,2
2026,1,MONGOLIA,39
2026,1,MONTENEGRO,37
2026,1,MOROCCO,92
2026,1,MOZAMBIQUE,2
2026,1,MYANMAR,705
2026,1,NAMIBIA,0
2026,1,NAURU,0
2026,1,NEPAL,979
2026,1,NETHERLANDS,7107
2026,1,NEW ZEALAND,1103
2026,1,NICARAGUA,1
2026,1,NIGER,3
2026,1,NIGERIA,12
2026,1,NORTH MACEDONIA,18
2026,1,NORWAY,1717
2026,1,OMAN,271
2026,1,PAKISTAN,1584
2026,1,PALAU,0
2026,1,PALESTINIAN TERRITORIES,52
2026,1,PANAMA,3
2026,1,PAPUA NEW GUINEA,9
2026,1,PARAGUAY,11
2026,1,PERU,24
2026,1,PHILIPPINES,421
2026,1,POLAND,10334
2026,1,PORTUGAL,741
2026,1,QATAR,61
2026,1,REPUBLIC OF THE CONGO,0
2026,1,ROMANIA,876
2026,1,RUSSIA,27134
2026,1,RWANDA,5
2026,1,SAINT KITTS AND NEVIS,28
2026,1,SAINT LUCIA,2
2026,1,SAINT VINCENT AND THE GRENADINES,0
2026,1,SAMOA,0
2026,1,SAN MARINO,2
2026,1,SAO TOME AND PRINCIPE,0
2026,1,SAUDI ARABIA,536
2026,1,SENEGAL,4
2026,1,SERBIA,409
2026,1,SEYCHELLES,388
2026,1,SIERRA LEONE,1
2026,1,SINGAPORE,1138
2026,1,SLOVAKIA,1138
2026,1,SLOVENIA,413
2026,1,SOLOMON ISLANDS,1
2026,1,SOMALIA,4
2026,1,SOUTH AFRICA,378
2026,1,SOUTH KOREA,1898
2026,1,SOUTH SUDAN,0
2026,1,SPAIN,3008
2026,1,SUDAN,96
2026,1,SURINAME,0
2026,1,SWAZILAND,0
2026,1,SWEDEN,2605
2026,1,SWITZERLAND,4146
2026,1,SYRIAN ARAB,1
2026,1,TAJIKISTAN,24
2026,1,TANZANIA,13
2026,1,THAILAND,802
2026,1,TIMOR-LESTE,0
2026,1,TOGO,3
2026,1,TONGA,1
2026,1,TRINIDAD AND TOBAGO,24
2026,1,TUNISIA,47
2026,1,TURKEY,1420
2026,1,TURKMENISTAN,11
2026,1,UGANDA,19
2026,1,UKRAINE,2078
2026,1,UNITED ARAB EMIRATES,242
2026,1,UNITED KINGDOM,29540
2026,1,UNITED STATES,7373
2026,1,URUGUAY,8
2026,1,UZBEKISTAN,601
2026,1,VANUATU,13
2026,1,VENEZUELA,19
2026,1,VIETNAM,354
2026,1,YEMEN,45
2026,1,ZAMBIA,6
2026,1,ZIMBABWE,37
2026,2,AFGHANISTAN,4
2026,2,ALBANIA,24
2026,2,ALGERIA,17
2026,2,ANDORRA,1
2026,2,ANGOLA,0
2026,2,ANTIGUA AND BARBUDA,9
2026,2,ARGENTINA,129
2026,2,ARMENIA,271
2026,2,AUSTRALIA,10000
2026,2,AUSTRIA,3074
2026,2,AZERBAIJAN,162
2026,2,BAHAMAS,12
2026,2,BAHRAIN,36
2026,2,BANGLADESH,2572
2026,2,BARBADOS,2
2026,2,BELARUS,1994
2026,2,BELGIUM,2235
2026,2,BELIZE,0
2026,2,BENIN,0
2026,2,BHUTAN,65
2026,2,BOLIVIA,6
2026,2,BOSNIA AND HERZEGOVINA,41
2026,2,BOTSWANA,1
2026,2,BRAZIL,238
2026,2,BRUNEI,3
2026,2,BULGARIA,712
2026,2,BURKINA FASO,0
2026,2,BURUNDI,1
2026,2,CAMBODIA,143
2026,2,CAMEROON,2
2026,2,CANADA,4994
2026,2,CAPE VERDE,0
2026,2,CENTRAL AFRICAN,0
2026,2,CHAD,0
2026,2,CHILE,100
2026,2,CHINA,20180
2026,2,COLOMBIA,85
2026,2,COMOROS,1
2026,2,COSTA RICA,7
2026,2,COTE D IVOIRE,0
2026,2,CROATIA,300
2026,2,CUBA,2
2026,2,CYPRUS,80
2026,2,CZECHIA,3999
2026,2,DEMOCRATIC REPUBLIC OF THE CONGO,4
2026,2,DENMARK,3127
2026,2,DJIBOUTI,1
2026,2,DOMINICA,9
2026,2,DOMINICAN REPUBLIC,4
2026,2,ECUADOR,15
2026,2,EGYPT,201
2026,2,EL SALVADOR,5
2026,2,EQUATORIAL GUINEA,0
2026,2,ERITREA,0
2026,2,ESTONIA,875
2026,2,ETHIOPIA,16
2026,2,FIJI,17
2026,2,FINLAND,917
2026,2,FRANCE,17174
2026,2,GABON,1
2026,2,GAMBIA,3
2026,2,GEORGIA,156
2026,2,GERMANY,22566
2026,2,GHANA,2
2026,2,GREECE,800
2026,2,GRENADA,2
2026,2,GUATEMALA,29
2026,2,GUINEA,1
2026,2,GUINEA-BISSAU,0
2026,2,GUYANA,3
2026,2,HAITI,0
2026,2,HONDURAS,5
2026,2,HUNGARY,1191
2026,2,ICELAND,63
2026,2,INDIA,47679
2026,2,INDONESIA,695
2026,2,IRAN,260
2026,2,IRAQ,103
2026,2,IRELAND,1591
2026,2,ISRAEL,3173
2026,2,ITALY,5252
2026,2,JAMAICA,8
2026,2,JAPAN,4239
2026,2,JORDAN,113
2026,2,KAZAKHSTAN,1369
2026,2,KENYA,95
2026,2,KIRIBATI,0
2026,2,KOSOVO,15
2026,2,KUWAIT,69
2026,2,KYRGYZSTAN,100
2026,2,LAOS,42
2026,2,LATVIA,556
2026,2,LEBANON,201
2026,2,LESOTHO,2
2026,2,LIBERIA,0
2026,2,LIBYA,5
2026,2,LIECHTENSTEIN,6
2026,2,LITHUANIA,1063
2026,2,LUXEMBOURG,105
2026,2,MADAGASCAR,31
2026,2,MALAWI,5
2026,2,MALAYSIA,2322
2026,2,MALDIVES,1913
2026,2,MALI,2
2026,2,MALTA,158
2026,2,MARSHALL ISLANDS,0
2026,2,MAURITANIA,1
2026,2,MAURITIUS,130
2026,2,MEXICO,144
2026,2,MICRONESIA,1
2026,2,MOLDOVA,87
2026,2,MONACO,4
2026,2,MONGOLIA,7
2026,2,MONTENEGRO,9
2026,2,MOROCCO,52
2026,2,MOZAMBIQUE,3
2026,2,MYANMAR,473
2026,2,NAMIBIA,32
2026,2,NAURU,0
2026,2,NEPAL,571
2026,2,NETHERLANDS,6146
2026,2,NEW ZEALAND,975
2026,2,NICARAGUA,2
2026,2,NIGER,0
2026,2,NIGERIA,18
2026,2,NORTH MACEDONIA,25
2026,2,NORWAY,1708
2026,2,OMAN,69
2026,2,PAKISTAN,2032
2026,2,PALAU,0
2026,2,PALESTINIAN TERRITORIES,32
2026,2,PANAMA,2
2026,2,PAPUA NEW GUINEA,10
2026,2,PARAGUAY,16
2026,2,PERU,23
2026,2,PHILIPPINES,511
2026,2,POLAND,10467
2026,2,PORTUGAL,952
2026,2,QATAR,29
2026,2,REPUBLIC OF THE CONGO,2
2026,2,ROMANIA,1066
2026,2,RUSSIA,23099
2026,2,RWANDA,0
2026,2,SAINT KITTS AND NEVIS,12
2026,2,SAINT LUCIA,2
2026,2,SAINT VINCENT AND THE GRENADINES,2
2026,2,SAMOA,0
2026,2,SAN MARINO,8
2026,2,SAO TOME AND PRINCIPE,1
2026,2,SAUDI ARABIA,185
2026,2,SENEGAL,8
2026,2,SERBIA,370
2026,2,SEYCHELLES,273
2026,2,SIERRA LEONE,1
2026,2,SINGAPORE,1370
2026,2,SLOVAKIA,1452
2026,2,SLOVENIA,700
2026,2,SOLOMON ISLANDS,0
2026,2,SOMALIA,3
2026,2,SOUTH AFRICA,556
2026,2,SOUTH KOREA,1180
2026,2,SOUTH SUDAN,0
2026,2,SPAIN,3174
2026,2,SUDAN,49
2026,2,SURINAME,2
2026,2,SWAZILAND,2
2026,2,SWEDEN,2455
2026,2,SWITZERLAND,4168
2026,2,SYRIAN ARAB,2
2026,2,TAJIKISTAN,41
2026,2,TANZANIA,30
2026,2,THAILAND,1149
2026,2,TIMOR-LESTE,0
2026,2,TOGO,0
2026,2,TONGA,0
2026,2,TRINIDAD AND TOBAGO,11
2026,2,TUNISIA,40
2026,2,TURKEY,740
2026,2,TURKMENISTAN,17
2026,2,UGANDA,19
2026,2,UKRAINE,1635
2026,2,UNITED ARAB EMIRATES,126
2026,2,UNITED KINGDOM,30788
2026,2,UNITED STATES,8228
2026,2,URUGUAY,15
2026,2,UZBEKISTAN,212
2026,2,VANUATU,16
2026,2,VENEZUELA,13
2026,2,VIETNAM,1627
2026,2,YEMEN,15
2026,2,ZAMBIA,15
2026,2,ZIMBABWE,57
2026,3,AFGHANISTAN,1
2026,3,ALBANIA,6
2026,3,ALGERIA,13
2026,3,ANDORRA,1
2026,3,ANGOLA,1
2026,3,ANTIGUA AND BARBUDA,2
2026,3,ARGENTINA,95
2026,3,ARMENIA,36
2026,3,AUSTRALIA,11197
2026,3,AUSTRIA,904
2026,3,AZERBAIJAN,78
2026,3,BAHAMAS,1
2026,3,BAHRAIN,10
2026,3,BANGLADESH,4405
2026,3,BARBADOS,1
2026,3,BELARUS,1203
2026,3,BELGIUM,860
2026,3,BELIZE,0
2026,3,BENIN,0
2026,3,BHUTAN,48
2026,3,BOLIVIA,0
2026,3,BOSNIA AND HERZEGOVINA,13
2026,3,BOTSWANA,1
2026,3,BRAZIL,168
2026,3,BRUNEI,14
2026,3,BULGARIA,410
2026,3,BURKINA FASO,0
2026,3,BURUNDI,0
2026,3,CAMBODIA,167
2026,3,CAMEROON,1
2026,3,CANADA,3475
2026,3,CAPE VERDE,0
2026,3,CENTRAL AFRICAN,0
2026,3,CHAD,0
2026,3,CHILE,54
2026,3,CHINA,14064
2026,3,COLOMBIA,59
2026,3,COMOROS,1
2026,3,COSTA RICA,7
2026,3,COTE D IVOIRE,1
2026,3,CROATIA,84
2026,3,CUBA,5
2026,3,CYPRUS,34
2026,3,CZECHIA,748
2026,3,DEMOCRATIC REPUBLIC OF THE CONGO,2
2026,3,DENMARK,1428
2026,3,DJIBOUTI,0
2026,3,DOMINICA,9
2026,3,DOMINICAN REPUBLIC,1
2026,3,ECUADOR,22
2026,3,EGYPT,114
2026,3,EL SALVADOR,2
2026,3,EQUATORIAL GUINEA,0
2026,3,ERITREA,3
2026,3,ESTONIA,306
2026,3,ETHIOPIA,14
2026,3,FIJI,30
2026,3,FINLAND,319
2026,3,FRANCE,8359
2026,3,GABON,0
2026,3,GAMBIA,1
2026,3,GEORGIA,20
2026,3,GERMANY,13429
2026,3,GHANA,4
2026,3,GREECE,135
2026,3,GRENADA,1
2026,3,GUATEMALA,6
2026,3,GUINEA,2
2026,3,GUINEA-BISSAU,0
2026,3,GUYANA,9
2026,3,HAITI,1
2026,3,HONDURAS,1
2026,3,HUNGARY,315
2026,3,ICELAND,39
2026,3,INDIA,47533
2026,3,INDONESIA,719
2026,3,IRAN,102
2026,3,IRAQ,8
2026,3,IRELAND,914
2026,3,ISRAEL,870
2026,3,ITALY,1704
2026,3,JAMAICA,2
2026,3,JAPAN,4440
2026,3,JORDAN,75
2026,3,KAZAKHSTAN,149
2026,3,KENYA,32
2026,3,KIRIBATI,0
2026,3,KOSOVO,0
2026,3,KUWAIT,17
2026,3,KYRGYZSTAN,18
2026,3,LAOS,38
2026,3,LATVIA,310
2026,3,LEBANON,161
2026,3,LESOTHO,0
2026,3,LIBERIA,0
2026,3,LIBYA,0
2026,3,LIECHTENSTEIN,6
2026,3,LITHUANIA,371
2026,3,LUXEMBOURG,123
2026,3,MADAGASCAR,14
2026,3,MALAWI,5
2026,3,MALAYSIA,2502
2026,3,MALDIVES,1618
2026,3,MALI,0
2026,3,MALTA,95
2026,3,MARSHALL ISLANDS,0
2026,3,MAURITANIA,0
2026,3,MAURITIUS,97
2026,3,MEXICO,114
2026,3,MICRONESIA,0
2026,3,MOLDOVA,18
2026,3,MONACO,4
2026,3,MONGOLIA,15
2026,3,MONTENEGRO,1
2026,3,MOROCCO,52
2026,3,MOZAMBIQUE,2
2026,3,MYANMAR,347
2026,3,NAMIBIA,0
2026,3,NAURU,0
2026,3,NEPAL,371
2026,3,NETHERLANDS,2427
2026,3,NEW ZEALAND,1242
2026,3,NICARAGUA,0
2026,3,NIGER,0
2026,3,NIGERIA,3
2026,3,NORTH MACEDONIA,16
2026,3,NORWAY,746
2026,3,OMAN,76
2026,3,PAKISTAN,1158
2026,3,PALAU,0
2026,3,PALESTINIAN TERRITORIES,14
2026,3,PANAMA,0
2026,3,PAPUA NEW GUINEA,9
2026,3,PARAGUAY,1
2026,3,PERU,15
2026,3,PHILIPPINES,672
2026,3,POLAND,1139
2026,3,PORTUGAL,395
2026,3,QATAR,7
2026,3,REPUBLIC OF THE CONGO,1
2026,3,ROMANIA,270
2026,3,RUSSIA,15685
2026,3,RWANDA,3
2026,3,SAINT KITTS AND NEVIS,17
2026,3,SAINT LUCIA,6
2026,3,SAINT VINCENT AND THE GRENADINES,0
2026,3,SAMOA,0
2026,3,SAN MARINO,0
2026,3,SAO TOME AND PRINCIPE,0
2026,3,SAUDI ARABIA,109
2026,3,SENEGAL,4
2026,3,SERBIA,61
2026,3,SEYCHELLES,191
2026,3,SIERRA LEONE,2
2026,3,SINGAPORE,1399
2026,3,SLOVAKIA,323
2026,3,SLOVENIA,116
2026,3,SOLOMON ISLANDS,0
2026,3,SOMALIA,3
2026,3,SOUTH AFRICA,341
2026,3,SOUTH KOREA,1047
2026,3,SOUTH SUDAN,0
2026,3,SPAIN,1429
2026,3,SUDAN,30
2026,3,SURINAME,2
2026,3,SWAZILAND,0
2026,3,SWEDEN,896
2026,3,SWITZERLAND,2186
2026,3,SYRIAN ARAB,2
2026,3,TAJIKISTAN,24
2026,3,TANZANIA,12
2026,3,THAILAND,679
2026,3,TIMOR-LESTE,2
2026,3,TOGO,2
2026,3,TONGA,0
2026,3,TRINIDAD AND TOBAGO,10
2026,3,TUNISIA,37
2026,3,TURKEY,581
2026,3,TURKMENISTAN,12
2026,3,UGANDA,8
2026,3,UKRAINE,383
2026,3,UNITED ARAB EMIRATES,62
2026,3,UNITED KINGDOM,18092
2026,3,UNITED STATES,5362
2026,3,URUGUAY,8
2026,3,UZBEKISTAN,50
2026,3,VANUATU,22
2026,3,VENEZUELA,9
2026,3,VIETNAM,970
2026,3,YEMEN,10
2026,3,ZAMBIA,3
2026,3,ZIMBABWE,11
2026,4,AFGHANISTAN,8
2026,4,ALBANIA,11
2026,4,ALGERIA,35
2026,4,ANDORRA,0
2026,4,ANGOLA,0
2026,4,ANTIGUA AND BARBUDA,2
2026,4,ARGENTINA,75
2026,4,ARMENIA,41
2026,4,AUSTRALIA,9943
2026,4,AUSTRIA,494
2026,4,AZERBAIJAN,33
2026,4,BAHAMAS,2
2026,4,BAHRAIN,9
2026,4,BANGLADESH,3797
2026,4,BARBADOS,3
2026,4,BELARUS,357
2026,4,BELGIUM,1194
2026,4,BELIZE,1
2026,4,BENIN,0
2026,4,BHUTAN,43
2026,4,BOLIVIA,4
2026,4,BOSNIA AND HERZEGOVINA,3
2026,4,BOTSWANA,1
2026,4,BRAZIL,115
2026,4,BRUNEI,7
2026,4,BULGARIA,149
2026,4,BURKINA FASO,1
2026,4,BURUNDI,0
2026,4,CAMBODIA,220
2026,4,CAMEROON,1
2026,4,CANADA,2724
2026,4,CAPE VERDE,0
2026,4,CENTRAL AFRICAN,0
2026,4,CHAD,0
2026,4,CHILE,35
2026,4,CHINA,10544
2026,4,COLOMBIA,73
2026,4,COMOROS,5
2026,4,COSTA RICA,8
2026,4,COTE D IVOIRE,0
2026,4,CROATIA,50
2026,4,CUBA,6
2026,4,CYPRUS,34
2026,4,CZECHIA,543
2026,4,DEMOCRATIC REPUBLIC OF THE CONGO,3
2026,4,DENMARK,807
2026,4,DJIBOUTI,0
2026,4,DOMINICA,7
2026,4,DOMINICAN REPUBLIC,4
2026,4,ECUADOR,12
2026,4,EGYPT,126
2026,4,EL SALVADOR,0
2026,4,EQUATORIAL GUINEA,1
2026,4,ERITREA,2
2026,4,ESTONIA,118
2026,4,ETHIOPIA,16
2026,4,FIJI,20
2026,4,FINLAND,131
2026,4,FRANCE,5844
2026,4,GABON,1
2026,4,GAMBIA,3
2026,4,GEORGIA,14
2026,4,GERMANY,5518
2026,4,GHANA,3
2026,4,GREECE,166
2026,4,GRENADA,3
2026,4,GUATEMALA,4
2026,4,GUINEA,5
2026,4,GUINEA-BISSAU,0
2026,4,GUYANA,0
2026,4,HAITI,2
2026,4,HONDURAS,2
2026,4,HUNGARY,234
2026,4,ICELAND,18
2026,4,INDIA,42645
2026,4,INDONESIA,484
2026,4,IRAN,286
2026,4,IRAQ,30
2026,4,IRELAND,516
2026,4,ISRAEL,749
2026,4,ITALY,1280
2026,4,JAMAICA,6
2026,4,JAPAN,2784
2026,4,JORDAN,55
2026,4,KAZAKHSTAN,73
2026,4,KENYA,59
2026,4,KIRIBATI,0
2026,4,KOSOVO,4
2026,4,KUWAIT,14
2026,4,KYRGYZSTAN,18
2026,4,LAOS,48
2026,4,LATVIA,58
2026,4,LEBANON,109
2026,4,LESOTHO,0
2026,4,LIBERIA,0
2026,4,LIBYA,1
2026,4,LIECHTENSTEIN,1
2026,4,LITHUANIA,147
2026,4,LUXEMBOURG,36
2026,4,MADAGASCAR,20
2026,4,MALAWI,10
2026,4,MALAYSIA,1550
2026,4,MALDIVES,2455
2026,4,MALI,2
2026,4,MALTA,26
2026,4,MARSHALL ISLANDS,0
2026,4,MAURITANIA,1
2026,4,MAURITIUS,73
2026,4,MEXICO,116
2026,4,MICRONESIA,0
2026,4,MOLDOVA,4
2026,4,MONACO,3
2026,4,MONGOLIA,19
2026,4,MONTENEGRO,6
2026,4,MOROCCO,71
2026,4,MOZAMBIQUE,3
2026,4,MYANMAR,266
2026,4,NAMIBIA,2
2026,4,NAURU,0
2026,4,NEPAL,357
2026,4,NETHERLANDS,2760
2026,4,NEW ZEALAND,1278
2026,4,NICARAGUA,1
2026,4,NIGER,0
2026,4,NIGERIA,7
2026,4,NORTH MACEDONIA,7
2026,4,NORWAY,349
2026,4,OMAN,67
2026,4,PAKISTAN,1240
2026,4,PALAU,0
2026,4,PALESTINIAN TERRITORIES,28
2026,4,PANAMA,1
2026,4,PAPUA NEW GUINEA,2
2026,4,PARAGUAY,2
2026,4,PERU,14
2026,4,PHILIPPINES,593
2026,4,POLAND,549
2026,4,PORTUGAL,341
2026,4,QATAR,13
2026,4,REPUBLIC OF THE CONGO,0
2026,4,ROMANIA,357
2026,4,RUSSIA,6898
2026,4,RWANDA,0
2026,4,SAINT KITTS AND NEVIS,10
2026,4,SAINT LUCIA,6
2026,4,SAINT VINCENT AND THE GRENADINES,0
2026,4,SAMOA,0
2026,4,SAN MARINO,1
2026,4,SAO TOME AND PRINCIPE,0
2026,4,SAUDI ARABIA,97
2026,4,SENEGAL,7
2026,4,SERBIA,39
2026,4,SEYCHELLES,401
2026,4,SIERRA LEONE,2
2026,4,SINGAPORE,876
2026,4,SLOVAKIA,254
2026,4,SLOVENIA,166
2026,4,SOLOMON ISLANDS,1
2026,4,SOMALIA,4
2026,4,SOUTH AFRICA,338
2026,4,SOUTH KOREA,471
2026,4,SOUTH SUDAN,0
2026,4,SPAIN,977
2026,4,SUDAN,66
2026,4,SURINAME,2
2026,4,SWAZILAND,0
2026,4,SWEDEN,465
2026,4,SWITZERLAND,2353
2026,4,SYRIAN ARAB,0
2026,4,TAJIKISTAN,17
2026,4,TANZANIA,4
2026,4,THAILAND,597
2026,4,TIMOR-LESTE,0
2026,4,TOGO,0
2026,4,TONGA,0
2026,4,TRINIDAD AND TOBAGO,5
2026,4,TUNISIA,65
2026,4,TURKEY,433
2026,4,TURKMENISTAN,17
2026,4,UGANDA,14
2026,4,UKRAINE,212
2026,4,UNITED ARAB EMIRATES,170
2026,4,UNITED KINGDOM,10425
2026,4,UNITED STATES,3873
2026,4,URUGUAY,20
2026,4,UZBEKISTAN,25
2026,4,VANUATU,5
2026,4,VENEZUELA,14
2026,4,VIETNAM,661
2026,4,YEMEN,10
2026,4,ZAMBIA,4
2026,4,ZIMBABWE,7
2026,5,AFGHANISTAN,5
2026,5,ALBANIA,12
2026,5,ALGERIA,63
2026,5,ANDORRA,10
2026,5,ANGOLA,2
2026,5,ANTIGUA AND BARBUDA,5
2026,5,ARGENTINA,128
2026,5,ARMENIA,57
2026,5,AUSTRALIA,6414
2026,5,AUSTRIA,416
2026,5,AZERBAIJAN,35
2026,5,BAHAMAS,2
2026,5,BAHRAIN,93
2026,5,BANGLADESH,3994
2026,5,BARBADOS,1
2026,5,BELARUS,77
2026,5,BELGIUM,599
2026,5,BELIZE,1
2026,5,BENIN,2
2026,5,BHUTAN,17
2026,5,BOLIVIA,3
2026,5,BOSNIA AND HERZEGOVINA,18
2026,5,BOTSWANA,0
2026,5,BRAZIL,163
2026,5,BRUNEI,6
2026,5,BULGARIA,94
2026,5,BURKINA FASO,0
2026,5,BURUNDI,0
2026,5,CAMBODIA,102
2026,5,CAMEROON,1
2026,5,CANADA,2679
2026,5,CAPE VERDE,1
2026,5,CENTRAL AFRICAN,0
2026,5,CHAD,3
2026,5,CHILE,44
2026,5,CHINA,9156
2026,5,COLOMBIA,71
2026,5,COMOROS,4
2026,5,COSTA RICA,15
2026,5,COTE D IVOIRE,0
2026,5,CROATIA,32
2026,5,CUBA,6
2026,5,CYPRUS,48
2026,5,CZECHIA,260
2026,5,DEMOCRATIC REPUBLIC OF THE CONGO,9
2026,5,DENMARK,450
2026,5,DJIBOUTI,0
2026,5,DOMINICA,17
2026,5,DOMINICAN REPUBLIC,3
2026,5,ECUADOR,11
2026,5,EGYPT,612
2026,5,EL SALVADOR,4
2026,5,EQUATORIAL GUINEA,0
2026,5,ERITREA,2
2026,5,ESTONIA,13
2026,5,ETHIOPIA,29
2026,5,FIJI,12
2026,5,FINLAND,157
2026,5,FRANCE,4289
2026,5,GABON,3
2026,5,GAMBIA,1
2026,5,GEORGIA,22
2026,5,GERMANY,6734
2026,5,GHANA,5
2026,5,GREECE,143
2026,5,GRENADA,10
2026,5,GUATEMALA,6
2026,5,GUINEA,0
2026,5,GUINEA-BISSAU,2
2026,5,GUYANA,1
2026,5,HAITI,0
2026,5,HONDURAS,3
2026,5,HUNGARY,128
2026,5,ICELAND,12
2026,5,INDIA,60342
2026,5,INDONESIA,488
2026,5,IRAN,84
2026,5,IRAQ,205
2026,5,IRELAND,658
2026,5,ISRAEL,1041
2026,5,ITALY,1169
2026,5,JAMAICA,4
2026,5,JAPAN,2579
2026,5,JORDAN,398
2026,5,KAZAKHSTAN,84
2026,5,KENYA,94
2026,5,KIRIBATI,1
2026,5,KOSOVO,1
2026,5,KUWAIT,69
2026,5,KYRGYZSTAN,20
2026,5,LAOS,43
2026,5,LATVIA,52
2026,5,LEBANON,444
2026,5,LESOTHO,1
2026,5,LIBERIA,1
2026,5,LIBYA,4
2026,5,LIECHTENSTEIN,5
2026,5,LITHUANIA,56
2026,5,LUXEMBOURG,28
2026,5,MADAGASCAR,23
2026,5,MALAWI,1
2026,5,MALAYSIA,2369
2026,5,MALDIVES,4330
2026,5,MALI,1
2026,5,MALTA,20
2026,5,MARSHALL ISLANDS,0
2026,5,MAURITANIA,1
2026,5,MAURITIUS,58
2026,5,MEXICO,144
2026,5,MICRONESIA,0
2026,5,MOLDOVA,10
2026,5,MONACO,0
2026,5,MONGOLIA,19
2026,5,MONTENEGRO,9
2026,5,MOROCCO,129
2026,5,MOZAMBIQUE,6
2026,5,MYANMAR,185
2026,5,NAMIBIA,2
2026,5,NAURU,1
2026,5,NEPAL,344
2026,5,NETHERLANDS,1408
2026,5,NEW ZEALAND,926
2026,5,NICARAGUA,2
2026,5,NIGER,0
2026,5,NIGERIA,7
2026,5,NORTH MACEDONIA,4
2026,5,NORWAY,301
2026,5,OMAN,168
2026,5,PAKISTAN,1787
2026,5,PALAU,2
2026,5,PALESTINIAN TERRITORIES,69
2026,5,PANAMA,2
2026,5,PAPUA NEW GUINEA,2
2026,5,PARAGUAY,2
2026,5,PERU,22
2026,5,PHILIPPINES,846
2026,5,POLAND,412
2026,5,PORTUGAL,285
2026,5,QATAR,93
2026,5,REPUBLIC OF THE CONGO,0
2026,5,ROMANIA,156
2026,5,RUSSIA,3257
2026,5,RWANDA,2
2026,5,SAINT KITTS AND NEVIS,25
2026,5,SAINT LUCIA,8
2026,5,SAINT VINCENT AND THE GRENADINES,0
2026,5,SAMOA,2
2026,5,SAN MARINO,0
2026,5,SAO TOME AND PRINCIPE,0
2026,5,SAUDI ARABIA,389
2026,5,SENEGAL,2
2026,5,SERBIA,45
2026,5,SEYCHELLES,360
2026,5,SIERRA LEONE,1
2026,5,SINGAPORE,1175
2026,5,SLOVAKIA,128
2026,5,SLOVENIA,46
2026,5,SOLOMON ISLANDS,3
2026,5,SOMALIA,12
2026,5,SOUTH AFRICA,452
2026,5,SOUTH KOREA,358
2026,5,SOUTH SUDAN,0
2026,5,SPAIN,1205
2026,5,SUDAN,172
2026,5,SURINAME,0
2026,5,SWAZILAND,1
2026,5,SWEDEN,255
2026,5,SWITZERLAND,1264
2026,5,SYRIAN ARAB,5
2026,5,TAJIKISTAN,12
2026,5,TANZANIA,9
2026,5,THAILAND,754
2026,5,TIMOR-LESTE,3
2026,5,TOGO,0
2026,5,TONGA,1
2026,5,TRINIDAD AND TOBAGO,4
2026,5,TUNISIA,76
2026,5,TURKEY,1178
2026,5,TURKMENISTAN,13
2026,5,UGANDA,17
2026,5,UKRAINE,220
2026,5,UNITED ARAB EMIRATES,764
2026,5,UNITED KINGDOM,9248
2026,5,UNITED STATES,4325
2026,5,URUGUAY,17
2026,5,UZBEKISTAN,53
2026,5,VANUATU,12
2026,5,VENEZUELA,19
2026,5,VIETNAM,444
2026,5,YEMEN,57
2026,5,ZAMBIA,5
2026,5,ZIMBABWE,13
2026,6,AFGHANISTAN,24
2026,6,ALBANIA,4
2026,6,ALGERIA,30
2026,6,ANDORRA,2
2026,6,ANGOLA,2
2026,6,ANTIGUA AND BARBUDA,6
2026,6,ARGENTINA,38
2026,6,ARMENIA,65
2026,6,AUSTRALIA,8710
2026,6,AUSTRIA,306
2026,6,AZERBAIJAN,20
2026,6,BAHAMAS,0
2026,6,BAHRAIN,157
2026,6,BANGLADESH,3438
2026,6,BARBADOS,12
2026,6,BELARUS,79
2026,6,BELGIUM,930
2026,6,BELIZE,0
2026,6,BENIN,3
2026,6,BHUTAN,61
2026,6,BOLIVIA,1
2026,6,BOSNIA AND HERZEGOVINA,9
2026,6,BOTSWANA,2
2026,6,BRAZIL,59
2026,6,BRUNEI,3
2026,6,BULGARIA,55
2026,6,BURKINA FASO,1
2026,6,BURUNDI,0
2026,6,CAMBODIA,79
2026,6,CAMEROON,2
2026,6,CANADA,3393
2026,6,CAPE VERDE,0
2026,6,CENTRAL AFRICAN,0
2026,6,CHAD,1
2026,6,CHILE,26
2026,6,CHINA,8224
2026,6,COLOMBIA,24
2026,6,COMOROS,11
2026,6,COSTA RICA,7
2026,6,COTE D IVOIRE,1
2026,6,CROATIA,14
2026,6,CUBA,3
2026,6,CYPRUS,29
2026,6,CZECHIA,319
2026,6,DEMOCRATIC REPUBLIC OF THE CONGO,3
2026,6,DENMARK,668
2026,6,DJIBOUTI,0
2026,6,DOMINICA,14
2026,6,DOMINICAN REPUBLIC,3
2026,6,ECUADOR,6
2026,6,EGYPT,285
2026,6,EL SALVADOR,2
2026,6,EQUATORIAL GUINEA,1
2026,6,ERITREA,0
2026,6,ESTONIA,62
2026,6,ETHIOPIA,16
2026,6,FIJI,15
2026,6,FINLAND,158
2026,6,FRANCE,3762
2026,6,GABON,0
2026,6,GAMBIA,0
2026,6,GEORGIA,10
2026,6,GERMANY,3735
2026,6,GHANA,1
2026,6,GREECE,94
2026,6,GRENADA,1
2026,6,GUATEMALA,1
2026,6,GUINEA,2
2026,6,GUINEA-BISSAU,0
2026,6,GUYANA,3
2026,6,HAITI,2
2026,6,HONDURAS,1
2026,6,HUNGARY,97
2026,6,ICELAND,23
2026,6,INDIA,43423
2026,6,INDONESIA,467
2026,6,IRAN,72
2026,6,IRAQ,180
2026,6,IRELAND,564
2026,6,ISRAEL,1836
2026,6,ITALY,1669
2026,6,JAMAICA,10
2026,6,JAPAN,2103
2026,6,JORDAN,160
2026,6,KAZAKHSTAN,53
2026,6,KENYA,81
2026,6,KIRIBATI,0
2026,6,KOSOVO,0
2026,6,KUWAIT,81
2026,6,KYRGYZSTAN,21
2026,6,LAOS,55
2026,6,LATVIA,21
2026,6,LEBANON,136
2026,6,LESOTHO,0
2026,6,LIBERIA,0
2026,6,LIBYA,5
2026,6,LIECHTENSTEIN,1
2026,6,LITHUANIA,113
2026,6,LUXEMBOURG,14
2026,6,MADAGASCAR,11
2026,6,MALAWI,4
2026,6,MALAYSIA,1266
2026,6,MALDIVES,2561
2026,6,MALI,2
2026,6,MALTA,40
2026,6,MARSHALL ISLANDS,2
2026,6,MAURITANIA,3
2026,6,MAURITIUS,58
2026,6,MEXICO,47
2026,6,MICRONESIA,0
2026,6,MOLDOVA,7
2026,6,MONACO,1
2026,6,MONGOLIA,15
2026,6,MONTENEGRO,2
2026,6,MOROCCO,80
2026,6,MOZAMBIQUE,2
2026,6,MYANMAR,204
2026,6,NAMIBIA,3
2026,6,NAURU,0
2026,6,NEPAL,525
2026,6,NETHERLANDS,1751
2026,6,NEW ZEALAND,959
2026,6,NICARAGUA,0
2026,6,NIGER,0
2026,6,NIGERIA,16
2026,6,NORTH MACEDONIA,5
2026,6,NORWAY,1012
2026,6,OMAN,659
2026,6,PAKISTAN,2245
2026,6,PALAU,1
2026,6,PALESTINIAN TERRITORIES,51
2026,6,PANAMA,3
2026,6,PAPUA NEW GUINEA,20
2026,6,PARAGUAY,1
2026,6,PERU,16
2026,6,PHILIPPINES,483
2026,6,POLAND,555
2026,6,PORTUGAL,251
2026,6,QATAR,70
2026,6,REPUBLIC OF THE CONGO,0
2026,6,ROMANIA,123
2026,6,RUSSIA,1276
2026,6,RWANDA,2
2026,6,SAINT KITTS AND NEVIS,9
2026,6,SAINT LUCIA,0
2026,6,SAINT VINCENT AND THE GRENADINES,0
2026,6,SAMOA,0
2026,6,SAN MARINO,0
2026,6,SAO TOME AND PRINCIPE,0
2026,6,SAUDI ARABIA,441
2026,6,SENEGAL,2
2026,6,SERBIA,21
2026,6,SEYCHELLES,293
2026,6,SIERRA LEONE,2
2026,6,SINGAPORE,1498
2026,6,SLOVAKIA,127
2026,6,SLOVENIA,96
2026,6,SOLOMON ISLANDS,0
2026,6,SOMALIA,5
2026,6,SOUTH AFRICA,320
2026,6,SOUTH KOREA,492
2026,6,SOUTH SUDAN,0
2026,6,SPAIN,1975
2026,6,SUDAN,121
2026,6,SURINAME,1
2026,6,SWAZILAND,1
2026,6,SWEDEN,508
2026,6,SWITZERLAND,1542
2026,6,SYRIAN ARAB,0
2026,6,TAJIKISTAN,8
2026,6,TANZANIA,18
2026,6,THAILAND,606
2026,6,TIMOR-LESTE,11
2026,6,TOGO,0
2026,6,TONGA,1
2026,6,TRINIDAD AND TOBAGO,4
2026,6,TUNISIA,76
2026,6,TURKEY,417
2026,6,TURKMENISTAN,9
2026,6,UGANDA,12
2026,6,UKRAINE,167
2026,6,UNITED ARAB EMIRATES,590
2026,6,UNITED KINGDOM,10474
2026,6,UNITED STATES,3806
2026,6,URUGUAY,12
2026,6,UZBEKISTAN,21
2026,6,VANUATU,8
2026,6,VENEZUELA,7
2026,6,VIETNAM,300
2026,6,YEMEN,23
2026,6,ZAMBIA,9
2026,6,ZIMBABWE,6
2026,7,AFGHANISTAN,10
2026,7,ALBANIA,10
2026,7,ALGERIA,47
2026,7,ANDORRA,8
2026,7,ANGOLA,4
2026,7,ANTIGUA AND BARBUDA,2
2026,7,ARGENTINA,41
2026,7,ARMENIA,160
2026,7,AUSTRALIA,9702
2026,7,AUSTRIA,1398
2026,7,AZERBAIJAN,105
2026,7,BAHAMAS,3
2026,7,BAHRAIN,363
2026,7,BANGLADESH,3382
2026,7,BARBADOS,2
2026,7,BELARUS,98
2026,7,BELGIUM,4196
2026,7,BELIZE,0
2026,7,BENIN,4
2026,7,BHUTAN,46
2026,7,BOLIVIA,2
2026,7,BOSNIA AND HERZEGOVINA,9
2026,7,BOTSWANA,7
2026,7,BRAZIL,97
2026,7,BRUNEI,7
2026,7,BULGARIA,31
2026,7,BURKINA FASO,0
2026,7,BURUNDI,0
2026,7,CAMBODIA,55
2026,7,CAMEROON,3
2026,7,CANADA,4753
2026,7,CAPE VERDE,1
2026,7,CENTRAL AFRICAN,0
2026,7,CHAD,0
2026,7,CHILE,33
2026,7,CHINA,12336
2026,7,COLOMBIA,52
2026,7,COMOROS,12
2026,7,COSTA RICA,8
2026,7,COTE D IVOIRE,2
2026,7,CROATIA,58
2026,7,CUBA,5
2026,7,CYPRUS,92
2026,7,CZECHIA,1114
2026,7,DEMOCRATIC REPUBLIC OF THE CONGO,12
2026,7,DENMARK,2297
2026,7,DJIBOUTI,0
2026,7,DOMINICA,11
2026,7,DOMINICAN REPUBLIC,2
2026,7,ECUADOR,11
2026,7,EGYPT,324
2026,7,EL SALVADOR,1
2026,7,EQUATORIAL GUINEA,1
2026,7,ERITREA,1
2026,7,ESTONIA,22
2026,7,ETHIOPIA,26
2026,7,FIJI,19
2026,7,FINLAND,122
2026,7,FRANCE,10102
2026,7,GABON,0
2026,7,GAMBIA,1
2026,7,GEORGIA,9
2026,7,GERMANY,8838
2026,7,GHANA,4
2026,7,GREECE,174
2026,7,GRENADA,1
2026,7,GUATEMALA,7
2026,7,GUINEA,6
2026,7,GUINEA-BISSAU,0
2026,7,GUYANA,0
2026,7,HAITI,0
2026,7,HONDURAS,2
2026,7,HUNGARY,200
2026,7,ICELAND,21
2026,7,INDIA,44547
2026,7,INDONESIA,465
2026,7,IRAN,109
2026,7,IRAQ,262
2026,7,IRELAND,905
2026,7,ISRAEL,3356
2026,7,ITALY,3672
2026,7,JAMAICA,14
2026,7,JAPAN,3331
2026,7,JORDAN,258
2026,7,KAZAKHSTAN,97
2026,7,KENYA,97
2026,7,KIRIBATI,0
2026,7,KOSOVO,2
2026,7,KUWAIT,134
2026,7,KYRGYZSTAN,29
2026,7,LAOS,38
2026,7,LATVIA,24
2026,7,LEBANON,298
2026,7,LESOTHO,2
2026,7,LIBERIA,2
2026,7,LIBYA,2
2026,7,LIECHTENSTEIN,8
2026,7,LITHUANIA,161
2026,7,LUXEMBOURG,85
2026,7,MADAGASCAR,19
2026,7,MALAWI,3
2026,7,MALAYSIA,1803
2026,7,MALDIVES,5757
2026,7,MALI,1
2026,7,MALTA,76
2026,7,MARSHALL ISLANDS,0
2026,7,MAURITANIA,1
2026,7,MAURITIUS,99
2026,7,MEXICO,60
2026,7,MICRONESIA,0
2026,7,MOLDOVA,9
2026,7,MONACO,0
2026,7,MONGOLIA,41
2026,7,MONTENEGRO,5
2026,7,MOROCCO,114
2026,7,MOZAMBIQUE,3
2026,7,MYANMAR,179
2026,7,NAMIBIA,2
2026,7,NAURU,0
2026,7,NEPAL,608
2026,7,NETHERLANDS,12493
2026,7,NEW ZEALAND,1393
2026,7,NICARAGUA,0
2026,7,NIGER,0
2026,7,NIGERIA,9
2026,7,NORTH MACEDONIA,8
2026,7,NORWAY,1354
2026,7,OMAN,1288
2026,7,PAKISTAN,3125
2026,7,PALAU,1
2026,7,PALESTINIAN TERRITORIES,96
2026,7,PANAMA,0
2026,7,PAPUA NEW GUINEA,5
2026,7,PARAGUAY,2
2026,7,PERU,13
2026,7,PHILIPPINES,648
2026,7,POLAND,1201
2026,7,PORTUGAL,373
2026,7,QATAR,161
2026,7,REPUBLIC OF THE CONGO,0
2026,7,ROMANIA,184
2026,7,RUSSIA,1857
2026,7,RWANDA,6
2026,7,SAINT KITTS AND NEVIS,13
2026,7,SAINT LUCIA,12
2026,7,SAINT VINCENT AND THE GRENADINES,1
2026,7,SAMOA,1
2026,7,SAN MARINO,1
2026,7,SAO TOME AND PRINCIPE,0
2026,7,SAUDI ARABIA,1317
2026,7,SENEGAL,12
2026,7,SERBIA,41
2026,7,SEYCHELLES,192
2026,7,SIERRA LEONE,7
2026,7,SINGAPORE,938
2026,7,SLOVAKIA,304
2026,7,SLOVENIA,282
2026,7,SOLOMON ISLANDS,3
2026,7,SOMALIA,4
2026,7,SOUTH AFRICA,391
2026,7,SOUTH KOREA,1033
2026,7,SOUTH SUDAN,2
2026,7,SPAIN,4640
2026,7,SUDAN,249
2026,7,SURINAME,1
2026,7,SWAZILAND,0
2026,7,SWEDEN,555
2026,7,SWITZERLAND,4481
2026,7,SYRIAN ARAB,3
2026,7,TAJIKISTAN,14
2026,7,TANZANIA,21
2026,7,THAILAND,830
2026,7,TIMOR-LESTE,6
2026,7,TOGO,0
2026,7,TONGA,0
2026,7,TRINIDAD AND TOBAGO,2
2026,7,TUNISIA,114
2026,7,TURKEY,675
2026,7,TURKMENISTAN,13
2026,7,UGANDA,23
2026,7,UKRAINE,265
2026,7,UNITED ARAB EMIRATES,1206
2026,7,UNITED KINGDOM,21834
2026,7,UNITED STATES,5376
2026,7,URUGUAY,4
2026,7,UZBEKISTAN,24
2026,7,VANUATU,18
2026,7,VENEZUELA,18
2026,7,VIETNAM,443
2026,7,YEMEN,93
2026,7,ZAMBIA,6
2026,7,ZIMBABWE,10
2026,8,AFGHANISTAN,3
2026,8,ALBANIA,16
2026,8,ALGERIA,46
2026,8,ANDORRA,21
2026,8,ANGOLA,3
2026,8,ANTIGUA AND BARBUDA,2
2026,8,ARGENTINA,66
2026,8,ARMENIA,175
2026,8,AUSTRALIA,8900
2026,8,AUSTRIA,1201
2026,8,AZERBAIJAN,98
2026,8,BAHAMAS,1
2026,8,BAHRAIN,310
2026,8,BANGLADESH,3142
2026,8,BARBADOS,1
2026,8,BELARUS,61
2026,8,BELGIUM,1820
2026,8,BELIZE,2
2026,8,BENIN,1
2026,8,BHUTAN,42
2026,8,BOLIVIA,7
2026,8,BOSNIA AND HERZEGOVINA,8
2026,8,BOTSWANA,8
2026,8,BRAZIL,102
2026,8,BRUNEI,8
2026,8,BULGARIA,64
2026,8,BURKINA FASO,0
2026,8,BURUNDI,1
2026,8,CAMBODIA,75
2026,8,CAMEROON,3
2026,8,CANADA,4315
2026,8,CAPE VERDE,0
2026,8,CENTRAL AFRICAN,1
2026,8,CHAD,1
2026,8,CHILE,34
2026,8,CHINA,12321
2026,8,COLOMBIA,71
2026,8,COMOROS,18
2026,8,COSTA RICA,5
2026,8,COTE D IVOIRE,4
2026,8,CROATIA,67
2026,8,CUBA,7
2026,8,CYPRUS,264
2026,8,CZECHIA,740
2026,8,DEMOCRATIC REPUBLIC OF THE CONGO,2
2026,8,DENMARK,558
2026,8,DJIBOUTI,1
2026,8,DOMINICA,10
2026,8,DOMINICAN REPUBLIC,2
2026,8,ECUADOR,16
2026,8,EGYPT,323
2026,8,EL SALVADOR,4
2026,8,EQUATORIAL GUINEA,0
2026,8,ERITREA,11
2026,8,ESTONIA,25
2026,8,ETHIOPIA,23
2026,8,FIJI,21
2026,8,FINLAND,69
2026,8,FRANCE,10885
2026,8,GABON,0
2026,8,GAMBIA,1
2026,8,GEORGIA,15
2026,8,GERMANY,11405
2026,8,GHANA,5
2026,8,GREECE,644
2026,8,GRENADA,2
2026,8,GUATEMALA,9
2026,8,GUINEA,1
2026,8,GUINEA-BISSAU,1
2026,8,GUYANA,6
2026,8,HAITI,0
2026,8,HONDURAS,2
2026,8,HUNGARY,250
2026,8,ICELAND,22
2026,8,INDIA,47253
2026,8,INDONESIA,597
2026,8,IRAN,132
2026,8,IRAQ,214
2026,8,IRELAND,643
2026,8,ISRAEL,3755
2026,8,ITALY,8883
2026,8,JAMAICA,4
2026,8,JAPAN,5902
2026,8,JORDAN,253
2026,8,KAZAKHSTAN,77
2026,8,KENYA,81
2026,8,KIRIBATI,0
2026,8,KOSOVO,0
2026,8,KUWAIT,361
2026,8,KYRGYZSTAN,34
2026,8,LAOS,34
2026,8,LATVIA,29
2026,8,LEBANON,296
2026,8,LESOTHO,1
2026,8,LIBERIA,0
2026,8,LIBYA,4
2026,8,LIECHTENSTEIN,3
2026,8,LITHUANIA,132
2026,8,LUXEMBOURG,138
2026,8,MADAGASCAR,12
2026,8,MALAWI,3
2026,8,MALAYSIA,2850
2026,8,MALDIVES,3017
2026,8,MALI,0
2026,8,MALTA,84
2026,8,MARSHALL ISLANDS,0
2026,8,MAURITANIA,0
2026,8,MAURITIUS,77
2026,8,MEXICO,67
2026,8,MICRONESIA,0
2026,8,MOLDOVA,13
2026,8,MONACO,0
2026,8,MONGOLIA,12
2026,8,MONTENEGRO,6
2026,8,MOROCCO,136
2026,8,MOZAMBIQUE,1
2026,8,MYANMAR,1712
2026,8,NAMIBIA,0
2026,8,NAURU,1
2026,8,NEPAL,689
2026,8,NETHERLANDS,4312
2026,8,NEW ZEALAND,1228
2026,8,NICARAGUA,0
2026,8,NIGER,0
2026,8,NIGERIA,11
2026,8,NORTH MACEDONIA,11
2026,8,NORWAY,514
2026,8,OMAN,674
2026,8,PAKISTAN,2659
2026,8,PALAU,0
2026,8,PALESTINIAN TERRITORIES,103
2026,8,PANAMA,3
2026,8,PAPUA NEW GUINEA,20
2026,8,PARAGUAY,0
2026,8,PERU,20
2026,8,PHILIPPINES,573
2026,8,POLAND,1256
2026,8,PORTUGAL,602
2026,8,QATAR,154
2026,8,REPUBLIC OF THE CONGO,1
2026,8,ROMANIA,216
2026,8,RUSSIA,1639
2026,8,RWANDA,1
2026,8,SAINT KITTS AND NEVIS,22
2026,8,SAINT LUCIA,7
2026,8,SAINT VINCENT AND THE GRENADINES,0
2026,8,SAMOA,1
2026,8,SAN MARINO,0
2026,8,SAO TOME AND PRINCIPE,0
2026,8,SAUDI ARABIA,776
2026,8,SENEGAL,7
2026,8,SERBIA,48
2026,8,SEYCHELLES,655
2026,8,SIERRA LEONE,3
2026,8,SINGAPORE,1322
2026,8,SLOVAKIA,212
2026,8,SLOVENIA,133
2026,8,SOLOMON ISLANDS,0
2026,8,SOMALIA,6
2026,8,SOUTH AFRICA,340
2026,8,SOUTH KOREA,843
2026,8,SOUTH SUDAN,0
2026,8,SPAIN,7431
2026,8,SUDAN,150
2026,8,SURINAME,1
2026,8,SWAZILAND,1
2026,8,SWEDEN,286
2026,8,SWITZERLAND,1840
2026,8,SYRIAN ARAB,1
2026,8,TAJIKISTAN,10
2026,8,TANZANIA,19
2026,8,THAILAND,650
2026,8,TIMOR-LESTE,8
2026,8,TOGO,1
2026,8,TONGA,0
2026,8,TRINIDAD AND TOBAGO,8
2026,8,TUNISIA,62
2026,8,TURKEY,789
2026,8,TURKMENISTAN,12
2026,8,UGANDA,21
2026,8,UKRAINE,245
2026,8,UNITED ARAB EMIRATES,1305
2026,8,UNITED KINGDOM,19588
2026,8,UNITED STATES,4167
2026,8,URUGUAY,6
2026,8,UZBEKISTAN,47
2026,8,VANUATU,15
2026,8,VENEZUELA,13
2026,8,VIETNAM,698
2026,8,YEMEN,77
2026,8,ZAMBIA,11
2026,8,ZIMBABWE,16
2026,9,AFGHANISTAN,6
2026,9,ALBANIA,8
2026,9,ALGERIA,39
2026,9,ANDORRA,9
2026,9,ANGOLA,0
2026,9,ANTIGUA AND BARBUDA,0
2026,9,ARGENTINA,58
2026,9,ARMENIA,158
2026,9,AUSTRALIA,10951
2026,9,AUSTRIA,751
2026,9,AZERBAIJAN,38
2026,9,BAHAMAS,0
2026,9,BAHRAIN,127
2026,9,BANGLADESH,4220
2026,9,BARBADOS,20
2026,9,BELARUS,116
2026,9,BELGIUM,1373
2026,9,BELIZE,0
2026,9,BENIN,4
2026,9,BHUTAN,36
2026,9,BOLIVIA,7
2026,9,BOSNIA AND HERZEGOVINA,30
2026,9,BOTSWANA,4
2026,9,BRAZIL,129
2026,9,BRUNEI,5
2026,9,BULGARIA,74
2026,9,BURKINA FASO,4
2026,9,BURUNDI,2
2026,9,CAMBODIA,127
2026,9,CAMEROON,1
2026,9,CANADA,2805
2026,9,CAPE VERDE,0
2026,9,CENTRAL AFRICAN,0
2026,9,CHAD,3
2026,9,CHILE,39
2026,9,CHINA,11722
2026,9,COLOMBIA,85
2026,9,COMOROS,5
2026,9,COSTA RICA,7
2026,9,COTE D IVOIRE,1
2026,9,CROATIA,49
2026,9,CUBA,4
2026,9,CYPRUS,23
2026,9,CZECHIA,538
2026,9,DEMOCRATIC REPUBLIC OF THE CONGO,16
2026,9,DENMARK,572
2026,9,DJIBOUTI,3
2026,9,DOMINICA,10
2026,9,DOMINICAN REPUBLIC,5
2026,9,ECUADOR,14
2026,9,EGYPT,300
2026,9,EL SALVADOR,2
2026,9,EQUATORIAL GUINEA,0
2026,9,ERITREA,4
2026,9,ESTONIA,14
2026,9,ETHIOPIA,8
2026,9,FIJI,17
2026,9,FINLAND,142
2026,9,FRANCE,4876
2026,9,GABON,0
2026,9,GAMBIA,1
2026,9,GEORGIA,16
2026,9,GERMANY,7277
2026,9,GHANA,10
2026,9,GREECE,165
2026,9,GRENADA,2
2026,9,GUATEMALA,3
2026,9,GUINEA,1
2026,9,GUINEA-BISSAU,0
2026,9,GUYANA,0
2026,9,HAITI,2
2026,9,HONDURAS,5
2026,9,HUNGARY,142
2026,9,ICELAND,15
2026,9,INDIA,51931
2026,9,INDONESIA,1238
2026,9,IRAN,138
2026,9,IRAQ,291
2026,9,IRELAND,529
2026,9,ISRAEL,2549
2026,9,ITALY,2058
2026,9,JAMAICA,8
2026,9,JAPAN,5387
2026,9,JORDAN,186
2026,9,KAZAKHSTAN,82
2026,9,KENYA,127
2026,9,KIRIBATI,4
2026,9,KOSOVO,0
2026,9,KUWAIT,126
2026,9,KYRGYZSTAN,20
2026,9,LAOS,22
2026,9,LATVIA,38
2026,9,LEBANON,265
2026,9,LESOTHO,0
2026,9,LIBERIA,0
2026,9,LIBYA,3
2026,9,LIECHTENSTEIN,6
2026,9,LITHUANIA,105
2026,9,LUXEMBOURG,24
2026,9,MADAGASCAR,11
2026,9,MALAWI,2
2026,9,MALAYSIA,2122
2026,9,MALDIVES,4230
2026,9,MALI,5
2026,9,MALTA,58
2026,9,MARSHALL ISLANDS,0
2026,9,MAURITANIA,1
2026,9,MAURITIUS,66
2026,9,MEXICO,106
2026,9,MICRONESIA,1
2026,9,MOLDOVA,10
2026,9,MONACO,2
2026,9,MONGOLIA,16
2026,9,MONTENEGRO,2
2026,9,MOROCCO,87
2026,9,MOZAMBIQUE,2
2026,9,MYANMAR,169
2026,9,NAMIBIA,2
2026,9,NAURU,0
2026,9,NEPAL,781
2026,9,NETHERLANDS,2939
2026,9,NEW ZEALAND,1446
2026,9,NICARAGUA,2
2026,9,NIGER,4
2026,9,NIGERIA,22
2026,9,NORTH MACEDONIA,2
2026,9,NORWAY,523
2026,9,OMAN,317
2026,9,PAKISTAN,2617
2026,9,PALAU,1
2026,9,PALESTINIAN TERRITORIES,102
2026,9,PANAMA,3
2026,9,PAPUA NEW GUINEA,19
2026,9,PARAGUAY,0
2026,9,PERU,26
2026,9,PHILIPPINES,581
2026,9,POLAND,1317
2026,9,PORTUGAL,405
2026,9,QATAR,64
2026,9,REPUBLIC OF THE CONGO,2
2026,9,ROMANIA,138
2026,9,RUSSIA,2146
2026,9,RWANDA,3
2026,9,SAINT KITTS AND NEVIS,6
2026,9,SAINT LUCIA,5
2026,9,SAINT VINCENT AND THE GRENADINES,1
2026,9,SAMOA,1
2026,9,SAN MARINO,2
2026,9,SAO TOME AND PRINCIPE,0
2026,9,SAUDI ARABIA,536
2026,9,SENEGAL,5
2026,9,SERBIA,58
2026,9,SEYCHELLES,270
2026,9,SIERRA LEONE,3
2026,9,SINGAPORE,1159
2026,9,SLOVAKIA,197
2026,9,SLOVENIA,128
2026,9,SOLOMON ISLANDS,0
2026,9,SOMALIA,8
2026,9,SOUTH AFRICA,333
2026,9,SOUTH KOREA,684
2026,9,SOUTH SUDAN,6
2026,9,SPAIN,3430
2026,9,SUDAN,98
2026,9,SURINAME,1
2026,9,SWAZILAND,0
2026,9,SWEDEN,431
2026,9,SWITZERLAND,1950
2026,9,SYRIAN ARAB,5
2026,9,TAJIKISTAN,6
2026,9,TANZANIA,10
2026,9,THAILAND,651
2026,9,TIMOR-LESTE,1
2026,9,TOGO,0
2026,9,TONGA,0
2026,9,TRINIDAD AND TOBAGO,5
2026,9,TUNISIA,53
2026,9,TURKEY,575
2026,9,TURKMENISTAN,9
2026,9,UGANDA,9
2026,9,UKRAINE,231
2026,9,UNITED ARAB EMIRATES,375
2026,9,UNITED KINGDOM,10738
2026,9,UNITED STATES,3176
2026,9,URUGUAY,5
2026,9,UZBEKISTAN,37
2026,9,VANUATU,3
2026,9,VENEZUELA,9
2026,9,VIETNAM,587
2026,9,YEMEN,48
2026,9,ZAMBIA,3
2026,9,ZIMBABWE,20
